"z","experiment","participant_id","condition","array_length","n_trials","slope_fwd","slope_rev","r","bias","abs_error","sd_response","sd_objective","mean_rt"
1.52025423490608,"exp2_batch2","average.55a56724fdf99b7973398109","average","2",31,1.07993344907407,0.764687804128464,0.908741953349427,-3.64516129032258,3.83870967741935,6.47957917125481,5.45243360877182,4005.96774193548
1.08114885670914,"exp2_batch2","average.55a56724fdf99b7973398109","average","10",32,0.911516397878558,0.69098069783184,0.793624745513452,-3.16875,4.21875,7.01028909716329,6.10360813437958,3486.53125
1.5414210925515,"exp2_batch2","average.55a56724fdf99b7973398109","average","20",29,1.0062272677174,0.827247191011236,0.912358855241803,-4.05172413793103,4.1551724137931,7.37323077217202,6.68540060735243,3778.44827586207
1.4096515356621,"exp2_batch2","average.55d35a63da14d7001295328e","average","2",31,1.06211337826609,0.741459877537867,0.887420112111791,-2.67741935483871,3.90322580645161,8.16891564381093,6.82531656676517,2107.96774193548
0.97280422490244,"exp2_batch2","average.55d35a63da14d7001295328e","average","10",30,0.833263069139966,0.674938106485302,0.749933995821939,-1.83333333333333,3.64666666666667,6.35546646777312,5.71989872107106,1966.86666666667
1.28845735874281,"exp2_batch2","average.55d35a63da14d7001295328e","average","20",32,1.18581603537279,0.621853154840773,0.858721982167305,-4.03125,5.46875,9.39436172701821,6.80303241209389,1973.21875
1.36153432442945,"exp2_batch2","average.55d4d11258c35800113dc2ab","average","2",27,0.986699474629248,0.779049619322657,0.87674845314707,-5.40740740740741,5.40740740740741,7.36608846398543,6.54526209104386,2898.59259259259
0.883872229876792,"exp2_batch2","average.55d4d11258c35800113dc2ab","average","10",32,0.80670253712996,0.62199536972296,0.708353896607197,-2.95,5.625,8.05468957772728,7.07270708313804,2737.5
1.21651980004729,"exp2_batch2","average.55d4d11258c35800113dc2ab","average","20",32,1.04304563707939,0.674266934359774,0.838624578766241,-2.5,4.59375,8.87860558290401,7.13853411806925,2874.25
1.13923275146823,"exp2_batch2","average.56e6a66af6ed900006a5867c","average","2",32,0.461843320718734,1.4352254838411,0.814155576924536,-5.875,5.9375,3.29940732703275,5.8163250508181,2386.75
1.26423133127754,"exp2_batch2","average.56e6a66af6ed900006a5867c","average","10",32,0.710004682378648,1.02293681133348,0.852226452196983,-5.325,5.375,4.23455447631781,5.08278244855658,2337.5
1.14772479173164,"exp2_batch2","average.56e6a66af6ed900006a5867c","average","20",30,0.530263157894737,1.25878494455724,0.816998947252242,-4.8,5.23333333333333,4.69886266503157,7.23973708800591,2485.73333333333
1.61507429652713,"exp2_batch2","average.57bfc1beef05670001ee84c2","average","2",31,0.938494651708844,0.909544879898862,0.923906383392953,-1.48387096774194,2.64516129032258,7.14368658778618,7.03264278320242,1641.67741935484
1.03820666129472,"exp2_batch2","average.57bfc1beef05670001ee84c2","average","10",32,0.69626824650339,0.867491883116883,0.777178906245992,-0.418750000000001,3.53125,6.30412051628702,7.03669815806689,1728.78125
1.0616629237366,"exp2_batch2","average.57bfc1beef05670001ee84c2","average","20",31,0.659759676395939,0.937109220976736,0.786299482626857,-0.0806451612903226,3.37096774193548,6.17887486713042,7.3639634022208,1813.61290322581
0.953347794213298,"exp2_batch2","average.5930c7fdfa699e0001017cc1","average","2",32,0.5255665548556,1.04557291666667,0.741294918141775,-2.4375,4.0625,4.97736813470604,7.02041952610958,1460.3125
0.729896951995637,"exp2_batch2","average.5930c7fdfa699e0001017cc1","average","10",31,0.416559786898185,0.931755489352312,0.623002301830268,-0.232258064516129,4.23225806451613,4.41478454521228,6.60270391012131,1438.1935483871
0.7821183620042,"exp2_batch2","average.5930c7fdfa699e0001017cc1","average","20",32,0.471933243666109,0.906086956521739,0.653920909923254,1.8125,4.28125,4.37355967074286,6.06009887601653,1467.5625
1.27902595754019,"exp2_batch2","average.593890eac6aa16000101f037","average","2",29,0.794038062595833,0.923282642894599,0.856225181241703,-6.93103448275862,7,6.85349862112437,7.39024786775099,1888.34482758621
0.999908897994706,"exp2_batch2","average.593890eac6aa16000101f037","average","10",32,0.495416434913376,1.17066640704863,0.761555892796374,-6.6375,6.8,4.55067790058126,6.99531813475639,1927.875
1.13632006390826,"exp2_batch2","average.593890eac6aa16000101f037","average","20",31,0.604856628928155,1.09323006310958,0.81317123080897,-4.53225806451613,4.91935483870968,4.74239629097413,6.37569308903679,1880.48387096774
0.784851977159929,"exp2_batch2","average.5969496f06679c00014b818e","average","2",30,0.710920177383592,0.604368417332297,0.655482801036699,-8.76666666666667,9.16666666666667,6.98446552147619,6.43981865954439,2329.5
0.833771295392782,"exp2_batch2","average.5969496f06679c00014b818e","average","10",30,0.855566167887084,0.544435440302539,0.68249581927039,-3.3,4.95333333333333,7.14577280393921,5.7002722258043,2239.36666666667
1.05769191193305,"exp2_batch2","average.5969496f06679c00014b818e","average","20",31,0.868976177486816,0.708739664058734,0.784778875930697,-4.59677419354839,5.33870967741935,7.61563191484237,6.87773406046291,2259.96774193548
0.748190889684505,"exp2_batch2","average.5a33d736bf4d770001e6097a","average","2",29,0.659484268796861,0.609632076693872,0.634068422438439,-3.79310344827586,4.82758620689655,6.16641148009699,5.92876431521938,3684.27586206897
0.630576601543446,"exp2_batch2","average.5a33d736bf4d770001e6097a","average","10",32,0.686348684210526,0.454383362142886,0.558449122780155,-2.41875,5.66875,8.606015806662,7.0023037683691,3571.65625
0.810234454227807,"exp2_batch2","average.5a33d736bf4d770001e6097a","average","20",30,0.899022801302932,0.498902040597718,0.669719575728461,0.133333333333334,5.6,9.26518635327534,6.90202369124323,3872.43333333333
1.42555456520497,"exp2_batch2","average.5a937cb0dbdb470001ee923b","average","2",31,0.764971623155505,1.03721374045802,0.890751973670202,-4.03225806451613,4.16129032258065,5.91044273581373,6.88226644339272,2263.06451612903
1.56046411847787,"exp2_batch2","average.5a937cb0dbdb470001ee923b","average","10",32,0.797519547047722,1.05092373282804,0.915495614072903,-1.7625,2.55,5.83509957899385,6.69827854630359,2331.1875
1.1724450777126,"exp2_batch2","average.5a937cb0dbdb470001ee923b","average","20",31,0.681179644618104,0.999317592466221,0.82505442396048,-1.30645161290323,3.20967741935484,5.6137312453148,6.79943071620824,2444.12903225806
1.57710541828636,"exp2_batch2","average.5c476621b521ee00019abf67","average","2",31,1.13597642646665,0.742090158196836,0.918148640485032,-6.54838709677419,6.54838709677419,7.83869640248445,6.33559665274207,2232.77419354839
1.06219508560383,"exp2_batch2","average.5c476621b521ee00019abf67","average","10",31,0.663018051816216,0.93298552884914,0.786502541451888,-5.03870967741936,5.43870967741936,5.88436967326263,6.98031024975221,2045.61290322581
0.800296658119455,"exp2_batch2","average.5c476621b521ee00019abf67","average","20",31,0.486092835428105,0.907573703829211,0.664202585853389,-6.14516129032258,6.62903225806452,5.03834757004309,6.88445342236631,2120.77419354839
1.58580311858942,"exp2_batch2","average.5d9420526928f000181e12f1","average","2",31,1.02143467439355,0.827743994220001,0.919503353565023,-4.25806451612903,4.45161290322581,8.4520150934428,7.60856902318992,2729.38709677419
0.79103520164813,"exp2_batch2","average.5d9420526928f000181e12f1","average","10",30,0.420910459658135,1.03175033921303,0.658995075497982,-0.5,4.32666666666667,4.60197358961785,7.20504293381802,2928.43333333333
0.787453760159559,"exp2_batch2","average.5d9420526928f000181e12f1","average","20",31,0.632987963767217,0.681848559780793,0.656964178211608,-1.82258064516129,4.04838709677419,5.67260915484717,5.8874753155659,2879.96774193548
1.13046583649177,"exp2_batch2","average.5e3a8aeedc1d57292aea3f22","average","2",32,0.950856332497,0.692019133437866,0.811178633371517,-2.65625,3.96875,7.12666222828955,6.07977875234119,3262.59375
0.728658959577401,"exp2_batch2","average.5e3a8aeedc1d57292aea3f22","average","10",32,0.491348177689155,0.788011228369399,0.622244229429166,-4.1375,5.6625,5.3263458090345,6.74529405848877,2987.3125
0.522817424206995,"exp2_batch2","average.5e3a8aeedc1d57292aea3f22","average","20",31,0.481909829179502,0.477841950352641,0.479871579351436,-5.7258064516129,6.66129032258065,6.2229198277654,6.19659983074311,2880.77419354839
1.32103356476492,"exp2_batch2","average.5f4a4da1575d605c43bef871","average","2",32,0.635264341957255,1.18338080738631,0.867040731389886,-5.78125,6.21875,5.54881199142024,7.57329774336632,2920.40625
0.845934071672947,"exp2_batch2","average.5f4a4da1575d605c43bef871","average","10",26,0.635622721874104,0.746728252501925,0.688939361885766,-4.08461538461539,4.93076923076923,5.65467811775212,6.12899791031253,3321.53846153846
1.11295878174138,"exp2_batch2","average.5f4a4da1575d605c43bef871","average","20",31,0.708434466019417,0.914968652037618,0.805105787105506,-3.5,4.2741935483871,5.73838237293965,6.52142869761408,2947.38709677419
1.5986400477295,"exp2_batch2","average.603470186bba1c26a354c27e","average","2",29,0.848193113914445,1.00106347251763,0.921463587984212,-5.86206896551724,5.86206896551724,6.6336208897083,7.20666084890451,3431.55172413793
1.52910663439273,"exp2_batch2","average.603470186bba1c26a354c27e","average","10",31,0.788472848461086,1.05088510026782,0.910271590468185,-5.03870967741936,5.14193548387097,5.73782019979376,6.62416559971693,3615.09677419355
1.52561166440298,"exp2_batch2","average.603470186bba1c26a354c27e","average","20",31,0.953650589692993,0.86771890266817,0.909670623477123,-5.91935483870968,6.01612903225806,7.17657479626957,6.8456092198867,3851.77419354839
1.30350744982284,"exp2_batch2","average.605fbc12c61d8d10250f6e51","average","2",31,1.03478497797557,0.719105023983842,0.862623368803119,-3.19354838709677,3.90322580645161,8.25507338302572,6.88164146460071,1906.38709677419
1.04352546474653,"exp2_batch2","average.605fbc12c61d8d10250f6e51","average","10",32,0.835098225370627,0.727186009538951,0.77927642469173,-0.6375,3.85,6.89604550074803,6.43508214850941,1928.9375
1.11075585331556,"exp2_batch2","average.605fbc12c61d8d10250f6e51","average","20",30,0.800339322896584,0.808339391421747,0.804329410876612,-2.53333333333333,3.8,6.65366548361248,6.68683730200221,1925.83333333333
1.04706448845122,"exp2_batch2","average.607b73619e1bfba7bfb23cce","average","2",30,1.10867697594502,0.54969473235837,0.78066247095911,-0.2,5.2,9.85620756610812,6.94013812840777,1752.66666666667
1.2309361995713,"exp2_batch2","average.607b73619e1bfba7bfb23cce","average","10",32,1.33713200379867,0.531284302963776,0.842850665663102,0.8625,5.15,10.8419733949486,6.83415284883872,1840.65625
1.13819792951336,"exp2_batch2","average.607b73619e1bfba7bfb23cce","average","20",31,1.31440778425368,0.503862539051406,0.813806391915787,0.435483870967742,5.24193548387097,10.6574220692103,6.59846837881614,1633.45161290323
1.28670970980789,"exp2_batch2","average.60c119b30aa5205b493541b6","average","2",32,1.21444568868981,0.606543624161074,0.858262366275435,-0.25,4.375,10.7403369923703,7.59031641144205,2324.6875
0.767642345719773,"exp2_batch2","average.60c119b30aa5205b493541b6","average","10",32,0.605291354158081,0.6885,0.645556424596517,1.51875,4.11875,5.67961834247065,6.05743677825701,2663.375
0.9043260689705,"exp2_batch2","average.60c119b30aa5205b493541b6","average","20",31,0.721572412748884,0.715237130421732,0.718397788057561,-0.338709677419355,3.66129032258065,7.57074164347576,7.53743346410477,2573.74193548387
1.08942252711216,"exp2_batch2","average.6143af8721d1445864c4f6c8","average","2",32,0.979198236671718,0.64816165742632,0.796667278121846,-1.28125,3.71875,7.43466162971706,6.0487768691615,2289.78125
0.400618386308303,"exp2_batch2","average.6143af8721d1445864c4f6c8","average","10",31,0.28844714686623,0.501871744791667,0.380477953208767,1.50967741935484,5.74193548387097,5.14060370497599,6.78074440040737,2229.16129032258
0.894364795866334,"exp2_batch2","average.6143af8721d1445864c4f6c8","average","20",31,0.60983054158324,0.834893360968109,0.713542900240366,5.82258064516129,6.01612903225806,5.67147171357219,6.63600475736606,2379.25806451613
1.03409151758945,"exp2_batch2","average.616964223dcbf0aa539dbae2","average","2",30,1.10842884357141,0.542631747924597,0.775544119207407,0.866666666666666,4.4,8.67079919157915,6.06677402961712,2775.76666666667
1.3850038406246,"exp2_batch2","average.616964223dcbf0aa539dbae2","average","10",31,1.36530300039479,0.56986755648932,0.882066825531102,4.25161290322581,5.83870967741935,10.2179475244739,6.60140095916434,2617.32258064516
1.17217148073032,"exp2_batch2","average.616964223dcbf0aa539dbae2","average","20",30,0.923778693349029,0.736724755031391,0.824967048772726,4.8,5.06666666666667,7.66609193248042,6.8460912583197,2719.03333333333
1.66377827078205,"exp2_batch2","average.627cea14552eb015f1daf9a1","average","2",31,1.33642133756475,0.648184616777582,0.930724316080113,0.548387096774193,3.12903225806452,9.74712529994886,6.78819341890559,1669.8064516129
1.3308801399987,"exp2_batch2","average.627cea14552eb015f1daf9a1","average","10",32,0.883594576401577,0.855559952512861,0.869464279787706,1.45625,2.98125,6.58068716384445,6.4754499158671,1601.6875
1.39052483869109,"exp2_batch2","average.627cea14552eb015f1daf9a1","average","20",32,1.09637174395088,0.711615107230974,0.883286304737378,1.65625,3.1875,7.98360214601194,6.43194835780103,1749.53125
0.584368726058155,"exp2_batch2","average.628f83dc5398c04bac86f9e6","average","2",28,0.368172284422912,0.7510093401627,0.525833456895475,-11.1428571428571,11.1428571428571,4.68519564170571,6.69152112949328,1465.39285714286
0.712458377484604,"exp2_batch2","average.628f83dc5398c04bac86f9e6","average","10",28,0.526432327705508,0.711978609625668,0.612216102974899,-7.02142857142857,7.07857142857143,4.97347461393438,5.78391767781179,1529.5
0.711866165539733,"exp2_batch2","average.628f83dc5398c04bac86f9e6","average","20",31,0.602397069732938,0.621442579040513,0.611845722892041,-6.56451612903226,7.46774193548387,6.70531806274547,6.81049159010748,1621.22580645161
0.678229696624513,"exp2_batch2","average.6290c65ed46e5dce4f16bb92","average","2",29,0.446430514745892,0.78071177086307,0.590367307474404,-7.3448275862069,7.68965517241379,5.08765530015566,6.72800192124057,2602.96551724138
0.461378821084678,"exp2_batch2","average.6290c65ed46e5dce4f16bb92","average","10",30,0.279892761394102,0.664324984728161,0.431207321875058,-6.56666666666667,7.9,4.7517691805082,7.32065256811089,2643
0.546716958695966,"exp2_batch2","average.6290c65ed46e5dce4f16bb92","average","20",31,0.289427086308334,0.857070365358593,0.498055597907459,-7.14516129032258,7.37096774193548,3.56566662696103,6.13591577236776,2637.87096774194
0.673897226184908,"exp2_batch2","average.62b0b6c050a175081568bf35","average","2",32,0.662354405619276,0.521171840839528,0.587537628467122,2.15625,5.15625,7.59184356462101,6.73430073961751,4978.84375
0.761012151378927,"exp2_batch2","average.62b0b6c050a175081568bf35","average","10",31,0.788406048014774,0.522248556902022,0.641672752131912,-0.00645161290322555,5.15483870967742,7.50039425487052,6.10446689965899,5095.61290322581
0.950526943543316,"exp2_batch2","average.62b0b6c050a175081568bf35","average","20",32,0.903854141617297,0.605885197614268,0.740021516719798,2.5625,5,8.29393239158175,6.79057399350676,4989.28125
1.20456615799955,"exp2_batch2","average.631fdedf78d4f7b0a6b985ad","average","2",32,0.993670716335452,0.701736775317714,0.835042085292043,2.125,3.875,7.29553276924289,6.13088098179236,1589.15625
0.939167053831006,"exp2_batch2","average.631fdedf78d4f7b0a6b985ad","average","10",32,0.593647540983606,0.909611837199262,0.734839322847466,4.20625,4.39375,5.06798537946309,6.2733435032427,1565.75
0.783270425920337,"exp2_batch2","average.631fdedf78d4f7b0a6b985ad","average","20",30,0.617374241883696,0.69402760602921,0.654579840140712,5.33333333333333,6.4,5.86446536548631,6.21788299709131,1709.4
0.879497424002795,"exp2_batch2","average.63251e479509813fab713ad2","average","2",30,0.49867247397154,1,0.706167454624992,-8.16666666666667,8.16666666666667,4.38335409286636,6.20724456240217,3302.4
0.825917836356528,"exp2_batch2","average.63251e479509813fab713ad2","average","10",32,0.562688756579515,0.817611902871233,0.67827798504096,-10.325,10.375,4.91120755796569,5.92008268795784,3511.34375
0.963595746733381,"exp2_batch2","average.63251e479509813fab713ad2","average","20",31,0.810731034482758,0.686209956103484,0.745876469386282,-8.30645161290323,8.5,6.78613387012265,6.24327595286769,3629.12903225806
1.32487764997169,"exp2_batch2","average.633f4f203450d46b01e3d16b","average","2",32,0.834311605395943,0.903031654034775,0.867991813902128,-0.4375,2.4375,6.01476677476681,6.25757605343444,1633.71875
1.00080986429584,"exp2_batch2","average.633f4f203450d46b01e3d16b","average","10",32,0.608830631252156,0.953538627768774,0.761934068451974,3.3,4.575,5.46395815409282,6.83798687598397,1672.375
0.85418881853009,"exp2_batch2","average.633f4f203450d46b01e3d16b","average","20",31,0.624900779754401,0.769078266865877,0.693251475769543,2.91935483870968,4.79032258064516,6.11748771261361,6.78660920608584,1663.77419354839
0.983247649643175,"exp2_batch2","average.63e63f77c742a91baf498dd0","average","2",30,0.831165251901665,0.684848760105369,0.754468350699697,-5.2,5.66666666666667,7.11449871417677,6.45799869359206,2444.5
0.439545752485926,"exp2_batch2","average.63e63f77c742a91baf498dd0","average","10",31,0.259084288755275,0.659207525655644,0.413267846470805,-4.58709677419355,7.45161290322581,4.75733728723497,7.58847456585045,2430.61290322581
0.547704838391969,"exp2_batch2","average.63e63f77c742a91baf498dd0","average","20",32,0.423000168305643,0.588178262177794,0.498798059233321,-4.8125,5.90625,5.49110350857963,6.47506071711475,2733.9375
1.15010044262646,"exp2_batch2","average.640415971520c41606ca4389","average","2",31,0.916410961802984,0.729777553083923,0.817787349696647,-5.48387096774194,6,7.14458965164008,6.37569308903678,1730.25806451613
1.34555265758912,"exp2_batch2","average.640415971520c41606ca4389","average","10",32,0.84850815133805,0.898197743516272,0.872999488480377,-3.54375,4.14375,7.86882118072291,8.09594681545708,1589.53125
1.30189728793018,"exp2_batch2","average.640415971520c41606ca4389","average","20",30,1.0169263836647,0.731033683559951,0.862210786385616,-4.9,5.43333333333333,7.71444383466241,6.54076518424277,1931.83333333333
1.41865391830289,"exp2_batch2","average.651b249337102ada9fee4951","average","2",31,1.02736790198384,0.769817809737657,0.889317776781715,-2.74193548387097,3.7741935483871,8.69841167060963,7.52958323255105,3483.90322580645
1.13804782177451,"exp2_batch2","average.651b249337102ada9fee4951","average","10",31,0.708191678808483,0.935055219095119,0.813755691463726,-0.748387096774194,3.10967741935484,5.4938871210578,6.31281339049602,2947.51612903226
1.10602744862553,"exp2_batch2","average.651b249337102ada9fee4951","average","20",30,0.708734270910437,0.909018987341772,0.802653667055359,-2.03333333333333,3.33333333333333,5.3904982389727,6.10483132586326,3148.6
1.31226834556176,"exp2_batch2","average.6572244f5a6d2b943074aa73","average","2",31,1.09125386996904,0.685415653864851,0.864848243807768,-3.2258064516129,3.80645161290323,6.65105699417656,5.27114278279,2077.1935483871
1.21221379342453,"exp2_batch2","average.6572244f5a6d2b943074aa73","average","10",31,0.871218246032084,0.804783616996187,0.83734232619328,1.25161290322581,3.6,7.39674441609207,7.10913390971337,2174.8064516129
1.2162384337279,"exp2_batch2","average.6572244f5a6d2b943074aa73","average","20",31,1.13241580648525,0.620930166080668,0.838541075197427,2.95161290322581,4.59677419354839,8.6736530980041,6.42274185245101,2426.90322580645
1.28426556632186,"exp2_batch2","average.657b80c8ff78a49936e4cff3","average","2",30,0.711068271581719,1.03436954960501,0.857617261844929,-1.83333333333333,3.43333333333333,5.79744295595793,6.99227817116771,2947.5
1.11377574984787,"exp2_batch2","average.657b80c8ff78a49936e4cff3","average","10",32,0.717719511441577,0.903776325344953,0.805393011317483,-1.04375,3.41875,6.23433520785264,6.99589453340891,2495.5
1.15647973178635,"exp2_batch2","average.657b80c8ff78a49936e4cff3","average","20",32,0.720223758837697,0.933346757954088,0.819889328088049,1.8125,3.71875,6.32837950005957,7.20410949031087,2691.59375
1.38637846230941,"exp2_batch2","average.6604664cb53a76971c8a1dce","average","2",31,0.884729918202722,0.880019496831765,0.882371564279339,-6.48387096774194,6.54838709677419,7.57343972362043,7.5532518098648,5044.67741935484
1.23074732187625,"exp2_batch2","average.6604664cb53a76971c8a1dce","average","10",32,0.793573247092823,0.895071788901824,0.842795957453524,-3.95,4.5125,6.2423340082831,6.62952523478942,4921.96875
1.096724057078,"exp2_batch2","average.6604664cb53a76971c8a1dce","average","20",30,0.599813928761297,1.06518232957004,0.79931920904387,-2.13333333333333,3.8,5.40551017295177,7.20344745052074,5393.1
0.971575079496142,"exp2_batch2","average.662613a0c132844f74a62143","average","2",30,0.734465254682304,0.764629507300517,0.749395627033597,-7.63333333333333,7.7,7.1035849780396,7.24798822662767,2466.2
0.781433549232956,"exp2_batch2","average.662613a0c132844f74a62143","average","10",31,0.737117621714778,0.579418836996647,0.653528756141389,-4.39354838709678,5.91612903225806,7.96862125660285,7.06498255444581,2109.41935483871
1.0501104091201,"exp2_batch2","average.662613a0c132844f74a62143","average","20",32,0.901489482660603,0.678086995193541,0.78184927863106,-6.375,6.53125,7.67687930128197,6.65805054777855,2160.78125
0.772560180862815,"exp2_batch2","average.6627e29477d23bd171a6728a","average","2",31,0.563344373747058,0.746333718244804,0.648415685429441,-7.93548387096774,8.06451612903226,6.10305758025901,7.02468764851077,2712.74193548387
0.935638683969867,"exp2_batch2","average.6627e29477d23bd171a6728a","average","10",30,0.589341367130688,0.912204534491076,0.733212020809659,-5.46666666666667,5.81333333333333,5.34725195294516,6.6526288987413,2712.13333333333
0.952082077138529,"exp2_batch2","average.6627e29477d23bd171a6728a","average","20",31,0.575869035901155,0.952772777920631,0.740724200397165,-4.98387096774194,5.17741935483871,5.00902411460009,6.44296732546342,2986.54838709677
0.975500857989538,"exp2_batch2","average.667871d17d7fdf0358f82a28","average","2",31,0.638119904891304,0.884110830048826,0.751111655337693,-7.96774193548387,8.03225806451613,6.0462376108876,7.11684356759311,2277.03225806452
0.970108253393372,"exp2_batch2","average.667871d17d7fdf0358f82a28","average","10",32,0.767391534952795,0.730564924966169,0.748751854189665,-4.825,5.5375,7.06472096109001,6.89312127905363,2125.5625
1.17250573419866,"exp2_batch2","average.667871d17d7fdf0358f82a28","average","20",29,0.868262932008132,0.784032962101742,0.825073789709429,-4.81034482758621,5.12068965517241,7.77025400425497,7.38374596214534,2426.20689655172
1.5467722802191,"exp2_batch2","average.6683fb33cc602af8407e62e9","average","2",32,0.869014790674354,0.95973975036338,0.913251355467864,-2.71875,3.21875,6.61003330722173,6.94651223694773,2907.25
1.26260720896701,"exp2_batch2","average.6683fb33cc602af8407e62e9","average","10",32,0.714806511355882,1.01500387553981,0.851781297803204,-2.35625,3.75625,6.03451096449788,7.19087403274725,3176.53125
1.34188984792301,"exp2_batch2","average.6683fb33cc602af8407e62e9","average","20",31,1.06881907769369,0.711629087218154,0.872125417964933,-5.04838709677419,5.56451612903226,7.70225494143083,6.2848170006121,3457.61290322581
0.793657765012443,"exp2_batch2","average.669eb709554e753adddffe01","average","2",31,0.628952898365025,0.693579381676369,0.660476163348515,-6.19354838709677,7.2258064516129,6.16842462591474,6.47758749728217,1623.87096774194
0.948000941129379,"exp2_batch2","average.669eb709554e753adddffe01","average","10",29,0.740850722311396,0.736907929749867,0.738876696094947,-1.23448275862069,4.1448275862069,6.80299846959706,6.78487160959002,1546.27586206897
1.2927943340753,"exp2_batch2","average.669eb709554e753adddffe01","average","20",31,0.835998250388803,0.88439588688946,0.859856624147678,-1.82258064516129,3.30645161290323,6.46745367120997,6.65202693662551,1601.16129032258
0.8801184112096,"exp2_batch2","average.66a428de01ccbc61556d585b","average","2",31,0.649311653730667,0.768678739101274,0.706478636105475,-5.93548387096774,6.25806451612903,5.6625538521971,6.16109891049854,1683.12903225806
0.77168862685897,"exp2_batch2","average.66a428de01ccbc61556d585b","average","10",31,0.558006491006106,0.752299021062,0.647910284630623,-1.13548387096774,4.36129032258065,5.38496513102597,6.25256936434247,1615.96774193548
0.847162495744026,"exp2_batch2","average.66a428de01ccbc61556d585b","average","20",32,0.521503969292506,0.911836485661989,0.68958418385173,0.4375,4.0625,5.14154489146674,6.79865973509106,1888.0625
0.989844151569028,"exp2_batch2","average.66cc97280604bbb0c7bc71bd","average","2",31,0.621797918977447,0.922320589157004,0.757295862241355,-5.74193548387097,6.06451612903226,5.23922345062619,6.38091913694713,1633.83870967742
0.891265915441468,"exp2_batch2","average.66cc97280604bbb0c7bc71bd","average","10",32,0.584911761988358,0.866746534314564,0.712018428541871,-3.85625,5.04375,5.42684114736277,6.60614327972517,1570.25
0.976070409792243,"exp2_batch2","average.66cc97280604bbb0c7bc71bd","average","20",31,0.70899502970057,0.796255956432948,0.751359777656772,-3.69354838709677,4.66129032258065,5.62062254999056,5.95647294063132,1665.16129032258
1.2504210960827,"exp2_batch2","average.66ccbb7d4109382e498e3c82","average","2",30,0.841756624141315,0.85509919250324,0.848401679387478,-5.8,5.8,6.7911368878771,6.84474796560426,2392.06666666667
0.946460061688181,"exp2_batch2","average.66ccbb7d4109382e498e3c82","average","10",29,0.711075116420328,0.766310277111063,0.738176245561209,-4.57931034482759,5.21379310344828,5.81932401741856,6.04111528541093,2266.13793103448
0.898686291570183,"exp2_batch2","average.66ccbb7d4109382e498e3c82","average","20",31,0.73758865248227,0.694378634503554,0.715657600627531,-5.98387096774194,6.56451612903226,7.06574349823114,6.85565460040104,2479.09677419355
1.37008781320787,"exp2_batch2","average.66f9a40196d53f05f2232cff","average","2",27,1.16215919085312,0.664397050196933,0.878712204457221,-0.851851851851852,3.2962962962963,8.2458657516541,6.23472492350664,4376.25925925926
0.677060592378598,"exp2_batch2","average.66f9a40196d53f05f2232cff","average","10",27,0.732398956975228,0.474651457541192,0.589605149595847,2.24444444444444,5.4,7.7905267917072,6.27162924074226,4447.74074074074
1.02462750068847,"exp2_batch2","average.66f9a40196d53f05f2232cff","average","20",31,0.626222516361497,0.951083314719678,0.771744638214734,3.33870967741935,3.79032258064516,4.38815610233896,5.40787955582616,4337.70967741936
0.628759109555705,"exp2_batch2","average.6704304cf839621ba18d9529","average","2",31,0.633638074751277,0.489977959828669,0.557197174379408,0.32258064516129,4.90322580645161,7.19124318144114,6.32370518856058,2287.06451612903
0.432701373538128,"exp2_batch2","average.6704304cf839621ba18d9529","average","10",29,0.466927763272411,0.355769230769231,0.407576411442349,4.24827586206897,5.79310344827586,5.78174466995659,5.04682507619926,2192.8275862069
0.693884340374672,"exp2_batch2","average.6704304cf839621ba18d9529","average","20",30,0.752057008521893,0.479439865118022,0.600471573620933,3.5,5.06666666666667,7.0060728993684,5.59392116703377,2294.86666666667
1.14137715196789,"exp2_batch2","average.6712acd49ca5448a6e983e6c","average","2",31,0.640805298228506,1.03623521681997,0.814877301898393,-2.67741935483871,4.03225806451613,5.72111726813032,7.27523417204316,2074.16129032258
0.963289796789,"exp2_batch2","average.6712acd49ca5448a6e983e6c","average","10",30,0.536963321012226,1.03569306704447,0.745740698118009,-0.433333333333333,3.79333333333333,5.01503486654317,6.96493681432834,2093.3
1.12686824231922,"exp2_batch2","average.6712acd49ca5448a6e983e6c","average","20",30,0.493986347383249,1.32799300903,0.809944699273488,1.16666666666667,3.93333333333333,4.44183352428603,7.28287236501214,2211.2
0.601152262410388,"exp2_batch2","average.671912820d4a64051a764936","average","2",31,0.41405309178491,0.698710019438063,0.537868983870073,-6,6.96774193548387,4.93353675837492,6.40883127251529,4629.93548387097
0.707392392785733,"exp2_batch2","average.671912820d4a64051a764936","average","10",31,0.431598062953995,0.859430604982206,0.609039066360854,-2.55483870967742,4.49032258064516,4.32820209016785,6.1076366793099,4353.06451612903
0.614289545004837,"exp2_batch2","average.671912820d4a64051a764936","average","20",30,0.37269390632216,0.803237466603803,0.547139570066804,-2.03333333333333,4.8,4.68416260502823,6.87666385299779,4838.86666666667
1.55974682025477,"exp2_batch2","average.672c2b25d6aa996ff3d8244f","average","2",30,1.14991243432574,0.728681138189728,0.915379430325482,-5.6,5.73333333333333,8.81358669015218,7.01599158573002,2092.56666666667
1.23579886067656,"exp2_batch2","average.672c2b25d6aa996ff3d8244f","average","10",29,0.973456314134883,0.732198625858838,0.844253146599508,-2.57931034482759,3.86206896551724,7.43013435623638,6.44396078059697,2030.1724137931
1.43391258017447,"exp2_batch2","average.672c2b25d6aa996ff3d8244f","average","20",32,1.17434805747738,0.678244298272576,0.892465615119994,-2.5625,3.96875,9.05488417481719,6.88141196595301,2068.25
1.08477215929276,"exp2_batch2","average.672fcaf82c52010e8586b90a","average","2",31,0.929734721289456,0.679725859247136,0.794962094882751,-4,5.03225806451613,7.249768257327,6.19885525332,3750.32258064516
1.00133357854635,"exp2_batch2","average.672fcaf82c52010e8586b90a","average","10",31,0.818858679988471,0.709375390121094,0.762153656142162,-4.13548387096774,4.89677419354839,7.18885038740362,6.6910307481821,3896.77419354839
1.06698188756168,"exp2_batch2","average.672fcaf82c52010e8586b90a","average","20",32,0.792054017027106,0.784606436603335,0.788321431839193,-5.84375,6.375,7.21082295871529,7.17684167664391,4099.5625
1.26371403411496,"exp2_batch2","average.673a27fe372ce97a95aecf5c","average","2",31,1.03788948507954,0.699543176194404,0.852084800317034,-5.35483870967742,5.54838709677419,8.23342257580819,6.75946170790583,1922.67741935484
0.586686933558444,"exp2_batch2","average.673a27fe372ce97a95aecf5c","average","10",31,0.802636228708743,0.346689257257991,0.527508633085174,-5.00645161290323,7.2258064516129,8.39316157894763,5.51615418468767,1821.22580645161
0.896301514253187,"exp2_batch2","average.673a27fe372ce97a95aecf5c","average","20",31,0.762409413231513,0.66958664111689,0.714492237999538,-6.79032258064516,7.7258064516129,7.92762964750227,7.42938079012855,2060.54838709677
1.07520810705644,"exp2_batch2","average.674c8549a9fd90b7c8dda9d3","average","2",30,0.609918052810411,1.0269219264134,0.791415328223037,-3.5,4.83333333333333,5.5443872416217,7.19426655499835,2660.9
0.841185746658845,"exp2_batch2","average.674c8549a9fd90b7c8dda9d3","average","10",31,0.570248771343162,0.826297628661626,0.686436601229903,-2.13548387096774,4.36774193548387,5.41225212996213,6.51499511053712,2669.83870967742
1.20040700808493,"exp2_batch2","average.674c8549a9fd90b7c8dda9d3","average","20",31,0.67515923566879,1.02966367244621,0.833778710500995,-1.04838709677419,2.66129032258065,4.53753758241493,5.60357029044876,2501.12903225806
1.30452938342976,"exp2_batch2","average.675aaec58dfc729c338a52eb","average","2",32,1.24902470741222,0.596121024049651,0.862884631712659,-0.6875,3.8125,8.82970609235774,6.0999735589062,2172.25
1.17890629854469,"exp2_batch2","average.675aaec58dfc729c338a52eb","average","10",31,1.1555958693832,0.591993327773144,0.827106428627573,-0.0064516129032258,4.08387096774193,9.49985851620733,6.79943071620824,2014.83870967742
1.11030425222749,"exp2_batch2","average.675aaec58dfc729c338a52eb","average","20",30,1.03509145044662,0.624765327899103,0.804169913291861,-7,7.63333333333333,8.46364775574535,6.5754681665411,2234.46666666667
1.47413656443109,"exp2_batch2","average.675c61776fc3233ee8002446","average","2",30,1.06632371853757,0.760233152138319,0.900363616403768,-2.73333333333333,3.73333333333333,8.37868121189574,7.07464308022982,4557.2
1.14738008467664,"exp2_batch2","average.675c61776fc3233ee8002446","average","10",32,0.804064566316608,0.829908418015305,0.81688429548742,-2.79375,3.55625,6.3384865141706,6.43954516526469,4747.25
1.00595138447353,"exp2_batch2","average.675c61776fc3233ee8002446","average","20",31,0.773723474160257,0.754561218335344,0.764082277845141,-1.98387096774194,4.17741935483871,7.55310945012658,7.4589918313258,4943.22580645161
0.661461784270994,"exp2_batch2","average.67a4e8dd295e3fb3cf7cee74","average","2",31,0.387953112687155,0.865129049972543,0.579335401829484,-4.03225806451613,5.58064516129032,4.42500227811131,6.60791314478575,1349.74193548387
0.662661126935856,"exp2_batch2","average.67a4e8dd295e3fb3cf7cee74","average","10",29,0.475750693918748,0.707414077742759,0.580131656069559,-2.44137931034483,5.48965517241379,5.72910639616007,6.98608751156267,1363.27586206897
0.595292102619044,"exp2_batch2","average.67a4e8dd295e3fb3cf7cee74","average","20",31,0.478090694335078,0.595757575757576,0.533691065176589,-1.17741935483871,5.5,6.10393844301604,6.81380635102344,1430.54838709677
1.18294720160798,"exp2_batch2","average.67be4c756ba3a15a47e60356","average","2",32,0.845223906010557,0.811869158878505,0.8283786704381,-4.71875,4.78125,6.56849764332169,6.43758808270463,3338.40625
1.33392309923847,"exp2_batch2","average.67be4c756ba3a15a47e60356","average","10",31,0.793292746383599,0.954573915221339,0.870204897039818,-4.55483870967742,4.70967741935484,5.86056623195573,6.42876599807961,3631.8064516129
1.37526291572669,"exp2_batch2","average.67be4c756ba3a15a47e60356","average","20",32,0.712556997544721,1.08650889156304,0.879886079886371,-5.8125,5.875,5.49156244292243,6.78114083084417,3646.03125
0.540198036606108,"exp2_batch2","average.67d1ddb07de1caaaa343e133","average","2",30,0.527954469367258,0.460617271930679,0.493137858396164,0.666666666666667,5.26666666666667,6.87189846445268,6.41872261435249,2565.5
0.974105199674807,"exp2_batch2","average.67d1ddb07de1caaaa343e133","average","10",32,0.642733483497459,0.876342039138049,0.750502745864707,0.0499999999999995,3.95,6.30212137862861,7.35881904533163,3053.53125
0.906013430258114,"exp2_batch2","average.67d1ddb07de1caaaa343e133","average","20",30,0.821980467301274,0.629294516269473,0.719213320617264,-2.3,4.93333333333333,7.7924956532389,6.81824799689234,2837.63333333333
1.29485979439084,"exp2_batch2","average.67e1dc9c35b6facf1079fb30","average","2",29,0.901282051282051,0.821360944361629,0.860394024140807,-4.27586206896552,4.89655172413793,7.8189173150952,7.46420027292179,3078.06896551724
0.698593241181625,"exp2_batch2","average.67e1dc9c35b6facf1079fb30","average","10",30,0.558811475409836,0.651706337826212,0.603474092380614,-4.33333333333333,6.18666666666667,6.93516775025218,7.48945619007071,3120.36666666667
1.4313931133622,"exp2_batch2","average.67e1dc9c35b6facf1079fb30","average","20",27,0.887131869244003,0.896797790168295,0.891951736320913,-3.38888888888889,3.90740740740741,7.46291877854481,7.50346548616,2840.77777777778
1.44597425094053,"exp2_batch2","average.67e467ad6bd6407f4c60fb77","average","2",31,0.974497449744974,0.821793033651008,0.894893968865079,-4.41935483870968,4.74193548387097,7.14127785920458,6.5579304367234,2017.38709677419
0.958065679525186,"exp2_batch2","average.67e467ad6bd6407f4c60fb77","average","10",32,0.659613689188106,0.837858015474413,0.743412817082745,-2.41875,3.76875,5.4502885392693,6.14270810825533,2251
1.19162464792116,"exp2_batch2","average.67e467ad6bd6407f4c60fb77","average","20",31,0.933022193535574,0.740279692731928,0.831082055360711,-1.20967741935484,3.53225806451613,7.38859918045785,6.5813356163186,2130.8064516129
1.02322536321422,"exp2_batch2","average.680d85e020df383491477a41","average","2",31,0.707305063144479,0.84081674815784,0.771176985619201,-4.64516129032258,5.09677419354839,5.58819800913025,6.09283026557948,3028.25806451613
0.809662379654332,"exp2_batch2","average.680d85e020df383491477a41","average","10",31,0.474973002159827,0.943425568425569,0.669403969624795,-2.58709677419355,4.30322580645161,4.4779027349001,6.31093946962315,3222.77419354839
0.883379879340654,"exp2_batch2","average.680d85e020df383491477a41","average","20",31,0.439397555852587,1.14114802876271,0.708108504894788,-3.33870967741935,4.69354838709677,4.16488133794227,6.71188962704181,3115.74193548387
0.839471221945595,"exp2_batch2","experience.56802e5fc5767f00121cc6a0","experience","2",30,0.910940030112781,0.515895488770191,0.685528884931456,-7.5,8.43333333333333,8.452436226374,6.36088983871202,2827.13333333333
0.882838738458006,"exp2_batch2","experience.56802e5fc5767f00121cc6a0","experience","10",29,0.824627046989649,0.607590404582886,0.707838598206139,-1.99310344827586,4.82068965517241,8.29416080434156,7.11949381053363,2962.27586206897
0.95321726939087,"exp2_batch2","experience.56802e5fc5767f00121cc6a0","experience","20",31,1.11286932871801,0.493706638878986,0.741236113389576,-0.887096774193549,5.33870967741935,8.85571317929722,5.89842333589768,3192.74193548387
1.54856588604785,"exp2_batch2","experience.56d39b96da2aaa000dab6178","experience","2",32,0.853277300113639,0.978077074321667,0.913548556607824,-3.40625,3.71875,6.40438357941325,6.85675732163112,2078.3125
1.08988546727895,"exp2_batch2","experience.56d39b96da2aaa000dab6178","experience","10",32,0.652810800470061,0.972637322366546,0.796836337638515,-3.2,3.9625,4.9756463350617,6.0733918620222,1860.34375
1.27414146588253,"exp2_batch2","experience.56d39b96da2aaa000dab6178","experience","20",30,0.893623775916384,0.817885161261483,0.854916151486487,-2.7,3.73333333333333,7.17122282331327,6.86059881438596,2014.63333333333
1.10070098949864,"exp2_batch2","experience.59014ee029f42300013cc5b7","experience","2",31,1.28492022645394,0.499020587647412,0.800750676855842,2.06451612903226,5.35483870967742,10.3726273359001,6.46412764698835,2733.87096774194
1.15875753918179,"exp2_batch2","experience.59014ee029f42300013cc5b7","experience","10",32,1.18090978302246,0.570273095968474,0.820634558146119,3.14375,5.01875,9.36701272655028,6.50929855990148,3265.5
1.41321042879982,"exp2_batch2","experience.59014ee029f42300013cc5b7","experience","20",32,1.33337316857477,0.591622037223607,0.888173941506676,-0.375,4.0625,9.74963812397091,6.49433686301554,3114.46875
1.22086360954758,"exp2_batch2","experience.5ae12548dee8590001b08925","experience","2",29,1.05849673202614,0.666460905349795,0.839908739290134,-2.51724137931034,3.75862068965517,7.73642144332691,6.13878889228481,3174.65517241379
1.02249119849216,"exp2_batch2","experience.5ae12548dee8590001b08925","experience","10",29,1.07778420139801,0.551367192751324,0.770879270389696,-2.30344827586207,5.44827586206897,9.57122637827757,6.84576745293794,3062.72413793103
0.895324383871356,"exp2_batch2","experience.5ae12548dee8590001b08925","experience","20",29,0.856141838312304,0.595480088802553,0.714013597843761,-2.05172413793103,5.18965517241379,8.42644207885952,7.02756711155355,3058.65517241379
1.07080475278277,"exp2_batch2","experience.5baa535fa3c9170001156197","experience","2",30,0.735027937357362,0.848576620230164,0.78976421978807,-1.56666666666667,3.63333333333333,6.16068364619591,6.61945929659745,2031.46666666667
1.17170585606749,"exp2_batch2","experience.5baa535fa3c9170001156197","experience","10",31,0.855030308955807,0.795673733054317,0.824818257437027,-1.55483870967742,3.30967741935484,6.87554494418951,6.63260113752232,2173.54838709677
1.26482569106396,"exp2_batch2","experience.5baa535fa3c9170001156197","experience","20",32,1.03780896522832,0.700097147399099,0.852389052077487,-2.71875,3.59375,7.55457295819196,6.20483682299543,2044.0625
0.522826612382103,"exp2_batch2","experience.5cd6c1197b871a0001b13589","experience","2",32,0.340157925872579,0.67699001791656,0.479878651672417,-5.6875,6.125,4.43762778098622,6.26039458201962,2902.71875
0.144564499333933,"exp2_batch2","experience.5cd6c1197b871a0001b13589","experience","10",31,0.0856268011527377,0.240708860759494,0.143565768050588,-5.58709677419355,8.46451612903226,4.60831413206445,7.72650792604154,2917.51612903226
0.544821259624605,"exp2_batch2","experience.5cd6c1197b871a0001b13589","experience","20",31,0.443239894687936,0.556448476992871,0.496628799347745,-0.112903225806451,4.79032258064516,5.76045099787549,6.45430588956931,2950.35483870968
1.467648306013,"exp2_batch2","experience.5d0c2e061c7a8f0016e3d263","experience","2",31,0.942572228134484,0.857685962269565,0.899127893292213,-5,5.06451612903226,7.74346759033578,7.38656146813797,2766.35483870968
1.2085094088078,"exp2_batch2","experience.5d0c2e061c7a8f0016e3d263","experience","10",31,0.641745283018868,1.08965916169796,0.836231802264158,-4.2,4.47096774193548,4.9158510349531,6.40564267380847,2606.8064516129
1.3417484292068,"exp2_batch2","experience.5d0c2e061c7a8f0016e3d263","experience","20",31,0.736118553938744,1.03318097662578,0.872091558536596,-2.5,3.62903225806452,6.09671161144418,7.22287286840342,2739.25806451613
1.47516703844031,"exp2_batch2","experience.5d1a2f59d79f260017add4a3","experience","2",31,0.75453029704708,1.07484842802675,0.900558550944697,-1.45161290322581,2.54838709677419,5.86570128909606,7.00092159831879,1877.29032258065
0.966984867208908,"exp2_batch2","experience.5d1a2f59d79f260017add4a3","experience","10",31,0.573004728471128,0.974811083123426,0.747376317524033,1.47741935483871,3.60645161290323,5.14457643219213,6.71012715614338,1940.29032258065
1.02632731954093,"exp2_batch2","experience.5d1a2f59d79f260017add4a3","experience","20",32,0.80183408875303,0.744106426684926,0.772431161059794,-0.5,3.03125,6.42041853725662,6.18498441857896,1668.625
1.15013121035414,"exp2_batch2","experience.5d4a41890e604c00011ade8b","experience","2",32,1.04932714617169,0.637353964965684,0.817797540445467,-4.40625,5.21875,8.45761491201864,6.59147788019965,1863.0625
0.942056376968838,"exp2_batch2","experience.5d4a41890e604c00011ade8b","experience","10",30,1.12843286835222,0.480258809614916,0.736165624085493,0.833333333333334,5.60666666666667,9.95628375484028,6.49526795037175,2093.9
0.994581029168754,"exp2_batch2","experience.5d4a41890e604c00011ade8b","experience","20",32,1.15660592255125,0.498484420827862,0.759308918312591,1.15625,4.875,9.06334117341979,5.95006099182619,1938.21875
1.46188822522183,"exp2_batch2","experience.5d4c78071b920f00198e8533","experience","2",31,1.2176021305462,0.662316186519434,0.89801870793503,-3.54838709677419,4.70967741935484,8.87015049999001,6.54200653181924,2020.09677419355
1.10772859016145,"exp2_batch2","experience.5d4c78071b920f00198e8533","experience","10",32,0.884001303356142,0.729889695991391,0.803258017428154,-1.45,3.4,6.70549846599187,6.09302880347697,1806.375
0.970173855910309,"exp2_batch2","experience.5d4c78071b920f00198e8533","experience","20",30,0.887096774193548,0.632030820033021,0.748780676595087,-0.866666666666666,4.03333333333333,7.22583169456367,6.09918027279076,1858.76666666667
0.440855179691739,"exp2_batch2","experience.5dd7d4d5d3ac2a92dfbb40d5","experience","2",31,0.36520462470178,0.470115757146232,0.414353048323507,-7.48387096774194,7.61290322580645,4.26690187523726,4.84113201015888,1397.67741935484
0.964556307376475,"exp2_batch2","experience.5dd7d4d5d3ac2a92dfbb40d5","experience","10",30,0.703555594192819,0.791646287782452,0.746302334440488,-4.2,4.96,5.9373162403506,6.29805662418014,1446.46666666667
1.17340218494643,"exp2_batch2","experience.5dd7d4d5d3ac2a92dfbb40d5","experience","20",32,0.78296684747136,0.870048019207683,0.825359772915873,-0.90625,3.09375,6.34873622171399,6.69248193991803,1303.4375
1.34168217584912,"exp2_batch2","experience.5e0b388b15ef4037cebdecc9","experience","2",31,1.23526827553889,0.615668700551776,0.872075692835126,-2.83870967741935,4.38709677419355,8.58267822951541,6.05920609441729,2677.29032258065
0.757354157433139,"exp2_batch2","experience.5e0b388b15ef4037cebdecc9","experience","10",32,0.791669554369672,0.516605110424361,0.639515861847655,-2.1375,4.25,8.17740543677635,6.60576178117842,2864.875
1.27528119467238,"exp2_batch2","experience.5e0b388b15ef4037cebdecc9","experience","20",30,1.07909073830547,0.677798100182902,0.855222574742043,-0.566666666666667,3.73333333333333,8.82759518677704,6.99622229755327,2934.1
0.807486372087146,"exp2_batch2","experience.5f2f8574ff256b37b1970220","experience","2",28,0.769068666356496,0.580563188232134,0.668201284725915,-4.35714285714286,6.28571428571429,8.00157061301919,6.95212273927975,3162.89285714286
0.561337171796683,"exp2_batch2","experience.5f2f8574ff256b37b1970220","experience","10",30,0.674050889074769,0.384317164351318,0.508968885412163,-4.86666666666667,7.12,8.64371408038514,6.52677949487438,3071.16666666667
0.689233139568524,"exp2_batch2","experience.5f2f8574ff256b37b1970220","experience","20",32,0.693218608087261,0.514979338842975,0.597489129998551,-5.65625,6.75,7.9026332891781,6.81132536484688,3012.0625
0.751806865764022,"exp2_batch2","experience.5f7a28b8bedcf2112ebd1289","experience","2",31,0.873299928418039,0.463509826270162,0.636225666020155,-7.48387096774194,8.38709677419355,7.89078678770579,5.7486791376765,2398.64516129032
0.8995096310595,"exp2_batch2","experience.5f7a28b8bedcf2112ebd1289","experience","10",32,0.796750849825864,0.643539340037395,0.716059017170491,-7.2625,7.375,7.73600453264036,6.95253202890165,2490.28125
0.854506120751187,"exp2_batch2","experience.5f7a28b8bedcf2112ebd1289","experience","20",30,1.00872833682299,0.476665593820406,0.693416247051653,-4.76666666666667,6.86666666666667,9.81957931537978,6.75013835532961,2430.93333333333
1.06439577047399,"exp2_batch2","experience.60132d398c19b319aacdbbb2","experience","2",30,1.13919178960872,0.54416210474712,0.787340461264453,-3.43333333333333,4.36666666666667,7.5014174905691,5.18452604823503,1702.33333333333
0.648702972981966,"exp2_batch2","experience.60132d398c19b319aacdbbb2","experience","10",31,0.90532696357939,0.359879114596096,0.570796168586408,-3.58709677419355,7.23870967741936,10.2623646900828,6.47027944752252,1576.70967741935
1.14422489579344,"exp2_batch2","experience.60132d398c19b319aacdbbb2","experience","20",32,1.35909551130611,0.489723945032227,0.815831854901743,0.5,5.59375,11.5164678724887,6.91305450438843,1615.875
0.804868341050405,"exp2_batch2","experience.601478ee2d7cc94b1f1855ec","experience","2",31,0.848141911735913,0.524151783553555,0.666749649975837,-1.67741935483871,5.29032258064516,9.42679776642271,7.41068684872681,3083.8064516129
0.831984925898227,"exp2_batch2","experience.601478ee2d7cc94b1f1855ec","experience","10",32,0.80145282914508,0.579569089648552,0.68154037780888,2.33125,5.13125,8.69533616185952,7.39434995725267,2866.625
0.927040784475274,"exp2_batch2","experience.601478ee2d7cc94b1f1855ec","experience","20",29,0.962913907284768,0.552229032427052,0.729211228198263,0.465517241379311,5.08620689655172,9.69713786426803,7.34360752141422,3029.93103448276
1.27217002570037,"exp2_batch2","experience.60fe0b73bbb479e45039b320","experience","2",32,1.27639912781643,0.571900441963247,0.854384705691597,-4.375,5.5625,9.30985430051267,6.2317475413687,2962.65625
1.29911374582331,"exp2_batch2","experience.60fe0b73bbb479e45039b320","experience","10",32,1.06877748913295,0.694413342468959,0.861494833753745,1.3625,3.4,7.76669637494895,6.26039458201962,3172.90625
0.946392773531784,"exp2_batch2","experience.60fe0b73bbb479e45039b320","experience","20",30,0.750049830576041,0.726430346758041,0.738145621480724,4.2,5.53333333333333,6.90169061414182,6.79215233437335,2987.16666666667
1.42847671249135,"exp2_batch2","experience.610036d6b6496ca7c4dbdb1b","experience","2",28,1.28782240880323,0.616942180239202,0.891354006356602,-1.21428571428571,3.85714285714286,9.31765974205879,6.44912938630245,2648.32142857143
0.927839753461114,"exp2_batch2","experience.610036d6b6496ca7c4dbdb1b","experience","10",32,0.966371737145376,0.550817494929916,0.729585128292434,4.425,5.2375,7.49455447469651,5.65819060899701,2489.25
1.39827831131462,"exp2_batch2","experience.610036d6b6496ca7c4dbdb1b","experience","20",32,1.04785165985445,0.747422313873285,0.88497893319806,5.5,5.5625,7.53031507715914,6.35984124370737,2574.5
0.665387665980034,"exp2_batch2","experience.61082e086188b2dd15182697","experience","2",31,0.70181514976589,0.48253660257541,0.581937709728443,-0.0322580645161294,4.35483870967742,6.98323645581685,5.79042591335599,2628.54838709677
0.744520114564615,"exp2_batch2","experience.61082e086188b2dd15182697","experience","10",32,0.445652173913043,0.895895114718277,0.631868345046874,-0.7625,4.8,5.08278244855658,7.20662777385982,2782.5
0.948059958499364,"exp2_batch2","experience.61082e086188b2dd15182697","experience","20",31,0.804143888776406,0.678956065872699,0.738903492425907,-1.59677419354839,3.46774193548387,6.14327151819261,5.64486635174229,2564.22580645161
1.07396914731139,"exp2_batch2","experience.636d4527078f3ccc1f713265","experience","2",32,1.23579004623334,0.506238859180036,0.790951922174294,1.6875,5.4375,10.420203700566,6.66932070826388,3570.15625
1.23562275804359,"exp2_batch2","experience.636d4527078f3ccc1f713265","experience","10",32,1.61142399439313,0.44226594487648,0.844202555952604,4.20625,7.30625,12.1135421419916,6.34611577926774,4237.25
0.995934838532046,"exp2_batch2","experience.636d4527078f3ccc1f713265","experience","20",31,1.60627543652357,0.359477604266134,0.759881599798962,-0.145161290322581,7.5,12.0991424205118,5.72374792619143,3787.16129032258
1.07597941362035,"exp2_batch2","experience.63d13f416b2c25038c13007f","experience","2",31,0.907835477941176,0.690427093527191,0.791703360126629,-0.193548387096774,3.61290322580645,7.84418146116591,6.84073818565885,3555
0.983205771712534,"exp2_batch2","experience.63d13f416b2c25038c13007f","experience","10",30,0.731117431232496,0.778527834288885,0.75445031005911,-0.366666666666667,3.71333333333333,7.05120842337575,7.27624066128379,3910.66666666667
1.11015833573194,"exp2_batch2","experience.63d13f416b2c25038c13007f","experience","20",29,1.05542868490294,0.612648050488458,0.804118353375538,-2.5,5.1551724137931,9.24502262570264,7.04367095289174,4100.10344827586
1.54027083322715,"exp2_batch2","experience.6400e07f37c248e81cbc9d41","experience","2",31,1.35818219612327,0.612617786320379,0.912165867816148,-5.58064516129032,5.90322580645161,9.57842557830564,6.43294611347901,1872.32258064516
1.59654646655774,"exp2_batch2","experience.6400e07f37c248e81cbc9d41","experience","10",32,1.10384220019783,0.76868947446616,0.921147046222068,-2.1375,2.825,8.63921806124127,7.20935492170394,1892.9375
1.12828304352649,"exp2_batch2","experience.6400e07f37c248e81cbc9d41","experience","20",26,0.912646013204672,0.719663596315579,0.810430818778475,-1.5,3.76923076923077,7.0668238976219,6.27534859589489,1933.03846153846
1.24578471812951,"exp2_batch2","experience.641363c9b6f7b3cb23a301f1","experience","2",32,1.16813909243318,0.614288119979,0.84709737749845,-5.0625,6.375,10.0878699916158,7.3154029942131,1890.125
0.703139832699165,"exp2_batch2","experience.641363c9b6f7b3cb23a301f1","experience","10",32,0.871141061834077,0.422054238484617,0.606356971976955,-2.29375,5.76875,8.27915181879821,5.76269636149943,1951.84375
0.758369879139525,"exp2_batch2","experience.641363c9b6f7b3cb23a301f1","experience","20",31,0.765939888811675,0.534961322614894,0.640115783247218,-2.59677419354839,5.5,8.41976680902028,7.03661697796773,2302.83870967742
0.802827901981564,"exp2_batch2","experience.6428c3d1aeb8d1cbe7e8cb78","experience","2",32,0.863701093384181,0.51295871559633,0.665614756087555,0.84375,5.15625,8.38585598762352,6.46259398134696,1936.46875
1.24656871343273,"exp2_batch2","experience.6428c3d1aeb8d1cbe7e8cb78","experience","10",31,0.904218882217834,0.793999009270399,0.847318651184162,4.83225806451613,5.85161290322581,7.79605635072348,7.30547003779485,1977.74193548387
1.34507992829439,"exp2_batch2","experience.6428c3d1aeb8d1cbe7e8cb78","experience","20",32,1.0619220557268,0.717502474430881,0.872886993050478,6.59375,6.65625,6.99193083305274,5.74728196628632,2114.1875
1.03511450968026,"exp2_batch2","experience.642f6ac1b10ead55a45175ab","experience","2",32,0.885958628100654,0.679603647541687,0.775951490254535,-3.84375,4.84375,7.66163199577673,6.71030743009973,2111.34375
0.950408575593991,"exp2_batch2","experience.642f6ac1b10ead55a45175ab","experience","10",32,0.727078597506372,0.753085832520751,0.739967966138471,3.3625,4.3875,6.5104599460927,6.62587486615432,2048.375
1.19944590763264,"exp2_batch2","experience.642f6ac1b10ead55a45175ab","experience","20",29,1.08411345535839,0.64079834824501,0.833485519672566,3.74137931034483,5.12068965517241,9.45888171771662,7.27215486999569,1993.8275862069
0.719222161909411,"exp2_batch2","experience.6463e139c1cfbd6321e08714","experience","2",29,0.7019146576382,0.541351521699982,0.61642726092862,-3.20689655172414,4.86206896551724,7.39657756032554,6.49573562275961,3711.93103448276
0.482345066829702,"exp2_batch2","experience.6463e139c1cfbd6321e08714","experience","10",29,0.488264427217915,0.41127569528416,0.44811972929851,4.31724137931035,5.91724137931035,6.38270446254232,5.85792377348499,3636.1724137931
1.05923284753043,"exp2_batch2","experience.6463e139c1cfbd6321e08714","experience","20",30,1.01869490323234,0.605486629727776,0.785370067980067,2.7,5,8.73728961892974,6.73607546303322,3758.83333333333
1.65945234755528,"exp2_batch2","experience.647652cb5644044df439e1fb","experience","2",32,1.52879030313658,0.565915876931066,0.930143378755794,-1.46875,4.71875,11.1463866559469,6.78166111062436,3301.6875
1.12601458446621,"exp2_batch2","experience.647652cb5644044df439e1fb","experience","10",31,0.968126743556648,0.677116398264365,0.809650846760803,0.703225806451612,3.94193548387097,8.5934458646085,7.18675603910355,3514.06451612903
0.938621097032126,"exp2_batch2","experience.647652cb5644044df439e1fb","experience","20",31,0.798573391793731,0.675729553131403,0.734588075848912,0.209677419354839,3.62903225806452,6.23189851809101,5.73257059192452,4262.06451612903
1.28857326405709,"exp2_batch2","experience.65a09ede5747bb3166d505a4","experience","2",32,0.944208170117515,0.781030851482399,0.858752415474635,-4.53125,4.78125,6.59965480524452,6.00235168966728,1682.1875
1.24790850918934,"exp2_batch2","experience.65a09ede5747bb3166d505a4","experience","10",32,0.682528409090909,1.05283339267618,0.847696113321901,-3.91875,4.84375,6.06674900983938,7.53486519775816,1605.6875
1.25182769323268,"exp2_batch2","experience.65a09ede5747bb3166d505a4","experience","20",30,0.622770919067215,1.15685164212911,0.848795358371593,-3.33333333333333,4.06666666666667,4.50542457208115,6.14059415298912,1685.16666666667
1.09279678399444,"exp2_batch2","experience.65cb708afe5755feaeec417f","experience","2",31,0.911325966850829,0.698585465017788,0.797896656425675,-3.90322580645161,4.35483870967742,7.12590307425353,6.23896875956241,1813.16129032258
1.13078402115233,"exp2_batch2","experience.65cb708afe5755feaeec417f","experience","10",32,0.709896583603879,0.927159384477143,0.811287421014648,-2.29375,3.39375,5.99159357336486,6.84734172578508,2013.8125
1.1586422395502,"exp2_batch2","experience.65cb708afe5755feaeec417f","experience","20",31,0.828357418876714,0.812909090909091,0.820596902459953,-1.08064516129032,3.33870967741935,6.43411605913086,6.37383765494642,1854.74193548387
0.95372472558987,"exp2_batch2","experience.65ccfdf16bdcab83d5bd1163","experience","2",32,0.844665500655881,0.650872870469813,0.741464671443431,-2.40625,4.40625,6.91881201344706,6.07347485169681,1292.9375
1.37941734666166,"exp2_batch2","experience.65ccfdf16bdcab83d5bd1163","experience","10",31,1.01089717537086,0.767481775755005,0.880820730489097,2.15483870967742,3.07096774193548,7.46706028148373,6.50624183347798,1175.54838709677
0.906011486390913,"exp2_batch2","experience.65ccfdf16bdcab83d5bd1163","experience","20",30,0.99380014587892,0.520493434142459,0.719212382248662,3.86666666666667,5.46666666666667,8.49780228518886,6.14985281573246,1208.86666666667
1.74685738639349,"exp2_batch2","experience.66045663fbc92e11eb7e557c","experience","2",30,0.961270888617945,0.921189488877179,0.941016810986114,-1.66666666666667,2.26666666666667,7.08316767892841,6.93392459901516,1700.9
1.0906074731404,"exp2_batch2","experience.66045663fbc92e11eb7e557c","experience","10",32,0.786539315859618,0.80780198471541,0.797099755619144,4.6125,5.275,5.94565441743909,6.02548351693897,1876.03125
1.15627429710707,"exp2_batch2","experience.66045663fbc92e11eb7e557c","experience","20",32,0.685311323022678,0.980733944954128,0.819821979059944,5.4375,5.46875,5.92969563490241,7.09355682201086,1879.875
1.34417317949285,"exp2_batch2","experience.663a6537d8be42a9bd890765","experience","2",31,0.939391433768811,0.81068931068931,0.872670953973765,-3.45161290322581,3.58064516129032,6.7235743182405,6.24603099782626,2145.29032258065
1.3520435054872,"exp2_batch2","experience.663a6537d8be42a9bd890765","experience","10",29,0.980640496974241,0.779909706546276,0.874534757584039,-3.95862068965517,4.81379310344828,7.60460710760811,6.78178522495651,2336.44827586207
1.14910437529928,"exp2_batch2","experience.663a6537d8be42a9bd890765","experience","20",30,0.901535203811541,0.741220315007753,0.81745715958683,-5.2,5.5,6.50030945328803,5.89408431268653,2377.16666666667
1.10347797136762,"exp2_batch2","experience.6648acc2d8f61a601c3a37ac","experience","2",31,0.972581191617056,0.660916326799106,0.801744840131474,-0.451612903225806,3.80645161290323,8.0860958587293,6.6657526255117,1722.03225806452
1.38043130462162,"exp2_batch2","experience.6648acc2d8f61a601c3a37ac","experience","10",30,0.862858799652073,0.899620245989911,0.881047811187087,5.23333333333333,5.40666666666667,7.79986737287774,7.96428810738733,1686.86666666667
0.692250582743129,"exp2_batch2","experience.6648acc2d8f61a601c3a37ac","experience","20",32,0.740631163708087,0.485142118863049,0.599425868692157,4.75,6.15625,7.06650436007562,5.71923748583278,1798.75
0.848991716133111,"exp2_batch2","experience.666b836f18949a2e08b6c741","experience","2",32,0.63238245230777,0.754051188853551,0.69054235204859,-10.75,10.75,5.76899037960716,6.29956155668405,2752.34375
0.447861277542852,"exp2_batch2","experience.666b836f18949a2e08b6c741","experience","10",31,0.261103633916555,0.676042314872433,0.420139387697169,-7.74838709677419,8.14838709677419,4.15687020394829,6.68878052758771,3147.83870967742
0.93315701465932,"exp2_batch2","experience.666b836f18949a2e08b6c741","experience","20",32,0.528665643395685,1.01371325075196,0.732062407126277,-7.25,7.6875,5.58286188027194,7.73079044909005,2985.84375
1.09130126842715,"exp2_batch2","experience.66759eb2274a4f10deeba339","experience","2",29,0.948775337837838,0.670096635647817,0.79735259570077,-1.51724137931034,3.37931034482759,6.42577936083155,5.40023717778717,2134.58620689655
1.39887372760532,"exp2_batch2","experience.66759eb2274a4f10deeba339","experience","10",28,1.24402286902287,0.629744129448135,0.885107958763437,1.72857142857143,3.87142857142857,8.96878773520443,6.38118928723923,2186.32142857143
0.914850006469504,"exp2_batch2","experience.66759eb2274a4f10deeba339","experience","20",28,0.94167025398192,0.555802578923966,0.723451971909081,-0.142857142857143,5.10714285714286,9.1266804642376,7.01170600952587,2198.60714285714
0.945269537153012,"exp2_batch2","experience.66c26b01a3d551a7d8bd342c","experience","2",29,1.14028284671533,0.477165705073816,0.737633966501339,5.58620689655173,7.72413793103448,10.7758167486732,6.9707340363068,2405.68965517241
0.839893180299654,"exp2_batch2","experience.66c26b01a3d551a7d8bd342c","experience","10",32,0.980648282535075,0.479536314170807,0.685752479328221,6.8,7.8125,8.25696187195016,5.77396827817917,2586.15625
0.775134699105764,"exp2_batch2","experience.66c26b01a3d551a7d8bd342c","experience","20",32,1.06299054135641,0.397347719554658,0.649905275802667,4.96875,7.3125,9.68516491108121,5.92144476158616,2528.09375
1.28914284664443,"exp2_batch2","experience.66d88375799e00b593a8655f","experience","2",29,0.765179378956889,0.964103927676062,0.858901883004727,-2.55172413793103,3.17241379310345,5.69396015669322,6.39138120397941,4731.44827586207
0.668285492447565,"exp2_batch2","experience.66d88375799e00b593a8655f","experience","10",31,0.504891165172855,0.67515923566879,0.583850951163077,0.251612903225807,4.61290322580645,5.60357029044876,6.47991105740102,4769
1.12531391532643,"exp2_batch2","experience.66d88375799e00b593a8655f","experience","20",31,0.529128005061155,1.23815692079941,0.809409353451795,-0.951612903225807,3.20967741935484,4.17519557200811,6.38681437411973,4794.06451612903
1.55388694616701,"exp2_batch2","experience.66dbd5f3eec0242b9d2ce9f2","experience","2",31,1.01386935648126,0.824733727810651,0.914424547944648,1.16129032258065,2.45161290322581,7.38350384521184,6.65929700187188,2818.83870967742
1.10368766540721,"exp2_batch2","experience.66dbd5f3eec0242b9d2ce9f2","experience","10",29,0.747116885732991,0.860527842227378,0.801819731343305,1.62758620689655,3.77931034482759,6.51636817461937,6.99348747014491,2961.48275862069
1.23001132433002,"exp2_batch2","experience.66dbd5f3eec0242b9d2ce9f2","experience","20",31,0.849434520663777,0.835785970568353,0.84258261036366,2.08064516129032,3.46774193548387,6.43093999717863,6.37906522292096,3346.8064516129
1.19944146982026,"exp2_batch2","experience.66e0813b79955faf3b6017c3","experience","2",31,1.00027238821607,0.694506677529169,0.833484164795053,-3.03225806451613,4.51612903225806,8.59719884363443,7.16367779634822,2062.87096774194
1.15069857836721,"exp2_batch2","experience.66e0813b79955faf3b6017c3","experience","10",32,0.77228721258572,0.866387600407286,0.817985369635285,-0.2625,2.95,5.97001918190035,6.32328007981158,2085.59375
1.27783014624826,"exp2_batch2","experience.66e0813b79955faf3b6017c3","experience","20",30,0.87788237326194,0.834479220112878,0.855905718049872,-0.933333333333333,3.16666666666667,7.4836987597335,7.29635399423544,2072
1.39443095855941,"exp2_batch2","experience.66fceda149718a86f36761b4","experience","2",32,1.45119855269109,0.53866299566867,0.884141934138756,0.75,4.625,10.9586834033785,6.67657194248859,1285.375
0.459192468008429,"exp2_batch2","experience.66fceda149718a86f36761b4","experience","10",31,0.71880833851898,0.256544793315011,0.429425822044341,-1.16774193548387,6.87096774193548,8.80139285164753,5.2580711128661,1271.8064516129
0.762762797571319,"exp2_batch2","experience.66fceda149718a86f36761b4","experience","20",31,1.29691395458527,0.318498477627747,0.642701423796143,-2.17741935483871,7.53225806451613,11.4000565929552,5.64943616941178,1473.29032258065
1.25273968026244,"exp2_batch2","experience.6713eeea64ca1fb59cbcbce4","experience","2",31,0.867875294971864,0.830633252258513,0.849050103832098,-2.2258064516129,3.38709677419355,7.03661697796773,6.88398484250423,1502.87096774194
1.29171861638498,"exp2_batch2","experience.6713eeea64ca1fb59cbcbce4","experience","10",30,0.745853658536585,0.99063785674949,0.859575982529438,-1.56666666666667,3.26,5.95664412193664,6.86486975707545,1587.9
1.24181586355461,"exp2_batch2","experience.6713eeea64ca1fb59cbcbce4","experience","20",31,0.752714587530094,0.950785080369888,0.845972694358622,-0.564516129032258,2.95161290322581,5.88656206144349,6.61588183639326,1523.61290322581
1.41453104930527,"exp2_batch2","experience.672fd24711f758e7a04ac043","experience","2",31,0.854368932038835,0.923895689196381,0.888452459782737,-1.12903225806452,2.48387096774194,6.66704300013067,6.93301281310417,2473.93548387097
1.49199362775922,"exp2_batch2","experience.672fd24711f758e7a04ac043","experience","10",31,0.787485242030697,1.03704454809707,0.903690918929054,2.31612903225806,2.65161290322581,5.64029283156526,6.47260563111287,2336.22580645161
1.5322698345263,"exp2_batch2","experience.672fd24711f758e7a04ac043","experience","20",32,0.794838294707644,1.04370777027027,0.910812222302017,3.15625,3.65625,6.18009291087899,7.08182305214805,2309.03125
1.06834876839583,"exp2_batch2","experience.67435bbf9649c44a0e379543","experience","2",32,0.974212688270196,0.638737188598788,0.788838306373982,-0.9375,3.4375,7.34160701402541,5.944637051782,2088.28125
1.3674558361206,"exp2_batch2","experience.67435bbf9649c44a0e379543","experience","10",30,1.10650594451783,0.696859400998336,0.878111080500523,1.8,3.34666666666667,8.14353985557327,6.46262464029742,2131
1.26009017883488,"exp2_batch2","experience.67435bbf9649c44a0e379543","experience","20",32,1.07996616131258,0.670717712610782,0.85108896915224,1.25,3.625,8.5387517974271,6.72913441684739,2151.125
1.65680821393853,"exp2_batch2","experience.6751acc5dc78128951a34f1f","experience","2",31,0.666872165220838,1.29635336414997,0.929785983354239,-4.09677419354839,4.09677419354839,5.01224307522703,6.98831590154487,2002.93548387097
0.818791142597822,"exp2_batch2","experience.6751acc5dc78128951a34f1f","experience","10",30,0.549139759604054,0.82826038658076,0.674411380076374,-3.83333333333333,4.5,5.08604129868742,6.24628625296848,2097.63333333333
1.21046130631501,"exp2_batch2","experience.6751acc5dc78128951a34f1f","experience","20",31,0.897260273972603,0.780446958049637,0.836817812549842,-3.53225806451613,3.75806451612903,6.25824187754432,5.83666571482954,1988.77419354839
1.70398943321454,"exp2_batch2","experience.6782941e57f81cd1ab7841b2","experience","2",29,1.2327032967033,0.710568322902678,0.935905932332445,0.103448275862069,2.86206896551724,9.85948069656365,7.48561839520428,2684.10344827586
1.83005461393516,"exp2_batch2","experience.6782941e57f81cd1ab7841b2","experience","10",32,1.23893805309734,0.728187919463087,0.949831418320432,4.175,4.5375,9.80454140988065,7.51664818918645,2564.46875
1.60452190374271,"exp2_batch2","experience.6782941e57f81cd1ab7841b2","experience","20",32,1.28862880091796,0.660176824680211,0.922346393705469,6.34375,6.5,9.25969413554632,6.62770030178814,2524.375
1.17383705465662,"exp2_batch2","experience.6786d5ddfc32db55097ed259","experience","2",31,1.05388682641467,0.646604086140254,0.825498351475707,-0.806451612903227,3.32258064516129,7.89392035015705,6.18322392158946,1741.96774193548
1.05164604084121,"exp2_batch2","experience.6786d5ddfc32db55097ed259","experience","10",32,0.944718870623802,0.648045623715444,0.782445480368538,-1.2,3.675,7.37851884341164,6.11111823883586,1916.15625
1.38338724190696,"exp2_batch2","experience.6786d5ddfc32db55097ed259","experience","20",30,1.05708207764581,0.735428331812239,0.881707496254666,0.766666666666667,2.6,6.82633507635779,5.69381596382295,1892.6
1.35122530378171,"exp2_batch2","experience.67c7d97be1bcafdd7b0a8059","experience","2",32,1.00180488268263,0.763096960926194,0.87434218782816,-0.8125,2.9375,7.46497196589598,6.51518078376658,4716.34375
1.34823403577502,"exp2_batch2","experience.67c7d97be1bcafdd7b0a8059","experience","10",27,0.823255240443896,0.927099533437014,0.873635821904707,0.0222222222222214,2.97037037037037,7.16194437938799,7.60023241509974,4943.14814814815
1.44524033534874,"exp2_batch2","experience.67c7d97be1bcafdd7b0a8059","experience","20",26,0.765179677819083,1.04625550660793,0.89474770268646,-0.807692307692308,2.38461538461538,6.02660766932775,7.04709432756072,5001.84615384615
