participant_id,trial,fixationTime,meanVal,indexSelected,array_length,color
6631997e0554bb6d25062fd4,21,400,36,30,6,red
6631997e0554bb6d25062fd4,22,500,31,26,2,red
6631997e0554bb6d25062fd4,23,500,32,30,8,red
6631997e0554bb6d25062fd4,24,500,18,17,2,red
6631997e0554bb6d25062fd4,25,600,31,32,2,red
6631997e0554bb6d25062fd4,26,500,22,19,6,red
6631997e0554bb6d25062fd4,27,400,24,26,12,red
6631997e0554bb6d25062fd4,28,500,32,27,8,red
6631997e0554bb6d25062fd4,29,400,14,19,6,red
6631997e0554bb6d25062fd4,30,600,22,23,12,red
6631997e0554bb6d25062fd4,31,500,17,12,2,red
6631997e0554bb6d25062fd4,32,400,28,23,12,red
6631997e0554bb6d25062fd4,33,500,23,19,6,red
6631997e0554bb6d25062fd4,34,500,17,23,12,red
6631997e0554bb6d25062fd4,35,500,21,20,12,red
6631997e0554bb6d25062fd4,36,400,18,20,8,red
6631997e0554bb6d25062fd4,37,400,22,24,6,red
6631997e0554bb6d25062fd4,38,400,35,33,2,red
6631997e0554bb6d25062fd4,39,600,26,30,8,red
6631997e0554bb6d25062fd4,40,500,35,29,2,red
6631997e0554bb6d25062fd4,41,600,14,13,6,red
6631997e0554bb6d25062fd4,42,400,34,35,8,red
6631997e0554bb6d25062fd4,43,600,22,25,6,red
6631997e0554bb6d25062fd4,44,400,30,30,8,red
6631997e0554bb6d25062fd4,45,400,36,39,6,red
6631997e0554bb6d25062fd4,46,500,26,25,6,red
6631997e0554bb6d25062fd4,47,400,26,28,6,red
6631997e0554bb6d25062fd4,48,600,36,32,6,red
6631997e0554bb6d25062fd4,49,400,35,36,12,red
6631997e0554bb6d25062fd4,50,600,19,13,2,red
6631997e0554bb6d25062fd4,51,400,21,16,8,red
6631997e0554bb6d25062fd4,52,500,35,33,12,red
6631997e0554bb6d25062fd4,53,500,22,15,12,red
6631997e0554bb6d25062fd4,54,400,19,18,12,red
6631997e0554bb6d25062fd4,55,600,30,31,8,red
6631997e0554bb6d25062fd4,56,400,16,17,2,red
6631997e0554bb6d25062fd4,57,400,26,22,6,red
6631997e0554bb6d25062fd4,58,400,20,22,8,red
6631997e0554bb6d25062fd4,59,600,27,28,8,red
6631997e0554bb6d25062fd4,60,400,18,17,12,red
6631997e0554bb6d25062fd4,61,400,29,27,8,red
6631997e0554bb6d25062fd4,62,500,17,13,2,red
6631997e0554bb6d25062fd4,63,500,16,13,2,red
6631997e0554bb6d25062fd4,64,500,15,19,12,red
6631997e0554bb6d25062fd4,65,500,26,25,12,red
6631997e0554bb6d25062fd4,66,500,14,11,2,red
6631997e0554bb6d25062fd4,67,600,26,25,8,red
6631997e0554bb6d25062fd4,68,400,36,31,2,red
6631997e0554bb6d25062fd4,69,400,29,24,2,blue
6631997e0554bb6d25062fd4,70,400,27,26,8,blue
6631997e0554bb6d25062fd4,71,500,35,24,12,blue
6631997e0554bb6d25062fd4,72,500,35,32,2,blue
6631997e0554bb6d25062fd4,73,600,17,20,12,blue
6631997e0554bb6d25062fd4,74,600,31,31,8,blue
6631997e0554bb6d25062fd4,75,400,29,26,12,blue
6631997e0554bb6d25062fd4,76,600,16,19,8,blue
6631997e0554bb6d25062fd4,77,500,21,18,6,blue
6631997e0554bb6d25062fd4,78,400,17,15,2,blue
6631997e0554bb6d25062fd4,79,500,18,20,8,blue
6631997e0554bb6d25062fd4,80,600,33,38,12,blue
6631997e0554bb6d25062fd4,81,400,26,29,2,blue
6631997e0554bb6d25062fd4,82,500,15,5,2,blue
6631997e0554bb6d25062fd4,83,400,19,19,12,blue
6631997e0554bb6d25062fd4,84,400,29,29,2,blue
6631997e0554bb6d25062fd4,85,600,29,29,6,blue
6631997e0554bb6d25062fd4,86,400,16,11,2,blue
6631997e0554bb6d25062fd4,87,400,20,17,6,blue
6631997e0554bb6d25062fd4,88,600,31,26,6,blue
6631997e0554bb6d25062fd4,89,500,32,35,12,blue
6631997e0554bb6d25062fd4,90,500,25,25,8,blue
6631997e0554bb6d25062fd4,91,600,22,20,8,blue
6631997e0554bb6d25062fd4,92,400,30,25,2,blue
6631997e0554bb6d25062fd4,93,500,29,28,12,blue
6631997e0554bb6d25062fd4,94,400,19,19,8,blue
6631997e0554bb6d25062fd4,95,500,31,28,6,blue
6631997e0554bb6d25062fd4,96,600,31,27,12,blue
6631997e0554bb6d25062fd4,97,600,15,17,12,blue
6631997e0554bb6d25062fd4,98,500,14,10,2,blue
6631997e0554bb6d25062fd4,99,600,36,30,2,blue
6631997e0554bb6d25062fd4,100,600,22,26,8,blue
6631997e0554bb6d25062fd4,101,400,30,26,2,blue
6631997e0554bb6d25062fd4,102,600,33,30,6,blue
6631997e0554bb6d25062fd4,103,400,21,21,8,blue
6631997e0554bb6d25062fd4,104,500,36,34,12,blue
6631997e0554bb6d25062fd4,105,600,23,21,6,blue
6631997e0554bb6d25062fd4,106,500,19,18,8,blue
6631997e0554bb6d25062fd4,107,400,20,15,6,blue
6631997e0554bb6d25062fd4,108,500,18,17,8,blue
6631997e0554bb6d25062fd4,109,400,23,20,2,blue
6631997e0554bb6d25062fd4,110,500,22,22,12,blue
6631997e0554bb6d25062fd4,111,400,18,21,12,blue
6631997e0554bb6d25062fd4,112,500,20,26,8,blue
6631997e0554bb6d25062fd4,113,500,24,24,6,blue
6631997e0554bb6d25062fd4,114,500,34,39,6,blue
6631997e0554bb6d25062fd4,115,500,16,18,6,blue
6631997e0554bb6d25062fd4,116,400,18,16,6,blue
654e40f499dadc50cf250314,21,500,25,19,8,blue
654e40f499dadc50cf250314,22,400,26,22,2,blue
654e40f499dadc50cf250314,23,600,33,34,12,blue
654e40f499dadc50cf250314,24,600,22,9,12,blue
654e40f499dadc50cf250314,25,400,16,4,6,blue
654e40f499dadc50cf250314,26,500,23,20,6,blue
654e40f499dadc50cf250314,27,600,20,29,12,blue
654e40f499dadc50cf250314,28,600,30,35,6,blue
654e40f499dadc50cf250314,29,500,18,13,12,blue
654e40f499dadc50cf250314,30,500,16,18,2,blue
654e40f499dadc50cf250314,31,500,29,22,12,blue
654e40f499dadc50cf250314,32,400,34,44,6,blue
654e40f499dadc50cf250314,33,600,34,29,12,blue
654e40f499dadc50cf250314,34,400,24,28,12,blue
654e40f499dadc50cf250314,35,400,14,10,2,blue
654e40f499dadc50cf250314,36,400,22,19,2,blue
654e40f499dadc50cf250314,37,600,28,21,8,blue
654e40f499dadc50cf250314,38,500,33,26,6,blue
654e40f499dadc50cf250314,39,500,22,30,6,blue
654e40f499dadc50cf250314,40,500,34,32,12,blue
654e40f499dadc50cf250314,41,500,25,33,8,blue
654e40f499dadc50cf250314,42,400,20,11,2,blue
654e40f499dadc50cf250314,43,500,26,35,8,blue
654e40f499dadc50cf250314,44,400,28,11,12,blue
654e40f499dadc50cf250314,45,500,31,37,2,blue
654e40f499dadc50cf250314,46,600,32,20,6,blue
654e40f499dadc50cf250314,47,500,28,36,12,blue
654e40f499dadc50cf250314,48,600,30,13,8,blue
654e40f499dadc50cf250314,49,400,30,19,12,blue
654e40f499dadc50cf250314,50,400,21,20,8,blue
654e40f499dadc50cf250314,51,400,18,9,6,blue
654e40f499dadc50cf250314,52,500,27,23,6,blue
654e40f499dadc50cf250314,53,500,35,26,2,blue
654e40f499dadc50cf250314,54,400,29,29,8,blue
654e40f499dadc50cf250314,55,500,21,18,8,blue
654e40f499dadc50cf250314,56,600,29,21,8,blue
654e40f499dadc50cf250314,57,400,26,23,2,blue
654e40f499dadc50cf250314,58,600,26,16,2,blue
654e40f499dadc50cf250314,59,400,24,19,6,blue
654e40f499dadc50cf250314,60,600,21,10,6,blue
654e40f499dadc50cf250314,61,500,21,23,6,blue
654e40f499dadc50cf250314,62,600,23,18,2,blue
654e40f499dadc50cf250314,63,400,32,25,2,blue
654e40f499dadc50cf250314,64,400,15,11,2,blue
654e40f499dadc50cf250314,65,400,22,17,8,blue
654e40f499dadc50cf250314,66,400,33,29,8,blue
654e40f499dadc50cf250314,67,600,20,23,8,blue
654e40f499dadc50cf250314,68,500,35,23,12,blue
654e40f499dadc50cf250314,69,500,19,11,8,red
654e40f499dadc50cf250314,70,600,28,21,8,red
654e40f499dadc50cf250314,71,600,18,8,12,red
654e40f499dadc50cf250314,72,500,25,18,6,red
654e40f499dadc50cf250314,73,500,29,21,6,red
654e40f499dadc50cf250314,74,500,22,23,12,red
654e40f499dadc50cf250314,75,400,36,29,2,red
654e40f499dadc50cf250314,76,400,28,27,2,red
654e40f499dadc50cf250314,77,400,14,5,8,red
654e40f499dadc50cf250314,78,600,14,11,6,red
654e40f499dadc50cf250314,79,600,29,15,2,red
654e40f499dadc50cf250314,80,500,16,5,6,red
654e40f499dadc50cf250314,81,500,29,23,12,red
654e40f499dadc50cf250314,82,500,21,17,6,red
654e40f499dadc50cf250314,83,500,32,21,6,red
654e40f499dadc50cf250314,84,400,30,30,6,red
654e40f499dadc50cf250314,85,400,31,24,2,red
654e40f499dadc50cf250314,86,600,35,19,12,red
654e40f499dadc50cf250314,87,600,34,23,12,red
654e40f499dadc50cf250314,88,600,14,35,2,red
654e40f499dadc50cf250314,89,500,29,17,8,red
654e40f499dadc50cf250314,90,600,26,17,2,red
654e40f499dadc50cf250314,91,500,22,22,8,red
654e40f499dadc50cf250314,92,500,35,27,6,red
654e40f499dadc50cf250314,93,400,21,30,8,red
654e40f499dadc50cf250314,94,400,22,11,12,red
654e40f499dadc50cf250314,95,400,25,23,2,red
654e40f499dadc50cf250314,96,500,18,18,8,red
654e40f499dadc50cf250314,97,400,16,7,6,red
654e40f499dadc50cf250314,98,600,21,15,8,red
654e40f499dadc50cf250314,99,400,22,18,12,red
654e40f499dadc50cf250314,100,500,16,8,12,red
654e40f499dadc50cf250314,101,500,22,13,6,red
654e40f499dadc50cf250314,102,400,32,23,12,red
654e40f499dadc50cf250314,103,500,22,20,2,red
654e40f499dadc50cf250314,104,600,17,15,12,red
654e40f499dadc50cf250314,105,400,14,11,2,red
654e40f499dadc50cf250314,106,600,26,26,8,red
654e40f499dadc50cf250314,107,600,17,20,6,red
654e40f499dadc50cf250314,108,600,20,21,12,red
654e40f499dadc50cf250314,109,600,25,22,8,red
654e40f499dadc50cf250314,110,500,23,12,8,red
654e40f499dadc50cf250314,111,400,29,27,2,red
654e40f499dadc50cf250314,112,400,26,28,12,red
654e40f499dadc50cf250314,113,600,36,38,8,red
654e40f499dadc50cf250314,114,500,21,24,6,red
654e40f499dadc50cf250314,115,400,20,23,2,red
654e40f499dadc50cf250314,116,400,14,8,2,red
66a1b601c757d7182980cbc2,21,500,23,6,2,red
66a1b601c757d7182980cbc2,22,400,33,27,6,red
66a1b601c757d7182980cbc2,23,500,16,9,2,red
66a1b601c757d7182980cbc2,24,500,17,21,8,red
66a1b601c757d7182980cbc2,25,400,29,31,12,red
66a1b601c757d7182980cbc2,26,500,17,15,12,red
66a1b601c757d7182980cbc2,27,400,29,32,2,red
66a1b601c757d7182980cbc2,28,500,22,11,2,red
66a1b601c757d7182980cbc2,29,600,18,22,12,red
66a1b601c757d7182980cbc2,30,400,18,7,2,red
66a1b601c757d7182980cbc2,31,400,17,24,8,red
66a1b601c757d7182980cbc2,32,400,17,7,2,red
66a1b601c757d7182980cbc2,33,400,21,18,8,red
66a1b601c757d7182980cbc2,34,500,17,29,8,red
66a1b601c757d7182980cbc2,35,600,15,3,2,red
66a1b601c757d7182980cbc2,36,600,16,24,12,red
66a1b601c757d7182980cbc2,37,600,26,32,12,red
66a1b601c757d7182980cbc2,38,400,21,16,2,red
66a1b601c757d7182980cbc2,39,600,16,27,12,red
66a1b601c757d7182980cbc2,40,500,23,15,12,red
66a1b601c757d7182980cbc2,41,400,15,18,12,red
66a1b601c757d7182980cbc2,42,400,26,16,6,red
66a1b601c757d7182980cbc2,43,600,36,40,6,red
66a1b601c757d7182980cbc2,44,500,32,31,8,red
66a1b601c757d7182980cbc2,45,500,36,37,6,red
66a1b601c757d7182980cbc2,46,400,30,29,2,red
66a1b601c757d7182980cbc2,47,500,27,26,6,red
66a1b601c757d7182980cbc2,48,500,20,12,8,red
66a1b601c757d7182980cbc2,49,600,33,27,6,red
66a1b601c757d7182980cbc2,50,400,31,33,6,red
66a1b601c757d7182980cbc2,51,600,34,32,12,red
66a1b601c757d7182980cbc2,52,600,15,8,6,red
66a1b601c757d7182980cbc2,53,500,27,7,8,red
66a1b601c757d7182980cbc2,54,400,15,4,8,red
66a1b601c757d7182980cbc2,55,500,15,9,6,red
66a1b601c757d7182980cbc2,56,600,19,9,2,red
66a1b601c757d7182980cbc2,57,600,17,6,2,red
66a1b601c757d7182980cbc2,58,500,23,33,8,red
66a1b601c757d7182980cbc2,59,400,25,25,8,red
66a1b601c757d7182980cbc2,60,500,26,38,6,red
66a1b601c757d7182980cbc2,61,600,17,4,2,red
66a1b601c757d7182980cbc2,62,600,14,11,12,red
66a1b601c757d7182980cbc2,63,500,31,37,12,red
66a1b601c757d7182980cbc2,64,400,30,31,8,red
66a1b601c757d7182980cbc2,65,400,32,36,6,red
66a1b601c757d7182980cbc2,66,400,18,5,6,red
66a1b601c757d7182980cbc2,67,600,17,12,12,red
66a1b601c757d7182980cbc2,68,500,35,45,8,red
66a1b601c757d7182980cbc2,69,400,15,20,8,blue
66a1b601c757d7182980cbc2,70,600,30,30,8,blue
66a1b601c757d7182980cbc2,71,500,34,38,12,blue
66a1b601c757d7182980cbc2,72,600,24,24,6,blue
66a1b601c757d7182980cbc2,73,400,25,20,2,blue
66a1b601c757d7182980cbc2,74,400,18,18,6,blue
66a1b601c757d7182980cbc2,75,400,32,38,8,blue
66a1b601c757d7182980cbc2,76,400,19,30,8,blue
66a1b601c757d7182980cbc2,77,500,32,40,2,blue
66a1b601c757d7182980cbc2,78,500,31,39,2,blue
66a1b601c757d7182980cbc2,79,600,35,34,6,blue
66a1b601c757d7182980cbc2,80,600,26,32,12,blue
66a1b601c757d7182980cbc2,81,400,15,5,12,blue
66a1b601c757d7182980cbc2,82,600,33,31,8,blue
66a1b601c757d7182980cbc2,83,400,22,17,8,blue
66a1b601c757d7182980cbc2,84,600,35,39,12,blue
66a1b601c757d7182980cbc2,85,400,36,42,2,blue
66a1b601c757d7182980cbc2,86,500,31,27,8,blue
66a1b601c757d7182980cbc2,87,400,28,20,2,blue
66a1b601c757d7182980cbc2,88,400,16,7,2,blue
66a1b601c757d7182980cbc2,89,500,26,20,6,blue
66a1b601c757d7182980cbc2,90,400,35,44,12,blue
66a1b601c757d7182980cbc2,91,600,27,25,6,blue
66a1b601c757d7182980cbc2,92,600,17,13,6,blue
66a1b601c757d7182980cbc2,93,400,32,29,6,blue
66a1b601c757d7182980cbc2,94,600,29,34,6,blue
66a1b601c757d7182980cbc2,95,600,14,12,8,blue
66a1b601c757d7182980cbc2,96,500,18,10,2,blue
66a1b601c757d7182980cbc2,97,400,26,26,2,blue
66a1b601c757d7182980cbc2,98,400,24,31,12,blue
66a1b601c757d7182980cbc2,99,400,32,41,12,blue
66a1b601c757d7182980cbc2,100,400,27,24,6,blue
66a1b601c757d7182980cbc2,101,600,20,20,6,blue
66a1b601c757d7182980cbc2,102,600,29,22,2,blue
66a1b601c757d7182980cbc2,103,600,35,43,12,blue
66a1b601c757d7182980cbc2,104,500,30,31,8,blue
66a1b601c757d7182980cbc2,105,600,34,27,2,blue
66a1b601c757d7182980cbc2,106,500,20,13,8,blue
66a1b601c757d7182980cbc2,107,400,31,21,6,blue
66a1b601c757d7182980cbc2,108,600,29,32,12,blue
66a1b601c757d7182980cbc2,109,400,21,27,8,blue
66a1b601c757d7182980cbc2,110,400,19,19,6,blue
66a1b601c757d7182980cbc2,111,600,27,31,2,blue
66a1b601c757d7182980cbc2,112,600,23,27,12,blue
66a1b601c757d7182980cbc2,113,500,20,16,2,blue
66a1b601c757d7182980cbc2,114,500,23,31,8,blue
66a1b601c757d7182980cbc2,115,400,28,30,12,blue
66a1b601c757d7182980cbc2,116,400,33,38,12,blue
64a5e28179aa71f8f7d29e69,21,400,28,23,6,red
64a5e28179aa71f8f7d29e69,22,400,30,29,12,red
64a5e28179aa71f8f7d29e69,23,500,24,21,2,red
64a5e28179aa71f8f7d29e69,24,400,33,36,2,red
64a5e28179aa71f8f7d29e69,25,400,33,38,6,red
64a5e28179aa71f8f7d29e69,26,500,28,32,8,red
64a5e28179aa71f8f7d29e69,27,500,15,8,2,red
64a5e28179aa71f8f7d29e69,28,500,19,17,6,red
64a5e28179aa71f8f7d29e69,29,600,32,26,8,red
64a5e28179aa71f8f7d29e69,30,500,20,22,6,red
64a5e28179aa71f8f7d29e69,31,500,30,30,2,red
64a5e28179aa71f8f7d29e69,32,400,19,13,6,red
64a5e28179aa71f8f7d29e69,33,400,32,23,12,red
64a5e28179aa71f8f7d29e69,34,400,20,25,2,red
64a5e28179aa71f8f7d29e69,35,600,26,26,2,red
64a5e28179aa71f8f7d29e69,36,400,32,38,8,red
64a5e28179aa71f8f7d29e69,37,400,16,27,12,red
64a5e28179aa71f8f7d29e69,38,400,34,39,2,red
64a5e28179aa71f8f7d29e69,39,500,34,35,6,red
64a5e28179aa71f8f7d29e69,40,600,34,33,2,red
64a5e28179aa71f8f7d29e69,41,400,31,19,12,red
64a5e28179aa71f8f7d29e69,42,600,34,33,12,red
64a5e28179aa71f8f7d29e69,43,400,34,40,6,red
64a5e28179aa71f8f7d29e69,44,600,35,38,2,red
64a5e28179aa71f8f7d29e69,45,400,36,30,6,red
64a5e28179aa71f8f7d29e69,46,400,31,19,12,red
64a5e28179aa71f8f7d29e69,47,600,18,18,8,red
64a5e28179aa71f8f7d29e69,48,400,28,19,6,red
64a5e28179aa71f8f7d29e69,49,400,15,16,12,red
64a5e28179aa71f8f7d29e69,50,500,14,16,12,red
64a5e28179aa71f8f7d29e69,51,600,17,21,12,red
64a5e28179aa71f8f7d29e69,52,600,26,23,8,red
64a5e28179aa71f8f7d29e69,53,500,21,21,12,red
64a5e28179aa71f8f7d29e69,54,400,29,30,8,red
64a5e28179aa71f8f7d29e69,55,400,14,10,12,red
64a5e28179aa71f8f7d29e69,56,400,22,25,8,red
64a5e28179aa71f8f7d29e69,57,500,32,30,8,red
64a5e28179aa71f8f7d29e69,58,600,34,38,8,red
64a5e28179aa71f8f7d29e69,59,600,14,15,8,red
64a5e28179aa71f8f7d29e69,60,600,30,33,2,red
64a5e28179aa71f8f7d29e69,61,600,21,19,8,red
64a5e28179aa71f8f7d29e69,62,400,35,44,6,red
64a5e28179aa71f8f7d29e69,63,600,25,33,2,red
64a5e28179aa71f8f7d29e69,64,500,25,20,8,red
64a5e28179aa71f8f7d29e69,65,500,16,19,6,red
64a5e28179aa71f8f7d29e69,66,500,18,20,12,red
64a5e28179aa71f8f7d29e69,67,600,18,20,2,red
64a5e28179aa71f8f7d29e69,68,600,26,18,6,red
64a5e28179aa71f8f7d29e69,69,400,31,19,2,blue
64a5e28179aa71f8f7d29e69,70,500,18,23,12,blue
64a5e28179aa71f8f7d29e69,71,500,16,22,2,blue
64a5e28179aa71f8f7d29e69,72,600,15,19,6,blue
64a5e28179aa71f8f7d29e69,73,500,22,10,12,blue
64a5e28179aa71f8f7d29e69,74,500,24,16,6,blue
64a5e28179aa71f8f7d29e69,75,600,21,16,8,blue
64a5e28179aa71f8f7d29e69,76,600,24,24,6,blue
64a5e28179aa71f8f7d29e69,77,400,15,10,6,blue
64a5e28179aa71f8f7d29e69,78,600,29,13,2,blue
64a5e28179aa71f8f7d29e69,79,400,28,28,12,blue
64a5e28179aa71f8f7d29e69,80,600,16,5,2,blue
64a5e28179aa71f8f7d29e69,81,600,18,12,12,blue
64a5e28179aa71f8f7d29e69,82,500,20,17,2,blue
64a5e28179aa71f8f7d29e69,83,400,29,23,8,blue
64a5e28179aa71f8f7d29e69,84,500,23,15,12,blue
64a5e28179aa71f8f7d29e69,85,600,33,16,8,blue
64a5e28179aa71f8f7d29e69,86,500,36,35,6,blue
64a5e28179aa71f8f7d29e69,87,600,23,20,8,blue
64a5e28179aa71f8f7d29e69,88,400,21,16,6,blue
64a5e28179aa71f8f7d29e69,89,600,14,8,12,blue
64a5e28179aa71f8f7d29e69,90,500,27,19,8,blue
64a5e28179aa71f8f7d29e69,91,600,21,13,8,blue
64a5e28179aa71f8f7d29e69,92,600,16,19,12,blue
64a5e28179aa71f8f7d29e69,93,400,16,5,2,blue
64a5e28179aa71f8f7d29e69,94,400,30,35,2,blue
64a5e28179aa71f8f7d29e69,95,400,20,22,12,blue
64a5e28179aa71f8f7d29e69,96,400,29,26,2,blue
64a5e28179aa71f8f7d29e69,97,400,24,24,12,blue
64a5e28179aa71f8f7d29e69,98,400,20,22,8,blue
64a5e28179aa71f8f7d29e69,99,400,26,27,6,blue
64a5e28179aa71f8f7d29e69,100,600,32,29,6,blue
64a5e28179aa71f8f7d29e69,101,400,33,26,6,blue
64a5e28179aa71f8f7d29e69,102,400,14,4,2,blue
64a5e28179aa71f8f7d29e69,103,600,15,11,8,blue
64a5e28179aa71f8f7d29e69,104,500,32,48,2,blue
64a5e28179aa71f8f7d29e69,105,600,17,16,2,blue
64a5e28179aa71f8f7d29e69,106,500,18,6,2,blue
64a5e28179aa71f8f7d29e69,107,500,33,26,12,blue
64a5e28179aa71f8f7d29e69,108,400,24,22,6,blue
64a5e28179aa71f8f7d29e69,109,400,19,22,6,blue
64a5e28179aa71f8f7d29e69,110,400,23,19,8,blue
64a5e28179aa71f8f7d29e69,111,600,24,12,12,blue
64a5e28179aa71f8f7d29e69,112,600,17,17,8,blue
64a5e28179aa71f8f7d29e69,113,400,34,30,6,blue
64a5e28179aa71f8f7d29e69,114,600,16,19,8,blue
64a5e28179aa71f8f7d29e69,115,500,29,26,8,blue
64a5e28179aa71f8f7d29e69,116,600,27,23,12,blue
66660a053b08e2a34f9b945c,21,600,18,25,6,red
66660a053b08e2a34f9b945c,22,400,36,30,2,red
66660a053b08e2a34f9b945c,23,400,15,27,12,red
66660a053b08e2a34f9b945c,24,500,16,25,6,red
66660a053b08e2a34f9b945c,25,500,33,29,8,red
66660a053b08e2a34f9b945c,26,600,22,26,12,red
66660a053b08e2a34f9b945c,27,400,27,27,8,red
66660a053b08e2a34f9b945c,28,500,26,29,6,red
66660a053b08e2a34f9b945c,29,600,19,27,12,red
66660a053b08e2a34f9b945c,30,600,18,28,6,red
66660a053b08e2a34f9b945c,31,500,16,28,8,red
66660a053b08e2a34f9b945c,32,600,15,21,2,red
66660a053b08e2a34f9b945c,33,500,28,26,2,red
66660a053b08e2a34f9b945c,34,600,24,26,2,red
66660a053b08e2a34f9b945c,35,500,15,19,6,red
66660a053b08e2a34f9b945c,36,600,34,34,6,red
66660a053b08e2a34f9b945c,37,600,35,30,8,red
66660a053b08e2a34f9b945c,38,500,26,31,12,red
66660a053b08e2a34f9b945c,39,600,34,28,12,red
66660a053b08e2a34f9b945c,40,400,16,20,8,red
66660a053b08e2a34f9b945c,41,600,17,16,6,red
66660a053b08e2a34f9b945c,42,400,23,19,6,red
66660a053b08e2a34f9b945c,43,500,15,22,2,red
66660a053b08e2a34f9b945c,44,600,18,18,8,red
66660a053b08e2a34f9b945c,45,600,27,23,6,red
66660a053b08e2a34f9b945c,46,400,14,16,8,red
66660a053b08e2a34f9b945c,47,500,15,19,12,red
66660a053b08e2a34f9b945c,48,400,30,21,6,red
66660a053b08e2a34f9b945c,49,600,35,34,8,red
66660a053b08e2a34f9b945c,50,400,22,25,12,red
66660a053b08e2a34f9b945c,51,500,34,29,2,red
66660a053b08e2a34f9b945c,52,500,36,32,12,red
66660a053b08e2a34f9b945c,53,400,20,21,6,red
66660a053b08e2a34f9b945c,54,600,31,28,2,red
66660a053b08e2a34f9b945c,55,400,30,29,12,red
66660a053b08e2a34f9b945c,56,400,25,25,2,red
66660a053b08e2a34f9b945c,57,400,25,24,8,red
66660a053b08e2a34f9b945c,58,400,36,30,2,red
66660a053b08e2a34f9b945c,59,600,20,24,6,red
66660a053b08e2a34f9b945c,60,600,18,31,12,red
66660a053b08e2a34f9b945c,61,400,17,20,12,red
66660a053b08e2a34f9b945c,62,600,20,22,2,red
66660a053b08e2a34f9b945c,63,500,27,24,8,red
66660a053b08e2a34f9b945c,64,400,32,30,8,red
66660a053b08e2a34f9b945c,65,600,18,20,12,red
66660a053b08e2a34f9b945c,66,400,27,22,2,red
66660a053b08e2a34f9b945c,67,600,18,20,2,red
66660a053b08e2a34f9b945c,68,500,21,23,8,red
66660a053b08e2a34f9b945c,69,600,15,15,2,blue
66660a053b08e2a34f9b945c,70,400,15,13,2,blue
66660a053b08e2a34f9b945c,71,600,28,15,12,blue
66660a053b08e2a34f9b945c,72,400,21,20,2,blue
66660a053b08e2a34f9b945c,73,500,28,23,8,blue
66660a053b08e2a34f9b945c,74,500,34,27,8,blue
66660a053b08e2a34f9b945c,75,600,30,28,8,blue
66660a053b08e2a34f9b945c,76,400,32,24,6,blue
66660a053b08e2a34f9b945c,77,400,18,17,2,blue
66660a053b08e2a34f9b945c,78,400,17,20,6,blue
66660a053b08e2a34f9b945c,79,400,21,19,12,blue
66660a053b08e2a34f9b945c,80,600,23,20,12,blue
66660a053b08e2a34f9b945c,81,500,21,16,8,blue
66660a053b08e2a34f9b945c,82,500,14,22,12,blue
66660a053b08e2a34f9b945c,83,600,29,20,2,blue
66660a053b08e2a34f9b945c,84,500,26,24,12,blue
66660a053b08e2a34f9b945c,85,500,30,23,6,blue
66660a053b08e2a34f9b945c,86,400,14,18,2,blue
66660a053b08e2a34f9b945c,87,400,18,17,8,blue
66660a053b08e2a34f9b945c,88,600,33,19,8,blue
66660a053b08e2a34f9b945c,89,500,15,18,2,blue
66660a053b08e2a34f9b945c,90,600,22,24,12,blue
66660a053b08e2a34f9b945c,91,400,35,19,8,blue
66660a053b08e2a34f9b945c,92,500,21,17,2,blue
66660a053b08e2a34f9b945c,93,500,17,18,8,blue
66660a053b08e2a34f9b945c,94,400,28,16,8,blue
66660a053b08e2a34f9b945c,95,600,15,18,12,blue
66660a053b08e2a34f9b945c,96,400,36,17,6,blue
66660a053b08e2a34f9b945c,97,400,19,19,6,blue
66660a053b08e2a34f9b945c,98,600,17,19,12,blue
66660a053b08e2a34f9b945c,99,600,16,18,2,blue
66660a053b08e2a34f9b945c,100,600,23,18,12,blue
66660a053b08e2a34f9b945c,101,600,14,15,6,blue
66660a053b08e2a34f9b945c,102,500,28,17,6,blue
66660a053b08e2a34f9b945c,103,500,20,16,6,blue
66660a053b08e2a34f9b945c,104,600,15,19,6,blue
66660a053b08e2a34f9b945c,105,400,14,15,12,blue
66660a053b08e2a34f9b945c,106,400,30,30,6,blue
66660a053b08e2a34f9b945c,107,600,14,11,2,blue
66660a053b08e2a34f9b945c,108,400,24,16,2,blue
66660a053b08e2a34f9b945c,109,400,22,17,12,blue
66660a053b08e2a34f9b945c,110,600,23,15,2,blue
66660a053b08e2a34f9b945c,111,500,30,23,8,blue
66660a053b08e2a34f9b945c,112,600,23,21,8,blue
66660a053b08e2a34f9b945c,113,400,30,15,8,blue
66660a053b08e2a34f9b945c,114,400,24,18,6,blue
66660a053b08e2a34f9b945c,115,400,23,18,6,blue
66660a053b08e2a34f9b945c,116,400,30,17,12,blue
5ef3a5fff378fa1321125965,21,500,14,15,6,red
5ef3a5fff378fa1321125965,22,400,21,18,6,red
5ef3a5fff378fa1321125965,23,500,36,34,2,red
5ef3a5fff378fa1321125965,24,600,19,21,12,red
5ef3a5fff378fa1321125965,25,600,31,32,8,red
5ef3a5fff378fa1321125965,26,500,19,26,12,red
5ef3a5fff378fa1321125965,27,500,26,26,12,red
5ef3a5fff378fa1321125965,28,400,22,28,8,red
5ef3a5fff378fa1321125965,29,600,21,21,12,red
5ef3a5fff378fa1321125965,30,500,19,22,12,red
5ef3a5fff378fa1321125965,31,500,22,20,6,red
5ef3a5fff378fa1321125965,32,600,22,19,2,red
5ef3a5fff378fa1321125965,33,400,15,15,6,red
5ef3a5fff378fa1321125965,34,400,34,31,8,red
5ef3a5fff378fa1321125965,35,600,23,24,12,red
5ef3a5fff378fa1321125965,36,600,34,35,2,red
5ef3a5fff378fa1321125965,37,600,18,19,2,red
5ef3a5fff378fa1321125965,38,600,21,19,2,red
5ef3a5fff378fa1321125965,39,500,25,29,8,red
5ef3a5fff378fa1321125965,40,400,35,33,6,red
5ef3a5fff378fa1321125965,41,500,14,11,2,red
5ef3a5fff378fa1321125965,42,500,18,17,6,red
5ef3a5fff378fa1321125965,43,600,34,40,12,red
5ef3a5fff378fa1321125965,44,600,26,18,2,red
5ef3a5fff378fa1321125965,45,400,30,34,6,red
5ef3a5fff378fa1321125965,46,500,29,32,12,red
5ef3a5fff378fa1321125965,47,600,18,18,8,red
5ef3a5fff378fa1321125965,48,600,30,32,12,red
5ef3a5fff378fa1321125965,49,600,29,32,6,red
5ef3a5fff378fa1321125965,50,500,35,33,2,red
5ef3a5fff378fa1321125965,51,400,24,29,12,red
5ef3a5fff378fa1321125965,52,600,34,39,6,red
5ef3a5fff378fa1321125965,53,500,18,13,2,red
5ef3a5fff378fa1321125965,54,400,21,20,8,red
5ef3a5fff378fa1321125965,55,400,30,0,6,red
5ef3a5fff378fa1321125965,56,500,30,35,8,red
5ef3a5fff378fa1321125965,57,400,21,27,8,red
5ef3a5fff378fa1321125965,58,500,24,23,8,red
5ef3a5fff378fa1321125965,59,500,19,20,6,red
5ef3a5fff378fa1321125965,60,500,23,20,2,red
5ef3a5fff378fa1321125965,61,400,24,25,8,red
5ef3a5fff378fa1321125965,62,500,23,26,2,red
5ef3a5fff378fa1321125965,63,400,26,27,12,red
5ef3a5fff378fa1321125965,64,400,26,32,8,red
5ef3a5fff378fa1321125965,65,400,23,25,2,red
5ef3a5fff378fa1321125965,66,500,20,27,12,red
5ef3a5fff378fa1321125965,67,600,23,24,8,red
5ef3a5fff378fa1321125965,68,400,30,24,6,red
5ef3a5fff378fa1321125965,69,500,24,21,2,blue
5ef3a5fff378fa1321125965,70,500,28,26,8,blue
5ef3a5fff378fa1321125965,71,500,25,23,8,blue
5ef3a5fff378fa1321125965,72,500,32,33,2,blue
5ef3a5fff378fa1321125965,73,400,28,28,2,blue
5ef3a5fff378fa1321125965,74,600,35,36,6,blue
5ef3a5fff378fa1321125965,75,600,20,13,6,blue
5ef3a5fff378fa1321125965,76,400,28,29,12,blue
5ef3a5fff378fa1321125965,77,400,20,20,8,blue
5ef3a5fff378fa1321125965,78,600,33,27,8,blue
5ef3a5fff378fa1321125965,79,400,31,29,2,blue
5ef3a5fff378fa1321125965,80,400,25,23,8,blue
5ef3a5fff378fa1321125965,81,600,27,21,2,blue
5ef3a5fff378fa1321125965,82,500,30,28,6,blue
5ef3a5fff378fa1321125965,83,500,31,28,6,blue
5ef3a5fff378fa1321125965,84,500,19,11,2,blue
5ef3a5fff378fa1321125965,85,600,28,20,2,blue
5ef3a5fff378fa1321125965,86,500,17,13,6,blue
5ef3a5fff378fa1321125965,87,600,25,23,8,blue
5ef3a5fff378fa1321125965,88,400,17,17,8,blue
5ef3a5fff378fa1321125965,89,400,16,21,12,blue
5ef3a5fff378fa1321125965,90,500,27,26,8,blue
5ef3a5fff378fa1321125965,91,600,14,10,2,blue
5ef3a5fff378fa1321125965,92,600,22,19,12,blue
5ef3a5fff378fa1321125965,93,400,27,22,6,blue
5ef3a5fff378fa1321125965,94,400,28,29,12,blue
5ef3a5fff378fa1321125965,95,500,20,27,12,blue
5ef3a5fff378fa1321125965,96,600,20,16,6,blue
5ef3a5fff378fa1321125965,97,400,16,16,6,blue
5ef3a5fff378fa1321125965,98,500,30,35,12,blue
5ef3a5fff378fa1321125965,99,600,35,38,6,blue
5ef3a5fff378fa1321125965,100,500,34,34,2,blue
5ef3a5fff378fa1321125965,101,500,33,37,12,blue
5ef3a5fff378fa1321125965,102,600,24,29,8,blue
5ef3a5fff378fa1321125965,103,400,19,13,2,blue
5ef3a5fff378fa1321125965,104,400,29,34,12,blue
5ef3a5fff378fa1321125965,105,600,32,28,2,blue
5ef3a5fff378fa1321125965,106,400,30,35,12,blue
5ef3a5fff378fa1321125965,107,600,33,35,2,blue
5ef3a5fff378fa1321125965,108,400,18,12,8,blue
5ef3a5fff378fa1321125965,109,600,33,33,6,blue
5ef3a5fff378fa1321125965,110,400,28,34,12,blue
5ef3a5fff378fa1321125965,111,400,26,24,6,blue
5ef3a5fff378fa1321125965,112,400,35,34,6,blue
5ef3a5fff378fa1321125965,113,500,15,18,8,blue
5ef3a5fff378fa1321125965,114,600,28,33,12,blue
5ef3a5fff378fa1321125965,115,400,34,31,8,blue
5ef3a5fff378fa1321125965,116,600,23,21,12,blue
5e5dba9e3d60470d71dde9ef,21,400,36,37,2,red
5e5dba9e3d60470d71dde9ef,22,600,23,14,2,red
5e5dba9e3d60470d71dde9ef,23,600,36,36,6,red
5e5dba9e3d60470d71dde9ef,24,600,19,18,8,red
5e5dba9e3d60470d71dde9ef,25,500,34,36,8,red
5e5dba9e3d60470d71dde9ef,26,400,26,30,6,red
5e5dba9e3d60470d71dde9ef,27,400,19,21,6,red
5e5dba9e3d60470d71dde9ef,28,600,22,16,6,red
5e5dba9e3d60470d71dde9ef,29,500,29,27,2,red
5e5dba9e3d60470d71dde9ef,30,600,23,31,12,red
5e5dba9e3d60470d71dde9ef,31,500,19,19,6,red
5e5dba9e3d60470d71dde9ef,32,600,32,33,12,red
5e5dba9e3d60470d71dde9ef,33,500,15,12,2,red
5e5dba9e3d60470d71dde9ef,34,500,29,31,12,red
5e5dba9e3d60470d71dde9ef,35,500,32,38,12,red
5e5dba9e3d60470d71dde9ef,36,500,34,34,8,red
5e5dba9e3d60470d71dde9ef,37,600,23,32,6,red
5e5dba9e3d60470d71dde9ef,38,600,14,12,12,red
5e5dba9e3d60470d71dde9ef,39,600,29,28,6,red
5e5dba9e3d60470d71dde9ef,40,600,16,14,12,red
5e5dba9e3d60470d71dde9ef,41,400,17,13,6,red
5e5dba9e3d60470d71dde9ef,42,400,29,28,6,red
5e5dba9e3d60470d71dde9ef,43,400,17,11,2,red
5e5dba9e3d60470d71dde9ef,44,400,26,22,2,red
5e5dba9e3d60470d71dde9ef,45,400,18,25,12,red
5e5dba9e3d60470d71dde9ef,46,600,28,23,2,red
5e5dba9e3d60470d71dde9ef,47,500,36,38,2,red
5e5dba9e3d60470d71dde9ef,48,500,16,16,12,red
5e5dba9e3d60470d71dde9ef,49,500,32,35,8,red
5e5dba9e3d60470d71dde9ef,50,400,26,28,2,red
5e5dba9e3d60470d71dde9ef,51,500,33,39,12,red
5e5dba9e3d60470d71dde9ef,52,600,23,19,8,red
5e5dba9e3d60470d71dde9ef,53,600,18,25,12,red
5e5dba9e3d60470d71dde9ef,54,400,28,28,2,red
5e5dba9e3d60470d71dde9ef,55,400,25,31,8,red
5e5dba9e3d60470d71dde9ef,56,400,33,32,6,red
5e5dba9e3d60470d71dde9ef,57,600,16,9,6,red
5e5dba9e3d60470d71dde9ef,58,400,20,15,8,red
5e5dba9e3d60470d71dde9ef,59,400,19,21,8,red
5e5dba9e3d60470d71dde9ef,60,400,21,17,8,red
5e5dba9e3d60470d71dde9ef,61,400,19,17,2,red
5e5dba9e3d60470d71dde9ef,62,600,30,34,8,red
5e5dba9e3d60470d71dde9ef,63,400,25,28,12,red
5e5dba9e3d60470d71dde9ef,64,500,30,24,6,red
5e5dba9e3d60470d71dde9ef,65,400,36,36,8,red
5e5dba9e3d60470d71dde9ef,66,500,14,18,2,red
5e5dba9e3d60470d71dde9ef,67,500,28,33,8,red
5e5dba9e3d60470d71dde9ef,68,600,26,38,12,red
5e5dba9e3d60470d71dde9ef,69,600,29,36,8,blue
5e5dba9e3d60470d71dde9ef,70,400,30,28,6,blue
5e5dba9e3d60470d71dde9ef,71,400,16,14,2,blue
5e5dba9e3d60470d71dde9ef,72,500,29,31,12,blue
5e5dba9e3d60470d71dde9ef,73,500,22,25,2,blue
5e5dba9e3d60470d71dde9ef,74,400,24,29,12,blue
5e5dba9e3d60470d71dde9ef,75,500,18,22,8,blue
5e5dba9e3d60470d71dde9ef,76,600,27,21,2,blue
5e5dba9e3d60470d71dde9ef,77,600,19,17,6,blue
5e5dba9e3d60470d71dde9ef,78,600,36,31,2,blue
5e5dba9e3d60470d71dde9ef,79,400,28,30,8,blue
5e5dba9e3d60470d71dde9ef,80,500,19,20,12,blue
5e5dba9e3d60470d71dde9ef,81,400,15,15,8,blue
5e5dba9e3d60470d71dde9ef,82,400,24,21,2,blue
5e5dba9e3d60470d71dde9ef,83,400,16,14,6,blue
5e5dba9e3d60470d71dde9ef,84,500,19,21,12,blue
5e5dba9e3d60470d71dde9ef,85,600,24,27,12,blue
5e5dba9e3d60470d71dde9ef,86,400,25,23,6,blue
5e5dba9e3d60470d71dde9ef,87,400,16,14,6,blue
5e5dba9e3d60470d71dde9ef,88,500,35,33,2,blue
5e5dba9e3d60470d71dde9ef,89,500,23,24,8,blue
5e5dba9e3d60470d71dde9ef,90,600,31,31,8,blue
5e5dba9e3d60470d71dde9ef,91,500,14,13,6,blue
5e5dba9e3d60470d71dde9ef,92,600,23,19,12,blue
5e5dba9e3d60470d71dde9ef,93,400,29,29,2,blue
5e5dba9e3d60470d71dde9ef,94,400,20,17,2,blue
5e5dba9e3d60470d71dde9ef,95,600,36,22,2,blue
5e5dba9e3d60470d71dde9ef,96,600,33,34,2,blue
5e5dba9e3d60470d71dde9ef,97,500,23,25,6,blue
5e5dba9e3d60470d71dde9ef,98,500,21,18,6,blue
5e5dba9e3d60470d71dde9ef,99,600,26,25,8,blue
5e5dba9e3d60470d71dde9ef,100,600,31,34,12,blue
5e5dba9e3d60470d71dde9ef,101,400,26,28,12,blue
5e5dba9e3d60470d71dde9ef,102,400,17,26,8,blue
5e5dba9e3d60470d71dde9ef,103,600,23,25,6,blue
5e5dba9e3d60470d71dde9ef,104,500,24,24,8,blue
5e5dba9e3d60470d71dde9ef,105,400,30,31,6,blue
5e5dba9e3d60470d71dde9ef,106,600,26,31,12,blue
5e5dba9e3d60470d71dde9ef,107,600,25,25,2,blue
5e5dba9e3d60470d71dde9ef,108,600,16,17,2,blue
5e5dba9e3d60470d71dde9ef,109,500,19,16,12,blue
5e5dba9e3d60470d71dde9ef,110,600,34,31,6,blue
5e5dba9e3d60470d71dde9ef,111,500,14,9,8,blue
5e5dba9e3d60470d71dde9ef,112,400,34,37,6,blue
5e5dba9e3d60470d71dde9ef,113,400,34,40,8,blue
5e5dba9e3d60470d71dde9ef,114,500,15,9,12,blue
5e5dba9e3d60470d71dde9ef,115,500,35,41,8,blue
5e5dba9e3d60470d71dde9ef,116,400,32,37,12,blue