"comparison_set","experiment","measure","contrast","condition","estimate","SE","df","t.ratio","p.value","array_length"
"noise","exp2","slope_fwd","X2 - X10","average",0.135188687091498,0.024332238387832,161,5.55594947479647,3.35121008054884e-07,NA
"noise","exp2","slope_fwd","X2 - X20","average",0.077336339156289,0.026600780983469,161,2.90729581226768,0.0115312880466869,NA
"noise","exp2","slope_fwd","X10 - X20","average",-0.0578523479352086,0.0203595491705882,161,-2.84153383999205,0.0139718067344495,NA
"noise","exp2","slope_fwd","X2 - X10","experience",0.0907027531147981,0.0257149642993902,161,3.52723620607744,0.0015793547294074,NA
"noise","exp2","slope_fwd","X2 - X20","experience",0.0419750583542732,0.0281124211600638,161,1.49311431111819,0.296914565089017,NA
"noise","exp2","slope_fwd","X10 - X20","experience",-0.048727694760525,0.0215165194310759,161,-2.26466436249668,0.0638012625996972,NA
"condition","exp2","slope_fwd","average - experience",NA,-0.104402122890505,0.0407148039825885,161,-2.56423002638431,0.0112547799150669,"X2"
"condition","exp2","slope_fwd","average - experience",NA,-0.148888056867204,0.0375312818151284,161,-3.96703895168295,0.000109305431466089,"X10"
"condition","exp2","slope_fwd","average - experience",NA,-0.139763403692521,0.0361222362211274,161,-3.86917916257839,0.000158300125694374,"X20"
"noise","exp2","slope_rev","X2 - X10","average",-0.00602061135676665,0.0179662204793226,161,-0.33510728445617,0.940001419524286,NA
"noise","exp2","slope_rev","X2 - X20","average",-0.0020218929757671,0.0180987052690269,161,-0.111714785434252,0.99314340101715,NA
"noise","exp2","slope_rev","X10 - X20","average",0.00399871838099958,0.0177505869308639,161,0.225272459810711,0.972416791933499,NA
"noise","exp2","slope_rev","X2 - X10","experience",-0.00435031652851173,0.0189871852665964,161,-0.229118559040192,0.971480836779074,NA
"noise","exp2","slope_rev","X2 - X20","experience",0.00288505035009318,0.0191271987574704,161,0.15083496473661,0.987536521389561,NA
"noise","exp2","slope_rev","X10 - X20","experience",0.00723536687860488,0.0187592979299698,161,0.385694971401124,0.921319618184777,NA
"condition","exp2","slope_rev","average - experience",NA,0.0874251193727643,0.029902579670262,161,2.92366479202823,0.00395814640545493,"X2"
"condition","exp2","slope_rev","average - experience",NA,0.0890954142010191,0.0328194413658801,161,2.71471452569101,0.00735680145918722,"X10"
"condition","exp2","slope_rev","average - experience",NA,0.0923320626986245,0.0321680696149292,161,2.87030163152137,0.00465208878194818,"X20"
"noise","exp2","r","X2 - X10","average",0.175125991836706,0.0351735912036938,161,4.97890564607217,4.86479852257471e-06,NA
"noise","exp2","r","X2 - X20","average",0.114647675652921,0.0336976874798992,161,3.40224164406858,0.0024183016601268,NA
"noise","exp2","r","X10 - X20","average",-0.0604783161837845,0.0287230369006943,161,-2.10556830717028,0.0918795244955731,NA
"noise","exp2","r","X2 - X10","experience",0.0953084134352745,0.0371723976918066,161,2.56395657405446,0.0301282458236583,NA
"noise","exp2","r","X2 - X20","experience",0.0811803088027331,0.0356126229205017,161,2.27953748264913,0.0615870960355728,NA
"noise","exp2","r","X10 - X20","experience",-0.0141281046325415,0.0303552783224739,161,-0.46542497428138,0.887554325416832,NA
"condition","exp2","r","average - experience",NA,0.00759338050837797,0.0503991266019675,161,0.150664922595733,0.880428644315572,"X2"
"condition","exp2","r","average - experience",NA,-0.072224197893053,0.0482116188693109,161,-1.49806622525649,0.136074114870398,"X10"
"condition","exp2","r","average - experience",NA,-0.02587398634181,0.042335557948079,161,-0.611164411097222,0.541952669595846,"X20"
"noise","exp2","bias","X2 - X10","average",-1.71677093443001,0.21114826400014,161,-8.13064195701309,3.44946293751036e-13,NA
"noise","exp2","bias","X2 - X20","average",-0.0155511881014856,0.293583424619228,161,-0.052970252396419,0.998454275135215,NA
"noise","exp2","bias","X10 - X20","average",1.70121974632853,0.204294218104073,161,8.32730246659197,1.23789867245705e-13,NA
"noise","exp2","bias","X2 - X10","experience",-2.40865725449489,0.223147167313512,161,-10.7940301617669,1.21014309684142e-14,NA
"noise","exp2","bias","X2 - X20","experience",-0.690901612666868,0.310266863354073,161,-2.22679794161073,0.0697387734490111,NA
"noise","exp2","bias","X10 - X20","experience",1.71775564182802,0.215903627170824,161,7.95612220293515,9.12492303939416e-13,NA
"condition","exp2","bias","average - experience",NA,-0.905806170630528,0.416125387079901,161,-2.17676257867104,0.0309548708204802,"X2"
"condition","exp2","bias","average - experience",NA,-1.59769249069541,0.474526967696388,161,-3.36691610690005,0.000950775304406965,"X10"
"condition","exp2","bias","average - experience",NA,-1.58115659519591,0.50275248425024,161,-3.14500006410491,0.00197838920606397,"X20"
"noise","exp2","abs_error","X2 - X10","average",0.24086967698806,0.152948830365195,161,1.57483830646457,0.259478565918445,NA
"noise","exp2","abs_error","X2 - X20","average",-0.467104971628097,0.163622987340507,161,-2.85476374206536,0.0134465298055315,NA
"noise","exp2","abs_error","X10 - X20","average",-0.707974648616156,0.133081255063952,161,-5.31986753713693,1.0246556018112e-06,NA
"noise","exp2","abs_error","X2 - X10","experience",0.091919665774548,0.161640439723841,161,0.568667506297253,0.836966873764979,NA
"noise","exp2","abs_error","X2 - X20","experience",-0.224254591870392,0.172921176052788,161,-1.29686020526447,0.399013824948797,NA
"noise","exp2","abs_error","X10 - X20","experience",-0.31617425764494,0.140643851516715,161,-2.24804891387209,0.0663527246806994,NA
"condition","exp2","abs_error","average - experience",NA,0.218740020069686,0.247286989393533,161,0.884559355937577,0.377713426370261,"X2"
"condition","exp2","abs_error","average - experience",NA,0.0697900088561752,0.208946147709937,161,0.334009550408458,0.738807013054869,"X10"
"condition","exp2","abs_error","average - experience",NA,0.461590399827392,0.248373162847046,161,1.8584552152748,0.0649300996063384,"X20"
"noise","exp2","sd_response","X2 - X10","average",0.540670565948629,0.150136180615782,161,3.60120101451279,0.00122033053118464,NA
"noise","exp2","sd_response","X2 - X20","average",0.223086260876848,0.163807264555741,161,1.36188258488948,0.363397094662404,NA
"noise","exp2","sd_response","X10 - X20","average",-0.317584305071782,0.126831370932736,161,-2.50398858528629,0.0352477771743495,NA
"noise","exp2","sd_response","X2 - X10","experience",0.298214112949903,0.158667955781344,161,1.87948544166577,0.147938564485951,NA
"noise","exp2","sd_response","X2 - X20","experience",0.0702069228538028,0.173115925172677,161,0.405548610179994,0.913388396685106,NA
"noise","exp2","sd_response","X10 - X20","experience",-0.2280071900961,0.13403880578488,161,-1.70105357743958,0.207927653011846,NA
"condition","exp2","sd_response","average - experience",NA,-0.857473504850199,0.251944911190418,161,-3.40341664691186,0.000839842901094006,"X2"
"condition","exp2","sd_response","average - experience",NA,-1.09992995784893,0.258804017588222,161,-4.25004977936241,3.60841813025193e-05,"X10"
"condition","exp2","sd_response","average - experience",NA,-1.01035284287324,0.259536981666252,161,-3.8929051127384,0.000144795151382289,"X20"
"noise","exp2","sd_objective","X2 - X10","average",-0.0410511847315567,0.085584672093876,161,-0.479655804330577,0.881013634205827,NA
"noise","exp2","sd_objective","X2 - X20","average",-0.0755150993478738,0.0841918960878304,161,-0.896940238394147,0.643019528611065,NA
"noise","exp2","sd_objective","X10 - X20","average",-0.0344639146163172,0.0889328214909004,161,-0.387527507151491,0.920601348075722,NA
"noise","exp2","sd_objective","X2 - X10","experience",-0.0838162115808946,0.0904481845192515,161,-0.926676549964966,0.624249474192702,NA
"noise","exp2","sd_objective","X2 - X20","experience",-0.0157396585254078,0.0889762613569985,161,-0.176897278952368,0.982898383517393,NA
"noise","exp2","sd_objective","X10 - X20","experience",0.0680765530554869,0.0939865988994329,161,0.724321912407213,0.74945292147764,NA
"condition","exp2","sd_objective","average - experience",NA,0.0584000042835891,0.0864573225789063,161,0.675477825840485,0.50034124718468,"X2"
"condition","exp2","sd_objective","average - experience",NA,0.0156349774342514,0.0943389089829256,161,0.165732014529457,0.868575780744133,"X10"
"condition","exp2","sd_objective","average - experience",NA,0.118175445106055,0.089090841352483,161,1.32646008626746,0.186565839722145,"X20"
"noise","exp2","mean_rt","X2 - X10","average",-2.80033209766295,21.0987299748602,161,-0.132725149854974,0.990335762785132,NA
"noise","exp2","mean_rt","X2 - X20","average",-83.0639897213435,24.684954425646,161,-3.36496427293564,0.00273934845933055,NA
"noise","exp2","mean_rt","X10 - X20","average",-80.2636576236804,20.6380856798658,161,-3.88910380878903,0.000429730879837775,NA
"noise","exp2","mean_rt","X2 - X10","experience",-52.7629554149009,22.2977055961002,161,-2.36629527587488,0.0499133328928101,NA
"noise","exp2","mean_rt","X2 - X20","experience",-70.8400632745003,26.0877240996044,161,-2.71545585977639,0.0199761783325652,NA
"noise","exp2","mean_rt","X10 - X20","experience",-18.0771078595996,21.8108843093902,161,-0.828811322052489,0.685718111339537,NA
"condition","exp2","mean_rt","average - experience",NA,252.648262211458,141.599456642267,161,1.78424598654882,0.0762670476614346,"X2"
"condition","exp2","mean_rt","average - experience",NA,202.68563889422,148.259331332112,161,1.36710207089893,0.173499054131823,"X10"
"condition","exp2","mean_rt","average - experience",NA,264.872188658301,149.214906893013,161,1.77510541120543,0.0777699507371841,"X20"
