"participant_id","condition","array_length","band","n_trials","dist","inward"
"average.55a56724fdf99b7973398109","average","2","extreme",14,7.20186335403727,2.5
"average.55a56724fdf99b7973398109","average","2","middle",17,2.5460358056266,-0.470588235294118
"average.55a56724fdf99b7973398109","average","10","extreme",16,7.69565217391304,1.375
"average.55a56724fdf99b7973398109","average","10","middle",16,2.60869565217391,-1.1875
"average.55a56724fdf99b7973398109","average","20","extreme",19,7.72196796338673,-0.157894736842105
"average.55a56724fdf99b7973398109","average","20","middle",10,2.2,-0.4
"average.55d35a63da14d7001295328e","average","2","extreme",18,8.02329749103943,-1.16666666666667
"average.55d35a63da14d7001295328e","average","2","middle",13,2.71464019851117,-1.07692307692308
"average.55d35a63da14d7001295328e","average","10","extreme",10,7.74193548387097,1.7
"average.55d35a63da14d7001295328e","average","10","middle",20,3.35268817204301,-1
"average.55d35a63da14d7001295328e","average","20","extreme",20,7.77096774193548,-2.3
"average.55d35a63da14d7001295328e","average","20","middle",12,3.04390681003584,-2.25
"average.55d4d11258c35800113dc2ab","average","2","extreme",14,8.04945054945055,1
"average.55d4d11258c35800113dc2ab","average","2","middle",13,2.59763313609467,-3.23076923076923
"average.55d4d11258c35800113dc2ab","average","10","extreme",18,8.46581196581197,2.16666666666667
"average.55d4d11258c35800113dc2ab","average","10","middle",14,2.94505494505494,-1.5
"average.55d4d11258c35800113dc2ab","average","20","extreme",18,8.67094017094017,1.11111111111111
"average.55d4d11258c35800113dc2ab","average","20","middle",14,2.61538461538461,-0.142857142857143
"average.56e6a66af6ed900006a5867c","average","2","extreme",13,8.39525368248773,1.07692307692308
"average.56e6a66af6ed900006a5867c","average","2","middle",19,2.56159014557671,-1.05263157894737
"average.56e6a66af6ed900006a5867c","average","10","extreme",8,8.18351063829787,0.875
"average.56e6a66af6ed900006a5867c","average","10","middle",24,2.8386524822695,2.375
"average.56e6a66af6ed900006a5867c","average","20","extreme",19,8.54031354983203,4.21052631578947
"average.56e6a66af6ed900006a5867c","average","20","middle",11,2.7147001934236,5.72727272727273
"average.579f1d3bc9abeb0001af52d8","average","2","extreme",22,8.06478578892372,2.27272727272727
"average.579f1d3bc9abeb0001af52d8","average","2","middle",10,3.21494252873563,2.4
"average.579f1d3bc9abeb0001af52d8","average","10","extreme",21,8.06732348111658,-1.04761904761905
"average.579f1d3bc9abeb0001af52d8","average","10","middle",9,3.34865900383142,-2.33333333333333
"average.579f1d3bc9abeb0001af52d8","average","20","extreme",10,8.9,-0.6
"average.579f1d3bc9abeb0001af52d8","average","20","middle",15,2.85747126436782,1.33333333333333
"average.57bfc1beef05670001ee84c2","average","2","extreme",18,8.65957446808511,0.833333333333333
"average.57bfc1beef05670001ee84c2","average","2","middle",13,2.26432078559738,-0.384615384615384
"average.57bfc1beef05670001ee84c2","average","10","extreme",20,8.0063829787234,2.4
"average.57bfc1beef05670001ee84c2","average","10","middle",12,3.81205673758865,1.08333333333333
"average.57bfc1beef05670001ee84c2","average","20","extreme",16,9.40691489361702,1.875
"average.57bfc1beef05670001ee84c2","average","20","middle",15,3.46170212765958,3.93333333333333
"average.580cab86b869700001d71628","average","2","extreme",15,8.93481481481481,0.466666666666667
"average.580cab86b869700001d71628","average","2","middle",15,3.46518518518519,-0.4
"average.580cab86b869700001d71628","average","10","extreme",16,8.625,3.5625
"average.580cab86b869700001d71628","average","10","middle",15,2.66518518518519,-0.0666666666666667
"average.580cab86b869700001d71628","average","20","extreme",14,7.7984126984127,3
"average.580cab86b869700001d71628","average","20","middle",15,2.85925925925926,0.866666666666666
"average.58509fbda6946500016117ed","average","2","extreme",19,8.16125419932811,6.42105263157895
"average.58509fbda6946500016117ed","average","2","middle",13,2.66284779050737,0.0769230769230772
"average.58509fbda6946500016117ed","average","10","extreme",22,9.40909090909091,4.59090909090909
"average.58509fbda6946500016117ed","average","10","middle",8,3.21010638297872,0.75
"average.58509fbda6946500016117ed","average","20","extreme",11,8.48549323017408,2.09090909090909
"average.58509fbda6946500016117ed","average","20","middle",21,3.09625126646403,0.857142857142857
"average.58d4c4c287b2420001263b6a","average","2","extreme",19,8.15341545352744,3.42105263157895
"average.58d4c4c287b2420001263b6a","average","2","middle",13,2.72013093289689,2.46153846153846
"average.58d4c4c287b2420001263b6a","average","10","extreme",16,8.625,5.25
"average.58d4c4c287b2420001263b6a","average","10","middle",15,3.0468085106383,4.33333333333333
"average.58d4c4c287b2420001263b6a","average","20","extreme",18,8.5307328605201,3
"average.58d4c4c287b2420001263b6a","average","20","middle",13,3.0278232405892,2.69230769230769
"average.5930c7fdfa699e0001017cc1","average","2","extreme",22,7.92200956937799,4.09090909090909
"average.5930c7fdfa699e0001017cc1","average","2","middle",10,2.9,1
"average.5930c7fdfa699e0001017cc1","average","10","extreme",18,8.07134502923977,4.72222222222222
"average.5930c7fdfa699e0001017cc1","average","10","middle",13,2.26963562753036,1.53846153846154
"average.5930c7fdfa699e0001017cc1","average","20","extreme",15,8.36701754385965,4.26666666666667
"average.5930c7fdfa699e0001017cc1","average","20","middle",17,2.13869969040248,0.352941176470588
"average.593890eac6aa16000101f037","average","2","extreme",18,8.71739130434783,2.66666666666667
"average.593890eac6aa16000101f037","average","2","middle",11,2.67786561264822,0.272727272727272
"average.593890eac6aa16000101f037","average","10","extreme",15,9.48550724637681,6.46666666666667
"average.593890eac6aa16000101f037","average","10","middle",17,3.02685421994885,2.52941176470588
"average.593890eac6aa16000101f037","average","20","extreme",14,8.94099378881988,1.64285714285714
"average.593890eac6aa16000101f037","average","20","middle",17,2.15984654731458,-0.705882352941177
"average.5969496f06679c00014b818e","average","2","extreme",17,7.80542986425339,6.41176470588235
"average.5969496f06679c00014b818e","average","2","middle",13,2.13271344040575,1.07692307692308
"average.5969496f06679c00014b818e","average","10","extreme",12,7.95421245421245,2.5
"average.5969496f06679c00014b818e","average","10","middle",18,2.16666666666667,0.5
"average.5969496f06679c00014b818e","average","20","extreme",18,7.83150183150183,2
"average.5969496f06679c00014b818e","average","20","middle",13,3.55959425190194,-0.692307692307692
"average.5a33d736bf4d770001e6097a","average","2","extreme",14,7.78885400313972,0.142857142857143
"average.5a33d736bf4d770001e6097a","average","2","middle",15,2.88937728937729,2
"average.5a33d736bf4d770001e6097a","average","10","extreme",18,8.61111111111111,2.94444444444444
"average.5a33d736bf4d770001e6097a","average","10","middle",14,2.69152276295133,1.57142857142857
"average.5a33d736bf4d770001e6097a","average","20","extreme",16,8.83241758241758,1.25
"average.5a33d736bf4d770001e6097a","average","20","middle",14,2.3116169544741,-0.785714285714286
"average.5a3bdd2c8d005a0001829f3e","average","2","extreme",14,8.53218210361067,3.42857142857143
"average.5a3bdd2c8d005a0001829f3e","average","2","middle",16,3.03434065934066,0.75
"average.5a3bdd2c8d005a0001829f3e","average","10","extreme",12,7.63736263736264,6.16666666666667
"average.5a3bdd2c8d005a0001829f3e","average","10","middle",18,2.89438339438339,1.66666666666667
"average.5a3bdd2c8d005a0001829f3e","average","20","extreme",13,7.62130177514793,2.69230769230769
"average.5a3bdd2c8d005a0001829f3e","average","20","middle",18,2.58058608058608,0.944444444444444
"average.5a937cb0dbdb470001ee923b","average","2","extreme",18,8.52482269503546,3.22222222222222
"average.5a937cb0dbdb470001ee923b","average","2","middle",13,2.20212765957447,-0.846153846153846
"average.5a937cb0dbdb470001ee923b","average","10","extreme",17,8.43366708385482,1.88235294117647
"average.5a937cb0dbdb470001ee923b","average","10","middle",15,2.58510638297872,0.4
"average.5a937cb0dbdb470001ee923b","average","20","extreme",15,9.43191489361702,1.26666666666667
"average.5a937cb0dbdb470001ee923b","average","20","middle",16,2.4281914893617,0.5
"average.5c476621b521ee00019abf67","average","2","extreme",13,8.59636062861869,-1.07692307692308
"average.5c476621b521ee00019abf67","average","2","middle",18,2.72162485065711,-1.05555555555556
"average.5c476621b521ee00019abf67","average","10","extreme",16,8.8125,2.75
"average.5c476621b521ee00019abf67","average","10","middle",15,3.0831541218638,2.26666666666667
"average.5c476621b521ee00019abf67","average","20","extreme",24,7.50134408602151,7.16666666666667
"average.5c476621b521ee00019abf67","average","20","middle",7,2.74961597542243,1.57142857142857
"average.5d7bde81c7390f00169b2fdf","average","2","extreme",14,8.07142857142857,-0.142857142857143
"average.5d7bde81c7390f00169b2fdf","average","2","middle",17,3.12640801001252,-1.76470588235294
"average.5d7bde81c7390f00169b2fdf","average","10","extreme",18,8.42671394799054,-0.555555555555556
"average.5d7bde81c7390f00169b2fdf","average","10","middle",13,2.2176759410802,-0.461538461538461
"average.5d7bde81c7390f00169b2fdf","average","20","extreme",20,8.13297872340426,1.25
"average.5d7bde81c7390f00169b2fdf","average","20","middle",12,2.83333333333333,0.916666666666667
"average.5d9420526928f000181e12f1","average","2","extreme",21,8.51293995859213,0.714285714285714
"average.5d9420526928f000181e12f1","average","2","middle",10,3.5,-0.5
"average.5d9420526928f000181e12f1","average","10","extreme",15,9.16304347826087,5.26666666666667
"average.5d9420526928f000181e12f1","average","10","middle",15,3.41521739130435,1.6
"average.5d9420526928f000181e12f1","average","20","extreme",13,7.98244147157191,4.23076923076923
"average.5d9420526928f000181e12f1","average","20","middle",18,2.88285024154589,0.666666666666667
"average.5e3a8aeedc1d57292aea3f22","average","2","extreme",14,8.1624060150376,0.142857142857143
"average.5e3a8aeedc1d57292aea3f22","average","2","middle",18,2.55555555555556,0.166666666666667
"average.5e3a8aeedc1d57292aea3f22","average","10","extreme",15,8.85754385964912,5.06666666666667
"average.5e3a8aeedc1d57292aea3f22","average","10","middle",17,3.13622291021672,2.82352941176471
"average.5e3a8aeedc1d57292aea3f22","average","20","extreme",14,8.23383458646617,3.57142857142857
"average.5e3a8aeedc1d57292aea3f22","average","20","middle",17,2.6390092879257,1.29411764705882
"average.5f4a4da1575d605c43bef871","average","2","extreme",22,8.5949948927477,3.63636363636364
"average.5f4a4da1575d605c43bef871","average","2","middle",10,2.1,0.7
"average.5f4a4da1575d605c43bef871","average","10","extreme",15,7.6876404494382,4.4
"average.5f4a4da1575d605c43bef871","average","10","middle",11,2.02042900919305,1.18181818181818
"average.5f4a4da1575d605c43bef871","average","20","extreme",15,8.46367041198502,2.6
"average.5f4a4da1575d605c43bef871","average","20","middle",16,2.875,0
"average.5f79bca83a2eb65c0983816d","average","2","extreme",16,9.25,1.875
"average.5f79bca83a2eb65c0983816d","average","2","middle",15,2.14606741573034,-1.8
"average.5f79bca83a2eb65c0983816d","average","10","extreme",13,7.88936905790838,0
"average.5f79bca83a2eb65c0983816d","average","10","middle",16,3.41432584269663,-1
"average.5f79bca83a2eb65c0983816d","average","20","extreme",14,8.81219903691814,-0.428571428571428
"average.5f79bca83a2eb65c0983816d","average","20","middle",15,2.787265917603,-0.333333333333333
"average.60121fca666552254559110d","average","2","extreme",13,8.36225402504472,0.846153846153846
"average.60121fca666552254559110d","average","2","middle",14,2.6312292358804,0.0714285714285717
"average.60121fca666552254559110d","average","10","extreme",15,9.39147286821705,2.46666666666667
"average.60121fca666552254559110d","average","10","middle",15,2.52480620155039,0.666666666666666
"average.60121fca666552254559110d","average","20","extreme",14,7.83887043189369,1.64285714285714
"average.60121fca666552254559110d","average","20","middle",15,3.26434108527132,2.6
"average.603470186bba1c26a354c27e","average","2","extreme",16,8.70467032967033,2.0625
"average.603470186bba1c26a354c27e","average","2","middle",13,3.02789518174134,-0.692307692307693
"average.603470186bba1c26a354c27e","average","10","extreme",15,8.3941391941392,2.66666666666667
"average.603470186bba1c26a354c27e","average","10","middle",16,3.21565934065934,-0.625
"average.603470186bba1c26a354c27e","average","20","extreme",15,8.83076923076923,3.93333333333333
"average.603470186bba1c26a354c27e","average","20","middle",16,2.71565934065934,-2.9375
"average.605fbc12c61d8d10250f6e51","average","2","extreme",19,7.78381437464629,1.42105263157895
"average.605fbc12c61d8d10250f6e51","average","2","middle",12,3.58064516129032,-1.83333333333333
"average.605fbc12c61d8d10250f6e51","average","10","extreme",16,8.60349462365591,1.0625
"average.605fbc12c61d8d10250f6e51","average","10","middle",16,2.74798387096774,1.6875
"average.605fbc12c61d8d10250f6e51","average","20","extreme",15,8.68028673835125,3.2
"average.605fbc12c61d8d10250f6e51","average","20","middle",15,2.8989247311828,-0.466666666666667
"average.607b73619e1bfba7bfb23cce","average","2","extreme",15,9.10967741935484,-1.06666666666667
"average.607b73619e1bfba7bfb23cce","average","2","middle",15,2.44301075268817,0.8
"average.607b73619e1bfba7bfb23cce","average","10","extreme",19,8.26655348047538,-3.36842105263158
"average.607b73619e1bfba7bfb23cce","average","10","middle",13,2.07196029776675,0
"average.607b73619e1bfba7bfb23cce","average","20","extreme",16,8.27620967741936,-3.5625
"average.607b73619e1bfba7bfb23cce","average","20","middle",15,3.09032258064516,1.06666666666667
"average.60c119b30aa5205b493541b6","average","2","extreme",20,9.1,-1.6
"average.60c119b30aa5205b493541b6","average","2","middle",12,2.16666666666667,-4.16666666666667
"average.60c119b30aa5205b493541b6","average","10","extreme",12,8.77456140350877,4.16666666666667
"average.60c119b30aa5205b493541b6","average","10","middle",20,3.0221052631579,0.95
"average.60c119b30aa5205b493541b6","average","20","extreme",18,9.0719298245614,2.61111111111111
"average.60c119b30aa5205b493541b6","average","20","middle",13,3.10283400809717,2.46153846153846
"average.60f6ce6de6cf393bcde0c14d","average","2","extreme",11,8.66124401913876,1.54545454545455
"average.60f6ce6de6cf393bcde0c14d","average","2","middle",21,2.75037593984962,-0.142857142857143
"average.60f6ce6de6cf393bcde0c14d","average","10","extreme",19,8.22493074792244,2.1578947368421
"average.60f6ce6de6cf393bcde0c14d","average","10","middle",13,2.86477732793522,1.69230769230769
"average.60f6ce6de6cf393bcde0c14d","average","20","extreme",18,8.91578947368421,1.77777777777778
"average.60f6ce6de6cf393bcde0c14d","average","20","middle",13,2.59433198380567,0.538461538461539
"average.612cd21ab53f52338b7b4f19","average","2","extreme",20,7.73617021276596,3.3
"average.612cd21ab53f52338b7b4f19","average","2","middle",12,2.70567375886525,-0.25
"average.612cd21ab53f52338b7b4f19","average","10","extreme",21,8.30293819655522,2.14285714285714
"average.612cd21ab53f52338b7b4f19","average","10","middle",11,2.92456479690522,1.81818181818182
"average.612cd21ab53f52338b7b4f19","average","20","extreme",14,9.13829787234043,1.42857142857143
"average.612cd21ab53f52338b7b4f19","average","20","middle",16,3.89627659574468,1.4375
"average.6143af8721d1445864c4f6c8","average","2","extreme",16,8.06648936170213,1.3125
"average.6143af8721d1445864c4f6c8","average","2","middle",16,2.6875,-0.5
"average.6143af8721d1445864c4f6c8","average","10","extreme",17,8.32165206508135,4.76470588235294
"average.6143af8721d1445864c4f6c8","average","10","middle",14,3.42857142857143,6.85714285714286
"average.6143af8721d1445864c4f6c8","average","20","extreme",14,8.99848024316109,4
"average.6143af8721d1445864c4f6c8","average","20","middle",17,2.67709637046308,1.88235294117647
"average.616964223dcbf0aa539dbae2","average","2","extreme",13,8.20963651732882,-0.769230769230769
"average.616964223dcbf0aa539dbae2","average","2","middle",17,3.06205559146736,-2.35294117647059
"average.616964223dcbf0aa539dbae2","average","10","extreme",15,8.89230769230769,-1.26666666666667
"average.616964223dcbf0aa539dbae2","average","10","middle",16,2.81936813186813,-0.8125
"average.616964223dcbf0aa539dbae2","average","20","extreme",15,8.596336996337,-0.133333333333333
"average.616964223dcbf0aa539dbae2","average","20","middle",15,3.65567765567766,0.6
"average.62728a4122289635e97d12f2","average","2","extreme",17,8.1026282853567,0.88235294117647
"average.62728a4122289635e97d12f2","average","2","middle",15,2.60567375886525,-0.933333333333333
"average.62728a4122289635e97d12f2","average","10","extreme",13,8.16039279869067,2.07692307692308
"average.62728a4122289635e97d12f2","average","10","middle",18,2.68557919621749,0.388888888888889
"average.62728a4122289635e97d12f2","average","20","extreme",21,8.61499493414387,-0.142857142857143
"average.62728a4122289635e97d12f2","average","20","middle",10,2.45106382978723,1.6
"average.627cea14552eb015f1daf9a1","average","2","extreme",17,8.27306501547988,-2.64705882352941
"average.627cea14552eb015f1daf9a1","average","2","middle",14,3.27218045112782,-0.857142857142857
"average.627cea14552eb015f1daf9a1","average","10","extreme",15,8.49684210526316,1.33333333333333
"average.627cea14552eb015f1daf9a1","average","10","middle",17,2.9733746130031,0.294117647058824
"average.627cea14552eb015f1daf9a1","average","20","extreme",14,8.5781954887218,-1.14285714285714
"average.627cea14552eb015f1daf9a1","average","20","middle",18,2.94970760233918,0.277777777777778
"average.628f83dc5398c04bac86f9e6","average","2","extreme",15,8.37088122605364,9.73333333333333
"average.628f83dc5398c04bac86f9e6","average","2","middle",13,2.75066312997347,-0.153846153846154
"average.628f83dc5398c04bac86f9e6","average","10","extreme",12,8.13984674329502,1.66666666666667
"average.628f83dc5398c04bac86f9e6","average","10","middle",16,2.94755747126437,1.6875
"average.628f83dc5398c04bac86f9e6","average","20","extreme",20,7.92413793103448,6.3
"average.628f83dc5398c04bac86f9e6","average","20","middle",11,2.46185997910136,0.545454545454546
"average.6290c65ed46e5dce4f16bb92","average","2","extreme",15,8.58666666666667,6.2
"average.6290c65ed46e5dce4f16bb92","average","2","middle",14,2.36666666666667,0.714285714285714
"average.6290c65ed46e5dce4f16bb92","average","10","extreme",17,8.81960784313726,6.41176470588235
"average.6290c65ed46e5dce4f16bb92","average","10","middle",13,3.46666666666667,2.15384615384615
"average.6290c65ed46e5dce4f16bb92","average","20","extreme",16,7.85833333333333,7.6875
"average.6290c65ed46e5dce4f16bb92","average","20","middle",15,2.30222222222222,5.53333333333333
"average.62b0b6c050a175081568bf35","average","2","extreme",19,8.74570637119113,3.8421052631579
"average.62b0b6c050a175081568bf35","average","2","middle",13,2.18137651821862,0.153846153846154
"average.62b0b6c050a175081568bf35","average","10","extreme",14,8.4421052631579,1.92857142857143
"average.62b0b6c050a175081568bf35","average","10","middle",17,2.97894736842105,-0.0588235294117649
"average.62b0b6c050a175081568bf35","average","20","extreme",17,8.38513931888545,1
"average.62b0b6c050a175081568bf35","average","20","middle",15,3.43649122807018,0.333333333333333
"average.62e0532289a4e5d9fedadde1","average","2","extreme",20,7.48709677419355,-1.2
"average.62e0532289a4e5d9fedadde1","average","2","middle",12,3.52956989247312,-0.583333333333333
"average.62e0532289a4e5d9fedadde1","average","10","extreme",12,8,2.75
"average.62e0532289a4e5d9fedadde1","average","10","middle",17,2.94876660341556,1.41176470588235
"average.62e0532289a4e5d9fedadde1","average","20","extreme",11,7.02932551319648,1.90909090909091
"average.62e0532289a4e5d9fedadde1","average","20","middle",21,2.59907834101382,-0.904761904761905
"average.631fdedf78d4f7b0a6b985ad","average","2","extreme",15,8.1822695035461,-0.533333333333334
"average.631fdedf78d4f7b0a6b985ad","average","2","middle",17,2.5613266583229,-0.470588235294118
"average.631fdedf78d4f7b0a6b985ad","average","10","extreme",11,9.65280464216634,4.09090909090909
"average.631fdedf78d4f7b0a6b985ad","average","10","middle",21,2.42401215805471,1.71428571428571
"average.631fdedf78d4f7b0a6b985ad","average","20","extreme",16,7.75,3.3125
"average.631fdedf78d4f7b0a6b985ad","average","20","middle",14,2.76595744680851,2.57142857142857
"average.63251e479509813fab713ad2","average","2","extreme",15,7.4989247311828,8.73333333333333
"average.63251e479509813fab713ad2","average","2","middle",15,3.50824372759857,-1.6
"average.63251e479509813fab713ad2","average","10","extreme",13,8.00413564929694,4.15384615384615
"average.63251e479509813fab713ad2","average","10","middle",19,3.10243350311262,0.736842105263158
"average.63251e479509813fab713ad2","average","20","extreme",13,8.61952026468155,2.61538461538462
"average.63251e479509813fab713ad2","average","20","middle",18,2.92652329749104,-3.44444444444445
"average.633f4f203450d46b01e3d16b","average","2","extreme",14,8.71428571428571,1.57142857142857
"average.633f4f203450d46b01e3d16b","average","2","middle",18,2.45964912280702,0
"average.633f4f203450d46b01e3d16b","average","10","extreme",17,8.59133126934985,4.35294117647059
"average.633f4f203450d46b01e3d16b","average","10","middle",15,2.82877192982456,1.2
"average.633f4f203450d46b01e3d16b","average","20","extreme",16,8.60131578947368,3.625
"average.633f4f203450d46b01e3d16b","average","20","middle",15,2.67929824561404,0.4
"average.63e63f77c742a91baf498dd0","average","2","extreme",17,7.87855787476281,0.176470588235294
"average.63e63f77c742a91baf498dd0","average","2","middle",13,2.46650124069479,3.30769230769231
"average.63e63f77c742a91baf498dd0","average","10","extreme",20,8.96881720430108,7.4
"average.63e63f77c742a91baf498dd0","average","10","middle",11,2.6989247311828,0.545454545454546
"average.63e63f77c742a91baf498dd0","average","20","extreme",17,8.17267552182163,4
"average.63e63f77c742a91baf498dd0","average","20","middle",15,3.06236559139785,-0.8
"average.64012a2623351894f2917605","average","2","extreme",14,8.90273556231003,3.35714285714286
"average.64012a2623351894f2917605","average","2","middle",18,3.27777777777778,0.388888888888889
"average.64012a2623351894f2917605","average","10","extreme",15,8.06808510638298,1.4
"average.64012a2623351894f2917605","average","10","middle",17,2.6883604505632,1.82352941176471
"average.64012a2623351894f2917605","average","20","extreme",19,8.27883538633819,0.894736842105263
"average.64012a2623351894f2917605","average","20","middle",11,2.03094777562863,-0.181818181818182
"average.640415971520c41606ca4389","average","2","extreme",19,7.34521788341822,-2
"average.640415971520c41606ca4389","average","2","middle",12,2.68906810035842,1.16666666666667
"average.640415971520c41606ca4389","average","10","extreme",23,8.92893875642824,1.43478260869565
"average.640415971520c41606ca4389","average","10","middle",9,3.04062126642772,0.444444444444444
"average.640415971520c41606ca4389","average","20","extreme",15,8.20645161290323,-1.93333333333333
"average.640415971520c41606ca4389","average","20","middle",15,2.64229390681004,1.8
"average.651b249337102ada9fee4951","average","2","extreme",19,9.00743707093821,-0.578947368421053
"average.651b249337102ada9fee4951","average","2","middle",12,2.90579710144928,2.66666666666667
"average.651b249337102ada9fee4951","average","10","extreme",16,8.08016304347826,2.375
"average.651b249337102ada9fee4951","average","10","middle",15,2.62826086956522,0.6
"average.651b249337102ada9fee4951","average","20","extreme",14,7.97981366459627,2.92857142857143
"average.651b249337102ada9fee4951","average","20","middle",16,2.66032608695652,0.5625
"average.6572244f5a6d2b943074aa73","average","2","extreme",9,8.56989247311828,1
"average.6572244f5a6d2b943074aa73","average","2","middle",22,2.30205278592375,-0.772727272727272
"average.6572244f5a6d2b943074aa73","average","10","extreme",17,8.74573055028463,1.17647058823529
"average.6572244f5a6d2b943074aa73","average","10","middle",14,3.01382488479263,0.642857142857143
"average.6572244f5a6d2b943074aa73","average","20","extreme",16,8.09072580645161,-1.1875
"average.6572244f5a6d2b943074aa73","average","20","middle",15,2.65161290322581,-0.666666666666667
"average.657b80c8ff78a49936e4cff3","average","2","extreme",17,8.69399249061327,2.11764705882353
"average.657b80c8ff78a49936e4cff3","average","2","middle",13,2.65548281505728,0.076923076923077
"average.657b80c8ff78a49936e4cff3","average","10","extreme",16,8.94015957446809,2.5
"average.657b80c8ff78a49936e4cff3","average","10","middle",16,3.18218085106383,1.0625
"average.657b80c8ff78a49936e4cff3","average","20","extreme",20,8.58404255319149,2.2
"average.657b80c8ff78a49936e4cff3","average","20","middle",12,2.5,0.666666666666667
"average.6604664cb53a76971c8a1dce","average","2","extreme",18,9.14814814814815,-0.555555555555556
"average.6604664cb53a76971c8a1dce","average","2","middle",13,3.46153846153846,-1
"average.6604664cb53a76971c8a1dce","average","10","extreme",16,8.60416666666667,1.125
"average.6604664cb53a76971c8a1dce","average","10","middle",16,2.375,3.125
"average.6604664cb53a76971c8a1dce","average","20","extreme",18,8.81481481481481,3.72222222222222
"average.6604664cb53a76971c8a1dce","average","20","middle",12,2.94444444444444,3.5
"average.662613a0c132844f74a62143","average","2","extreme",21,8.05529953917051,3.85714285714286
"average.662613a0c132844f74a62143","average","2","middle",9,3.01075268817204,6.22222222222222
"average.662613a0c132844f74a62143","average","10","extreme",17,8.82542694497154,2.35294117647059
"average.662613a0c132844f74a62143","average","10","middle",14,2.70046082949309,-2.57142857142857
"average.662613a0c132844f74a62143","average","20","extreme",17,8.24098671726755,1.52941176470588
"average.662613a0c132844f74a62143","average","20","middle",15,2.73118279569892,1.06666666666667
"average.6627e29477d23bd171a6728a","average","2","extreme",16,9.00271739130435,5.875
"average.6627e29477d23bd171a6728a","average","2","middle",15,2.52971014492754,-0.666666666666667
"average.6627e29477d23bd171a6728a","average","10","extreme",14,8.93012422360249,4.28571428571429
"average.6627e29477d23bd171a6728a","average","10","middle",16,2.55978260869565,-0.25
"average.6627e29477d23bd171a6728a","average","20","extreme",13,8.38210702341137,2.07692307692308
"average.6627e29477d23bd171a6728a","average","20","middle",18,3.77777777777778,1.22222222222222
"average.666fb6f24d1c14f333eb4a0a","average","2","extreme",19,8.29541595925297,1.42105263157895
"average.666fb6f24d1c14f333eb4a0a","average","2","middle",13,2.76178660049628,-2
"average.666fb6f24d1c14f333eb4a0a","average","10","extreme",16,7.875,2.75
"average.666fb6f24d1c14f333eb4a0a","average","10","middle",13,2.87344913151365,2.53846153846154
"average.666fb6f24d1c14f333eb4a0a","average","20","extreme",18,9.23655913978495,0.888888888888888
"average.666fb6f24d1c14f333eb4a0a","average","20","middle",14,3.64285714285714,0.285714285714286
"average.667871d17d7fdf0358f82a28","average","2","extreme",18,8.69082125603865,4.55555555555556
"average.667871d17d7fdf0358f82a28","average","2","middle",13,2.91220735785953,1.76923076923077
"average.667871d17d7fdf0358f82a28","average","10","extreme",17,8.84846547314578,1.11764705882353
"average.667871d17d7fdf0358f82a28","average","10","middle",15,2.43840579710145,0.333333333333333
"average.667871d17d7fdf0358f82a28","average","20","extreme",16,9.1875,1.625
"average.667871d17d7fdf0358f82a28","average","20","middle",13,2.75836120401338,-0.538461538461539
"average.6683fb33cc602af8407e62e9","average","2","extreme",15,9.12350877192982,1.46666666666667
"average.6683fb33cc602af8407e62e9","average","2","middle",17,3.07801857585139,-0.88235294117647
"average.6683fb33cc602af8407e62e9","average","10","extreme",20,8.33526315789474,2.65
"average.6683fb33cc602af8407e62e9","average","10","middle",12,3.47543859649123,0.666666666666667
"average.6683fb33cc602af8407e62e9","average","20","extreme",17,7.7733746130031,-0.647058823529412
"average.6683fb33cc602af8407e62e9","average","20","middle",14,2.60075187969925,2.85714285714286
"average.669036d23349747de1e78aba","average","2","extreme",17,6.86913417052214,0.235294117647059
"average.669036d23349747de1e78aba","average","2","middle",14,2.72953451043339,-0.714285714285714
"average.669036d23349747de1e78aba","average","10","extreme",16,8.07443820224719,3.125
"average.669036d23349747de1e78aba","average","10","middle",13,3.75540190146932,0.307692307692308
"average.669036d23349747de1e78aba","average","20","extreme",20,8.2191011235955,2.65
"average.669036d23349747de1e78aba","average","20","middle",9,2.08863920099875,2.33333333333333
"average.669eb709554e753adddffe01","average","2","extreme",17,8.14027149321267,5.17647058823529
"average.669eb709554e753adddffe01","average","2","middle",14,2.95604395604396,2
"average.669eb709554e753adddffe01","average","10","extreme",14,9.12087912087912,2.78571428571429
"average.669eb709554e753adddffe01","average","10","middle",15,2.98974358974359,-1
"average.669eb709554e753adddffe01","average","20","extreme",16,8.35096153846154,1.8125
"average.669eb709554e753adddffe01","average","20","middle",15,2.96923076923077,0.133333333333333
"average.66a428de01ccbc61556d585b","average","2","extreme",16,7.84574468085106,-0.375
"average.66a428de01ccbc61556d585b","average","2","middle",15,2.26170212765957,1.2
"average.66a428de01ccbc61556d585b","average","10","extreme",12,8.86524822695035,3.16666666666667
"average.66a428de01ccbc61556d585b","average","10","middle",19,2.87066069428891,2.26315789473684
"average.66a428de01ccbc61556d585b","average","20","extreme",15,8.84609929078014,4.6
"average.66a428de01ccbc61556d585b","average","20","middle",17,2.98185231539424,0.294117647058823
"average.66aa5c3f0d9d6bcf931c3533","average","2","extreme",17,7.99632352941176,3.05882352941176
"average.66aa5c3f0d9d6bcf931c3533","average","2","middle",15,2.37638888888889,1.06666666666667
"average.66aa5c3f0d9d6bcf931c3533","average","10","extreme",18,8.30092592592593,4.33333333333333
"average.66aa5c3f0d9d6bcf931c3533","average","10","middle",14,2.07142857142857,-0.0714285714285715
"average.66aa5c3f0d9d6bcf931c3533","average","20","extreme",21,8.16765873015873,5.66666666666667
"average.66aa5c3f0d9d6bcf931c3533","average","20","middle",11,2.46022727272727,-0.0909090909090907
"average.66afcaa60f7d8f58dc21db8e","average","2","extreme",17,8.84291443850267,6.41176470588235
"average.66afcaa60f7d8f58dc21db8e","average","2","middle",14,2.61850649350649,4.5
"average.66afcaa60f7d8f58dc21db8e","average","10","extreme",14,7.93668831168831,4.85714285714286
"average.66afcaa60f7d8f58dc21db8e","average","10","middle",13,3.49562937062937,1.15384615384615
"average.66afcaa60f7d8f58dc21db8e","average","20","extreme",20,8.49431818181818,1.5
"average.66afcaa60f7d8f58dc21db8e","average","20","middle",10,1.8,1.3
"average.66cc97280604bbb0c7bc71bd","average","2","extreme",15,8.71205673758865,4.53333333333333
"average.66cc97280604bbb0c7bc71bd","average","2","middle",16,2.67952127659574,2.625
"average.66cc97280604bbb0c7bc71bd","average","10","extreme",20,8.43191489361702,1.15
"average.66cc97280604bbb0c7bc71bd","average","10","middle",12,1.98936170212766,1.5
"average.66cc97280604bbb0c7bc71bd","average","20","extreme",12,8.57269503546099,2.25
"average.66cc97280604bbb0c7bc71bd","average","20","middle",19,2.35834266517357,2.52631578947368
"average.66ccbb7d4109382e498e3c82","average","2","extreme",13,9.29059829059829,3
"average.66ccbb7d4109382e498e3c82","average","2","middle",17,3.31372549019608,-0.647058823529412
"average.66ccbb7d4109382e498e3c82","average","10","extreme",11,8.35353535353535,3.27272727272727
"average.66ccbb7d4109382e498e3c82","average","10","middle",18,3.24691358024691,0.944444444444444
"average.66ccbb7d4109382e498e3c82","average","20","extreme",18,8.58024691358025,1.55555555555555
"average.66ccbb7d4109382e498e3c82","average","20","middle",13,2.16239316239316,-2.30769230769231
"average.66f9a40196d53f05f2232cff","average","2","extreme",12,8.51176470588235,-0.75
"average.66f9a40196d53f05f2232cff","average","2","middle",15,2.4643137254902,-1.6
"average.66f9a40196d53f05f2232cff","average","10","extreme",12,8.24411764705882,2.25
"average.66f9a40196d53f05f2232cff","average","10","middle",15,3.00705882352941,-0.733333333333333
"average.66f9a40196d53f05f2232cff","average","20","extreme",10,8.1,2.1
"average.66f9a40196d53f05f2232cff","average","20","middle",21,2.70924369747899,1.61904761904762
"average.6704304cf839621ba18d9529","average","2","extreme",16,7.71388888888889,2.1875
"average.6704304cf839621ba18d9529","average","2","middle",15,3.55259259259259,2.6
"average.6704304cf839621ba18d9529","average","10","extreme",11,7.2989898989899,2
"average.6704304cf839621ba18d9529","average","10","middle",18,2.18148148148148,4.38888888888889
"average.6704304cf839621ba18d9529","average","20","extreme",14,7.42857142857143,2.07142857142857
"average.6704304cf839621ba18d9529","average","20","middle",16,2.26944444444444,0.1875
"average.6712acd49ca5448a6e983e6c","average","2","extreme",20,8.34340659340659,2.1
"average.6712acd49ca5448a6e983e6c","average","2","middle",11,2.28171828171828,3.90909090909091
"average.6712acd49ca5448a6e983e6c","average","10","extreme",19,8.04742625795257,3.8421052631579
"average.6712acd49ca5448a6e983e6c","average","10","middle",11,2.45754245754246,0.363636363636364
"average.6712acd49ca5448a6e983e6c","average","20","extreme",20,8.3467032967033,4.35
"average.6712acd49ca5448a6e983e6c","average","20","middle",10,1.80659340659341,0.7
"average.671912820d4a64051a764936","average","2","extreme",14,8.81987577639752,6.92857142857143
"average.671912820d4a64051a764936","average","2","middle",17,2.74040920716113,1.82352941176471
"average.671912820d4a64051a764936","average","10","extreme",16,7.90760869565217,3.3125
"average.671912820d4a64051a764936","average","10","middle",15,2.45942028985507,4
"average.671912820d4a64051a764936","average","20","extreme",14,9.22670807453416,4.64285714285714
"average.671912820d4a64051a764936","average","20","middle",16,2.48913043478261,2.5625
"average.672c2b25d6aa996ff3d8244f","average","2","extreme",16,8.75,-1.0625
"average.672c2b25d6aa996ff3d8244f","average","2","middle",14,2.92857142857143,-1.21428571428571
"average.672c2b25d6aa996ff3d8244f","average","10","extreme",15,8.13846153846154,0.8
"average.672c2b25d6aa996ff3d8244f","average","10","middle",14,2.5989010989011,-3.21428571428571
"average.672c2b25d6aa996ff3d8244f","average","20","extreme",20,8.16923076923077,-1.7
"average.672c2b25d6aa996ff3d8244f","average","20","middle",12,2.01923076923077,0.333333333333333
"average.672c4e78eeaae1dfe925f5e2","average","2","extreme",14,8.07142857142857,-1.71428571428571
"average.672c4e78eeaae1dfe925f5e2","average","2","middle",17,3.18382352941176,-0.11764705882353
"average.672c4e78eeaae1dfe925f5e2","average","10","extreme",17,8.875,2.47058823529412
"average.672c4e78eeaae1dfe925f5e2","average","10","middle",11,2.28409090909091,3.09090909090909
"average.672c4e78eeaae1dfe925f5e2","average","20","extreme",21,8.29166666666667,4.61904761904762
"average.672c4e78eeaae1dfe925f5e2","average","20","middle",8,3.3125,3.125
"average.672fcaf82c52010e8586b90a","average","2","extreme",13,8.6227495908347,1.23076923076923
"average.672fcaf82c52010e8586b90a","average","2","middle",18,2.41016548463357,-2.44444444444444
"average.672fcaf82c52010e8586b90a","average","10","extreme",15,8.66028368794326,1.66666666666667
"average.672fcaf82c52010e8586b90a","average","10","middle",16,2.58643617021277,0.8125
"average.672fcaf82c52010e8586b90a","average","20","extreme",20,8.75212765957447,5.4
"average.672fcaf82c52010e8586b90a","average","20","middle",12,2.43262411347518,0.25
"average.6732dd2ad292849faaca9cd3","average","2","extreme",11,7.754329004329,3.45454545454545
"average.6732dd2ad292849faaca9cd3","average","2","middle",17,3.06512605042017,0
"average.6732dd2ad292849faaca9cd3","average","10","extreme",20,8.3797619047619,5.1
"average.6732dd2ad292849faaca9cd3","average","10","middle",9,3.16798941798942,-1.77777777777778
"average.6732dd2ad292849faaca9cd3","average","20","extreme",19,8.49937343358396,3.21052631578947
"average.6732dd2ad292849faaca9cd3","average","20","middle",8,3.10119047619048,-1.75
"average.6735b2a6112cf17b7b8df8d1","average","2","extreme",17,9.06641366223909,-0.411764705882353
"average.6735b2a6112cf17b7b8df8d1","average","2","middle",13,2.99007444168734,1.61538461538462
"average.6735b2a6112cf17b7b8df8d1","average","10","extreme",14,8.2741935483871,3.85714285714286
"average.6735b2a6112cf17b7b8df8d1","average","10","middle",17,2.21821631878558,-0.941176470588235
"average.6735b2a6112cf17b7b8df8d1","average","20","extreme",17,8.65464895635674,4.70588235294118
"average.6735b2a6112cf17b7b8df8d1","average","20","middle",15,2.65806451612903,4
"average.673a27fe372ce97a95aecf5c","average","2","extreme",17,8.1404174573055,-0.11764705882353
"average.673a27fe372ce97a95aecf5c","average","2","middle",14,3.31797235023042,-0.285714285714286
"average.673a27fe372ce97a95aecf5c","average","10","extreme",11,7.94428152492669,0.636363636363636
"average.673a27fe372ce97a95aecf5c","average","10","middle",20,2.72741935483871,-1.8
"average.673a27fe372ce97a95aecf5c","average","20","extreme",18,9.20967741935484,1.66666666666667
"average.673a27fe372ce97a95aecf5c","average","20","middle",13,2.50868486352357,-1.15384615384615
"average.67414dcbcf89f6a633385d49","average","2","extreme",15,8.2063829787234,1
"average.67414dcbcf89f6a633385d49","average","2","middle",15,2.43475177304965,0.4
"average.67414dcbcf89f6a633385d49","average","10","extreme",20,8.72872340425532,2.2
"average.67414dcbcf89f6a633385d49","average","10","middle",12,3.01595744680851,3.41666666666667
"average.67414dcbcf89f6a633385d49","average","20","extreme",19,8.23796192609183,0.947368421052631
"average.67414dcbcf89f6a633385d49","average","20","middle",13,1.97790507364975,1.46153846153846
"average.674c8549a9fd90b7c8dda9d3","average","2","extreme",20,8.35434782608696,3.85
"average.674c8549a9fd90b7c8dda9d3","average","2","middle",10,2.59565217391304,1.2
"average.674c8549a9fd90b7c8dda9d3","average","10","extreme",13,9.08528428093645,4.84615384615385
"average.674c8549a9fd90b7c8dda9d3","average","10","middle",18,2.82367149758454,-0.611111111111111
"average.674c8549a9fd90b7c8dda9d3","average","20","extreme",15,7.52028985507246,0.733333333333333
"average.674c8549a9fd90b7c8dda9d3","average","20","middle",16,2.94021739130435,1.125
"average.6753b6b7014705911770ecd0","average","2","extreme",13,8.99509001636661,3.53846153846154
"average.6753b6b7014705911770ecd0","average","2","middle",18,2.93735224586288,1.27777777777778
"average.6753b6b7014705911770ecd0","average","10","extreme",15,8.9290780141844,6.13333333333333
"average.6753b6b7014705911770ecd0","average","10","middle",17,2.19524405506884,-0.470588235294117
"average.6753b6b7014705911770ecd0","average","20","extreme",13,7.85106382978723,3
"average.6753b6b7014705911770ecd0","average","20","middle",18,2.59692671394799,2.83333333333333
"average.675aaec58dfc729c338a52eb","average","2","extreme",13,8.29280397022332,-1.15384615384615
"average.675aaec58dfc729c338a52eb","average","2","middle",19,2.90888511601585,-2.78947368421053
"average.675aaec58dfc729c338a52eb","average","10","extreme",18,8.17084826762246,-0.888888888888889
"average.675aaec58dfc729c338a52eb","average","10","middle",13,2.6302729528536,-2
"average.675aaec58dfc729c338a52eb","average","20","extreme",11,9.20625610948192,-1.81818181818182
"average.675aaec58dfc729c338a52eb","average","20","middle",19,3.54046406338427,1
"average.675c61776fc3233ee8002446","average","2","extreme",18,8.5,-0.444444444444444
"average.675c61776fc3233ee8002446","average","2","middle",12,2.64964157706093,-0.666666666666667
"average.675c61776fc3233ee8002446","average","10","extreme",16,8.2997311827957,1.75
"average.675c61776fc3233ee8002446","average","10","middle",16,2.2002688172043,0.9375
"average.675c61776fc3233ee8002446","average","20","extreme",20,8.68978494623656,1.3
"average.675c61776fc3233ee8002446","average","20","middle",11,2.14565004887586,0.909090909090909
"average.676ed8014625d5ebd417b5f2","average","2","extreme",15,8.09684210526316,-1.86666666666667
"average.676ed8014625d5ebd417b5f2","average","2","middle",17,2.67616099071207,-1.11764705882353
"average.676ed8014625d5ebd417b5f2","average","10","extreme",18,8.66666666666667,-0.166666666666666
"average.676ed8014625d5ebd417b5f2","average","10","middle",13,2.8080971659919,0
"average.676ed8014625d5ebd417b5f2","average","20","extreme",18,8.33216374269006,1.55555555555556
"average.676ed8014625d5ebd417b5f2","average","20","middle",14,2.21503759398496,1.42857142857143
"average.677c5e96582459bcf49e80da","average","2","extreme",13,8.6051282051282,1.38461538461538
"average.677c5e96582459bcf49e80da","average","2","middle",16,2.51666666666667,1.9375
"average.677c5e96582459bcf49e80da","average","10","extreme",18,8.61604938271605,4.44444444444444
"average.677c5e96582459bcf49e80da","average","10","middle",14,2.13015873015873,-1.07142857142857
"average.677c5e96582459bcf49e80da","average","20","extreme",10,7.3,2.9
"average.677c5e96582459bcf49e80da","average","20","middle",19,3.16491228070175,3.8421052631579
"average.678ff81c8c6b56f93355e0bb","average","2","extreme",17,7.95652173913043,3.70588235294118
"average.678ff81c8c6b56f93355e0bb","average","2","middle",14,2.59627329192547,1.5
"average.678ff81c8c6b56f93355e0bb","average","10","extreme",16,8.6875,1.3125
"average.678ff81c8c6b56f93355e0bb","average","10","middle",14,2.47515527950311,-1.78571428571429
"average.678ff81c8c6b56f93355e0bb","average","20","extreme",16,8.10326086956522,-0.25
"average.678ff81c8c6b56f93355e0bb","average","20","middle",15,2.76231884057971,4.26666666666667
"average.67a4e8dd295e3fb3cf7cee74","average","2","extreme",17,8.15772462831286,4.47058823529412
"average.67a4e8dd295e3fb3cf7cee74","average","2","middle",14,2.8116169544741,2.21428571428571
"average.67a4e8dd295e3fb3cf7cee74","average","10","extreme",17,8.37168713639302,4.88235294117647
"average.67a4e8dd295e3fb3cf7cee74","average","10","middle",12,3.25,1.83333333333333
"average.67a4e8dd295e3fb3cf7cee74","average","20","extreme",17,8.39301874595992,4.47058823529412
"average.67a4e8dd295e3fb3cf7cee74","average","20","middle",14,3.00627943485086,0.5
"average.67be4c756ba3a15a47e60356","average","2","extreme",16,8.73684210526316,1.875
"average.67be4c756ba3a15a47e60356","average","2","middle",16,1.5625,-0.3125
"average.67be4c756ba3a15a47e60356","average","10","extreme",15,8.28771929824561,0.466666666666666
"average.67be4c756ba3a15a47e60356","average","10","middle",16,2.83881578947368,-1.25
"average.67be4c756ba3a15a47e60356","average","20","extreme",16,8.5,2.375
"average.67be4c756ba3a15a47e60356","average","20","middle",16,3.5,1.125
"average.67cb97aa66285604188d577a","average","2","extreme",16,8.375,-0.0625
"average.67cb97aa66285604188d577a","average","2","middle",16,3.04521276595745,0.5625
"average.67cb97aa66285604188d577a","average","10","extreme",16,8.45478723404255,1.875
"average.67cb97aa66285604188d577a","average","10","middle",14,2.51215805471125,2.85714285714286
"average.67cb97aa66285604188d577a","average","20","extreme",18,8.51536643026005,3.44444444444444
"average.67cb97aa66285604188d577a","average","20","middle",14,3.40881458966565,0.714285714285714
"average.67d1ddb07de1caaaa343e133","average","2","extreme",13,8.83779264214047,4.38461538461539
"average.67d1ddb07de1caaaa343e133","average","2","middle",17,3.00639386189258,0.294117647058823
"average.67d1ddb07de1caaaa343e133","average","10","extreme",19,8.94851258581236,2.36842105263158
"average.67d1ddb07de1caaaa343e133","average","10","middle",13,3.00167224080268,4.07692307692308
"average.67d1ddb07de1caaaa343e133","average","20","extreme",16,8.375,1.25
"average.67d1ddb07de1caaaa343e133","average","20","middle",14,2.93478260869565,0.714285714285715
"average.67e0a8458369d92d9789b0b4","average","2","extreme",19,7.68421052631579,0.789473684210526
"average.67e0a8458369d92d9789b0b4","average","2","middle",13,2.58461538461538,-1.07692307692308
"average.67e0a8458369d92d9789b0b4","average","10","extreme",12,8.7,5.33333333333333
"average.67e0a8458369d92d9789b0b4","average","10","middle",20,2.77,1
"average.67e0a8458369d92d9789b0b4","average","20","extreme",15,8.08,6.93333333333333
"average.67e0a8458369d92d9789b0b4","average","20","middle",16,2.0625,1.4375
"average.67e1dc9c35b6facf1079fb30","average","2","extreme",18,8.98191214470284,0.611111111111111
"average.67e1dc9c35b6facf1079fb30","average","2","middle",11,2.25792811839323,0.636363636363636
"average.67e1dc9c35b6facf1079fb30","average","10","extreme",20,8.71627906976744,3.85
"average.67e1dc9c35b6facf1079fb30","average","10","middle",10,2.89767441860465,5.1
"average.67e1dc9c35b6facf1079fb30","average","20","extreme",19,8.43084455324357,-0.315789473684211
"average.67e1dc9c35b6facf1079fb30","average","20","middle",8,2.62209302325581,3.5
"average.67e467ad6bd6407f4c60fb77","average","2","extreme",18,7.77777777777778,-0.0555555555555557
"average.67e467ad6bd6407f4c60fb77","average","2","middle",13,3.00572831423895,1.69230769230769
"average.67e467ad6bd6407f4c60fb77","average","10","extreme",13,8.59819967266776,2.38461538461538
"average.67e467ad6bd6407f4c60fb77","average","10","middle",19,2.80123180291153,1.26315789473684
"average.67e467ad6bd6407f4c60fb77","average","20","extreme",19,7.73292273236282,0.631578947368421
"average.67e467ad6bd6407f4c60fb77","average","20","middle",12,2.6790780141844,0.666666666666666
"average.67f01fa0e63319ca919878ca","average","2","extreme",9,7.8021978021978,-2
"average.67f01fa0e63319ca919878ca","average","2","middle",21,3.13657770800628,-1.23809523809524
"average.67f01fa0e63319ca919878ca","average","10","extreme",18,8.83821733821734,-1.11111111111111
"average.67f01fa0e63319ca919878ca","average","10","middle",12,2.98534798534799,-1.33333333333333
"average.67f01fa0e63319ca919878ca","average","20","extreme",18,8.23199023199023,2.33333333333333
"average.67f01fa0e63319ca919878ca","average","20","middle",13,2.24091293322063,3.23076923076923
"average.67f2fbc77b115d1edb94ef11","average","2","extreme",14,7.63015873015873,4.85714285714286
"average.67f2fbc77b115d1edb94ef11","average","2","middle",16,2.61388888888889,-0.5
"average.67f2fbc77b115d1edb94ef11","average","10","extreme",13,8.72393162393162,6.23076923076923
"average.67f2fbc77b115d1edb94ef11","average","10","middle",16,2.29027777777778,0.5625
"average.67f2fbc77b115d1edb94ef11","average","20","extreme",18,8.31728395061728,9.22222222222222
"average.67f2fbc77b115d1edb94ef11","average","20","middle",13,3.36666666666667,4.15384615384615
"average.680d85e020df383491477a41","average","2","extreme",13,8.49131513647643,1.38461538461538
"average.680d85e020df383491477a41","average","2","middle",18,2.33333333333333,0.333333333333333
"average.680d85e020df383491477a41","average","10","extreme",18,8.04301075268817,3.11111111111111
"average.680d85e020df383491477a41","average","10","middle",13,2.29197684036394,0.307692307692308
"average.680d85e020df383491477a41","average","20","extreme",17,8.88361796331436,6.1764705882353
"average.680d85e020df383491477a41","average","20","middle",14,2.94470046082949,3.07142857142857
"experience.56802e5fc5767f00121cc6a0","experience","2","extreme",15,8.10666666666667,3.2
"experience.56802e5fc5767f00121cc6a0","experience","2","middle",15,2.76,-4.33333333333333
"experience.56802e5fc5767f00121cc6a0","experience","10","extreme",16,8.625,1.3125
"experience.56802e5fc5767f00121cc6a0","experience","10","middle",13,3.56923076923077,0.230769230769231
"experience.56802e5fc5767f00121cc6a0","experience","20","extreme",15,7.62666666666667,-1.8
"experience.56802e5fc5767f00121cc6a0","experience","20","middle",16,2.6875,2.0625
"experience.56d39b96da2aaa000dab6178","experience","2","extreme",19,8.07334826427772,2
"experience.56d39b96da2aaa000dab6178","experience","2","middle",13,3.04009819967267,1
"experience.56d39b96da2aaa000dab6178","experience","10","extreme",14,8.43161094224924,2.5
"experience.56d39b96da2aaa000dab6178","experience","10","middle",18,2.67139479905437,0.388888888888889
"experience.56d39b96da2aaa000dab6178","experience","20","extreme",19,8.07110862262038,2.52631578947368
"experience.56d39b96da2aaa000dab6178","experience","20","middle",11,2.60058027079304,-3.81818181818182
"experience.582474a8aac01b0001e45ef9","experience","2","extreme",18,8.11702127659574,-1.33333333333333
"experience.582474a8aac01b0001e45ef9","experience","2","middle",13,2.5671031096563,4.15384615384615
"experience.582474a8aac01b0001e45ef9","experience","10","extreme",16,8.3218085106383,4.75
"experience.582474a8aac01b0001e45ef9","experience","10","middle",16,2.90292553191489,3.375
"experience.582474a8aac01b0001e45ef9","experience","20","extreme",13,8.32487725040916,4.15384615384615
"experience.582474a8aac01b0001e45ef9","experience","20","middle",18,2.78605200945626,2.55555555555556
"experience.59014ee029f42300013cc5b7","experience","2","extreme",15,8.30526315789474,-1.6
"experience.59014ee029f42300013cc5b7","experience","2","middle",16,2.76447368421053,-1.875
"experience.59014ee029f42300013cc5b7","experience","10","extreme",15,8.79228070175439,-2.93333333333333
"experience.59014ee029f42300013cc5b7","experience","10","middle",17,2.33250773993808,1.47058823529412
"experience.59014ee029f42300013cc5b7","experience","20","extreme",16,8.27894736842105,-3.125
"experience.59014ee029f42300013cc5b7","experience","20","middle",16,2.70197368421053,-0.25
"experience.5ae12548dee8590001b08925","experience","2","extreme",13,8.03978779840849,-0.615384615384616
"experience.5ae12548dee8590001b08925","experience","2","middle",16,2.8125,-0.6875
"experience.5ae12548dee8590001b08925","experience","10","extreme",14,8.73891625615764,-0.928571428571428
"experience.5ae12548dee8590001b08925","experience","10","middle",15,3.0551724137931,1.6
"experience.5ae12548dee8590001b08925","experience","20","extreme",16,8.89655172413793,1.3125
"experience.5ae12548dee8590001b08925","experience","20","middle",13,1.93899204244032,-4.15384615384615
"experience.5baa535fa3c9170001156197","experience","2","extreme",16,8.17741935483871,2.1875
"experience.5baa535fa3c9170001156197","experience","2","middle",14,2.86866359447005,0.285714285714286
"experience.5baa535fa3c9170001156197","experience","10","extreme",18,8.11111111111111,1.16666666666667
"experience.5baa535fa3c9170001156197","experience","10","middle",13,2.12158808933002,0.846153846153846
"experience.5baa535fa3c9170001156197","experience","20","extreme",13,8.69975186104218,-2.69230769230769
"experience.5baa535fa3c9170001156197","experience","20","middle",19,2.59083191850594,2.63157894736842
"experience.5c309bb410677f0001dda0ed","experience","2","extreme",20,8.17826086956522,4.35
"experience.5c309bb410677f0001dda0ed","experience","2","middle",11,3.01581027667984,-4.09090909090909
"experience.5c309bb410677f0001dda0ed","experience","10","extreme",15,8.3536231884058,2.6
"experience.5c309bb410677f0001dda0ed","experience","10","middle",17,3.01790281329923,2.52941176470588
"experience.5c309bb410677f0001dda0ed","experience","20","extreme",13,8.5551839464883,2
"experience.5c309bb410677f0001dda0ed","experience","20","middle",16,2.4375,1.625
"experience.5c4d1a6c9ce35100019dbc88","experience","2","extreme",16,7.74479166666667,2.1875
"experience.5c4d1a6c9ce35100019dbc88","experience","2","middle",16,2.57682291666667,-0.0625
"experience.5c4d1a6c9ce35100019dbc88","experience","10","extreme",13,7.4286858974359,3.23076923076923
"experience.5c4d1a6c9ce35100019dbc88","experience","10","middle",19,2.66611842105263,0
"experience.5c4d1a6c9ce35100019dbc88","experience","20","extreme",22,8.52083333333333,3.59090909090909
"experience.5c4d1a6c9ce35100019dbc88","experience","20","middle",10,4.05416666666667,-4.3
"experience.5cd6c1197b871a0001b13589","experience","2","extreme",18,7.78841607565012,2.16666666666667
"experience.5cd6c1197b871a0001b13589","experience","2","middle",14,1.89969604863222,0.785714285714285
"experience.5cd6c1197b871a0001b13589","experience","10","extreme",18,9.2387706855792,8.11111111111111
"experience.5cd6c1197b871a0001b13589","experience","10","middle",13,4.12765957446808,7
"experience.5cd6c1197b871a0001b13589","experience","20","extreme",15,8.38297872340426,4.13333333333333
"experience.5cd6c1197b871a0001b13589","experience","20","middle",16,2.7061170212766,1.375
"experience.5d0c2e061c7a8f0016e3d263","experience","2","extreme",16,9.70295698924731,0
"experience.5d0c2e061c7a8f0016e3d263","experience","2","middle",15,2.30824372759857,-1
"experience.5d0c2e061c7a8f0016e3d263","experience","10","extreme",15,8.4415770609319,2.93333333333333
"experience.5d0c2e061c7a8f0016e3d263","experience","10","middle",16,2.29704301075269,2
"experience.5d0c2e061c7a8f0016e3d263","experience","20","extreme",20,8.36236559139785,1.9
"experience.5d0c2e061c7a8f0016e3d263","experience","20","middle",11,2.35190615835777,-0.727272727272727
"experience.5d1a2f59d79f260017add4a3","experience","2","extreme",17,8.59386733416771,2.11764705882353
"experience.5d1a2f59d79f260017add4a3","experience","2","middle",14,3.12917933130699,0.357142857142857
"experience.5d1a2f59d79f260017add4a3","experience","10","extreme",18,7.94444444444444,3.77777777777778
"experience.5d1a2f59d79f260017add4a3","experience","10","middle",13,3.36252045826514,0.461538461538461
"experience.5d1a2f59d79f260017add4a3","experience","20","extreme",14,8.67021276595745,2.35714285714286
"experience.5d1a2f59d79f260017add4a3","experience","20","middle",18,2.27777777777778,0.611111111111111
"experience.5d4a41890e604c00011ade8b","experience","2","extreme",16,8.51595744680851,0.1875
"experience.5d4a41890e604c00011ade8b","experience","2","middle",16,2.76595744680851,0
"experience.5d4a41890e604c00011ade8b","experience","10","extreme",16,8.15691489361702,0.0625
"experience.5d4a41890e604c00011ade8b","experience","10","middle",14,2.69604863221884,-3.28571428571429
"experience.5d4a41890e604c00011ade8b","experience","20","extreme",13,8.27823240589198,-1.46153846153846
"experience.5d4a41890e604c00011ade8b","experience","20","middle",19,2.8488241881299,-1.57894736842105
"experience.5d4c78071b920f00198e8533","experience","2","extreme",13,8.83374689826303,-1.15384615384615
"experience.5d4c78071b920f00198e8533","experience","2","middle",18,3.56272401433692,-0.388888888888889
"experience.5d4c78071b920f00198e8533","experience","10","extreme",15,8.01075268817204,1.13333333333333
"experience.5d4c78071b920f00198e8533","experience","10","middle",17,3.04933586337761,-0.176470588235294
"experience.5d4c78071b920f00198e8533","experience","20","extreme",13,8.4590570719603,0.461538461538461
"experience.5d4c78071b920f00198e8533","experience","20","middle",17,2.24478178368121,0.88235294117647
"experience.5d743ec4869c8f0019b35907","experience","2","extreme",18,8.41371158392435,4.22222222222222
"experience.5d743ec4869c8f0019b35907","experience","2","middle",13,2.49099836333879,1.76923076923077
"experience.5d743ec4869c8f0019b35907","experience","10","extreme",17,8.29787234042553,4.05882352941176
"experience.5d743ec4869c8f0019b35907","experience","10","middle",14,3.5790273556231,1.28571428571429
"experience.5d743ec4869c8f0019b35907","experience","20","extreme",18,9,5.94444444444444
"experience.5d743ec4869c8f0019b35907","experience","20","middle",14,2.53951367781155,1.78571428571429
"experience.5dd7d4d5d3ac2a92dfbb40d5","experience","2","extreme",9,6.94384707287933,6.11111111111111
"experience.5dd7d4d5d3ac2a92dfbb40d5","experience","2","middle",22,3.13782991202346,-0.590909090909091
"experience.5dd7d4d5d3ac2a92dfbb40d5","experience","10","extreme",18,8.0531660692951,3.72222222222222
"experience.5dd7d4d5d3ac2a92dfbb40d5","experience","10","middle",12,2.33333333333333,1.75
"experience.5dd7d4d5d3ac2a92dfbb40d5","experience","20","extreme",17,8.44212523719165,1.70588235294118
"experience.5dd7d4d5d3ac2a92dfbb40d5","experience","20","middle",15,2.76559139784946,-0.266666666666667
"experience.5de7b588ff15c2a06658dd1d","experience","2","extreme",11,7.02901353965184,1
"experience.5de7b588ff15c2a06658dd1d","experience","2","middle",21,2.37689969604863,-1.71428571428571
"experience.5de7b588ff15c2a06658dd1d","experience","10","extreme",16,8.13962765957447,0.1875
"experience.5de7b588ff15c2a06658dd1d","experience","10","middle",15,2.69219858156028,0.266666666666667
"experience.5de7b588ff15c2a06658dd1d","experience","20","extreme",20,8.16170212765957,1.2
"experience.5de7b588ff15c2a06658dd1d","experience","20","middle",11,2.67117988394584,-1.27272727272727
"experience.5e0b388b15ef4037cebdecc9","experience","2","extreme",15,8.11827956989247,-2.66666666666667
"experience.5e0b388b15ef4037cebdecc9","experience","2","middle",16,2.375,-0.25
"experience.5e0b388b15ef4037cebdecc9","experience","10","extreme",17,8.28969006957622,1.58823529411765
"experience.5e0b388b15ef4037cebdecc9","experience","10","middle",15,2.67168458781362,1
"experience.5e0b388b15ef4037cebdecc9","experience","20","extreme",18,8.46117084826762,-0.166666666666667
"experience.5e0b388b15ef4037cebdecc9","experience","20","middle",12,3.01254480286738,-0.25
"experience.5ecda06ecc240b00087e1c00","experience","2","extreme",12,9.08333333333333,-0.25
"experience.5ecda06ecc240b00087e1c00","experience","2","middle",18,2.44089834515366,0.444444444444444
"experience.5ecda06ecc240b00087e1c00","experience","10","extreme",20,9.25,-0.1
"experience.5ecda06ecc240b00087e1c00","experience","10","middle",12,2.73936170212766,0.916666666666667
"experience.5ecda06ecc240b00087e1c00","experience","20","extreme",18,7.57328605200946,-1.61111111111111
"experience.5ecda06ecc240b00087e1c00","experience","20","middle",14,2.71428571428571,-1.21428571428571
"experience.5f2f8574ff256b37b1970220","experience","2","extreme",17,8.30653594771242,2.17647058823529
"experience.5f2f8574ff256b37b1970220","experience","2","middle",11,2.70808080808081,-0.454545454545455
"experience.5f2f8574ff256b37b1970220","experience","10","extreme",14,8.82698412698413,1.85714285714286
"experience.5f2f8574ff256b37b1970220","experience","10","middle",16,2.53611111111111,0.125
"experience.5f2f8574ff256b37b1970220","experience","20","extreme",18,8.36543209876543,2.33333333333333
"experience.5f2f8574ff256b37b1970220","experience","20","middle",14,2.63174603174603,3.64285714285714
"experience.5f7a28b8bedcf2112ebd1289","experience","2","extreme",11,8.68230694037146,0.0909090909090911
"experience.5f7a28b8bedcf2112ebd1289","experience","2","middle",20,2.0505376344086,-0.75
"experience.5f7a28b8bedcf2112ebd1289","experience","10","extreme",15,9.43225806451613,3.06666666666667
"experience.5f7a28b8bedcf2112ebd1289","experience","10","middle",17,2.38393421884883,-0.941176470588236
"experience.5f7a28b8bedcf2112ebd1289","experience","20","extreme",16,8.56182795698925,1.1875
"experience.5f7a28b8bedcf2112ebd1289","experience","20","middle",14,1.92857142857143,-1.35714285714286
"experience.5faefcc22be93b11829e84df","experience","2","extreme",20,8.62105263157895,0.5
"experience.5faefcc22be93b11829e84df","experience","2","middle",12,2.83333333333333,-0.0833333333333333
"experience.5faefcc22be93b11829e84df","experience","10","extreme",18,8.42397660818713,0.166666666666667
"experience.5faefcc22be93b11829e84df","experience","10","middle",13,2.97570850202429,1.30769230769231
"experience.5faefcc22be93b11829e84df","experience","20","extreme",19,8.73130193905817,0.894736842105263
"experience.5faefcc22be93b11829e84df","experience","20","middle",13,3.53036437246964,-0.538461538461539
"experience.60087afa0a5c054c002eaf0e","experience","2","extreme",18,8.26373626373626,-6.33333333333333
"experience.60087afa0a5c054c002eaf0e","experience","2","middle",13,3.32206255283178,-4.23076923076923
"experience.60087afa0a5c054c002eaf0e","experience","10","extreme",19,8.67437825332562,-3.21052631578947
"experience.60087afa0a5c054c002eaf0e","experience","10","middle",13,2.27387996618766,3.61538461538462
"experience.60087afa0a5c054c002eaf0e","experience","20","extreme",10,8.77472527472527,-1.1
"experience.60087afa0a5c054c002eaf0e","experience","20","middle",18,2.36813186813187,2.16666666666667
"experience.60132d398c19b319aacdbbb2","experience","2","extreme",13,6.99917287014061,0.076923076923077
"experience.60132d398c19b319aacdbbb2","experience","2","middle",17,2.32953826691967,0.470588235294118
"experience.60132d398c19b319aacdbbb2","experience","10","extreme",16,8.2244623655914,1.1875
"experience.60132d398c19b319aacdbbb2","experience","10","middle",15,2.72043010752688,2.8
"experience.60132d398c19b319aacdbbb2","experience","20","extreme",17,8.62365591397849,-3.23529411764706
"experience.60132d398c19b319aacdbbb2","experience","20","middle",15,3.53405017921147,-1.66666666666667
"experience.601478ee2d7cc94b1f1855ec","experience","2","extreme",19,8.68821510297483,1
"experience.601478ee2d7cc94b1f1855ec","experience","2","middle",12,3.09239130434783,2.08333333333333
"experience.601478ee2d7cc94b1f1855ec","experience","10","extreme",19,8.76029748283753,1.68421052631579
"experience.601478ee2d7cc94b1f1855ec","experience","10","middle",13,3.1195652173913,0.692307692307692
"experience.601478ee2d7cc94b1f1855ec","experience","20","extreme",18,8.59057971014493,-0.833333333333333
"experience.601478ee2d7cc94b1f1855ec","experience","20","middle",11,2.43774703557312,3
"experience.60a1e1f4a3707c983a98f185","experience","2","extreme",20,7.9,2.25
"experience.60a1e1f4a3707c983a98f185","experience","2","middle",12,3.5,0.583333333333333
"experience.60a1e1f4a3707c983a98f185","experience","10","extreme",15,8.26666666666667,0.933333333333333
"experience.60a1e1f4a3707c983a98f185","experience","10","middle",14,3.21428571428571,2.14285714285714
"experience.60a1e1f4a3707c983a98f185","experience","20","extreme",21,7.38095238095238,1.38095238095238
"experience.60a1e1f4a3707c983a98f185","experience","20","middle",9,1.77777777777778,-0.111111111111111
"experience.60fe0b73bbb479e45039b320","experience","2","extreme",15,8.14113475177305,-2.46666666666667
"experience.60fe0b73bbb479e45039b320","experience","2","middle",17,2.9755944931164,1
"experience.60fe0b73bbb479e45039b320","experience","10","extreme",15,8.12553191489362,-0.266666666666667
"experience.60fe0b73bbb479e45039b320","experience","10","middle",17,2.96558197747184,-0.941176470588235
"experience.60fe0b73bbb479e45039b320","experience","20","extreme",17,8.18335419274093,1.88235294117647
"experience.60fe0b73bbb479e45039b320","experience","20","middle",13,3.38052373158756,1.15384615384615
"experience.60fe21d7301f49dfc4aa5f3a","experience","2","extreme",14,8.26804915514593,0.571428571428572
"experience.60fe21d7301f49dfc4aa5f3a","experience","2","middle",17,2.76091081593928,0.529411764705882
"experience.60fe21d7301f49dfc4aa5f3a","experience","10","extreme",15,8.39569892473118,3.4
"experience.60fe21d7301f49dfc4aa5f3a","experience","10","middle",17,3.77545857052498,2.52941176470588
"experience.60fe21d7301f49dfc4aa5f3a","experience","20","extreme",16,9.19556451612903,-0.625
"experience.60fe21d7301f49dfc4aa5f3a","experience","20","middle",14,2.3394777265745,0.357142857142857
"experience.610036d6b6496ca7c4dbdb1b","experience","2","extreme",13,8.51505016722408,-2.15384615384615
"experience.610036d6b6496ca7c4dbdb1b","experience","2","middle",15,2.90144927536232,-1.2
"experience.610036d6b6496ca7c4dbdb1b","experience","10","extreme",11,8.26086956521739,-2.18181818181818
"experience.610036d6b6496ca7c4dbdb1b","experience","10","middle",21,2.60662525879917,1.33333333333333
"experience.610036d6b6496ca7c4dbdb1b","experience","20","extreme",14,8.44099378881988,-2.07142857142857
"experience.610036d6b6496ca7c4dbdb1b","experience","20","middle",18,2.6231884057971,1.27777777777778
"experience.61082e086188b2dd15182697","experience","2","extreme",12,7.77482269503546,3.5
"experience.61082e086188b2dd15182697","experience","2","middle",19,3.31858902575588,-0.68421052631579
"experience.61082e086188b2dd15182697","experience","10","extreme",19,8.59742441209407,4.47368421052632
"experience.61082e086188b2dd15182697","experience","10","middle",13,3.18085106382979,1.76923076923077
"experience.61082e086188b2dd15182697","experience","20","extreme",13,7.53436988543372,2.84615384615385
"experience.61082e086188b2dd15182697","experience","20","middle",18,3.18321513002364,-0.277777777777778
"experience.6118b3bf8ec743208bae28c8","experience","2","extreme",17,8.58697027197976,-2.29411764705882
"experience.6118b3bf8ec743208bae28c8","experience","2","middle",14,2.7173579109063,0
"experience.6118b3bf8ec743208bae28c8","experience","10","extreme",15,7.92616487455197,1.33333333333333
"experience.6118b3bf8ec743208bae28c8","experience","10","middle",15,3.06810035842294,1.8
"experience.6118b3bf8ec743208bae28c8","experience","20","extreme",17,8.35926628716003,2.05882352941176
"experience.6118b3bf8ec743208bae28c8","experience","20","middle",15,2.73476702508961,1.13333333333333
"experience.627e807715abf2361938fd68","experience","2","extreme",15,9.15578947368421,3.86666666666667
"experience.627e807715abf2361938fd68","experience","2","middle",17,2.8297213622291,2.17647058823529
"experience.627e807715abf2361938fd68","experience","10","extreme",17,8.62724458204334,5.58823529411765
"experience.627e807715abf2361938fd68","experience","10","middle",15,2.29684210526316,-0.6
"experience.627e807715abf2361938fd68","experience","20","extreme",17,8.928173374613,2.88235294117647
"experience.627e807715abf2361938fd68","experience","20","middle",14,2.63458646616541,1.57142857142857
"experience.62c5cdfe50000fce3e390be0","experience","2","extreme",15,8.01347517730497,0
"experience.62c5cdfe50000fce3e390be0","experience","2","middle",17,2.78160200250313,-2.52941176470588
"experience.62c5cdfe50000fce3e390be0","experience","10","extreme",19,8.7508398656215,-1.52631578947368
"experience.62c5cdfe50000fce3e390be0","experience","10","middle",11,1.47678916827853,0.727272727272727
"experience.62c5cdfe50000fce3e390be0","experience","20","extreme",15,8.61631205673759,-2.66666666666667
"experience.62c5cdfe50000fce3e390be0","experience","20","middle",17,3.27972465581977,-0.411764705882352
"experience.62d86c63e2966588c71b9ff2","experience","2","extreme",14,8.54377880184332,-2.07142857142857
"experience.62d86c63e2966588c71b9ff2","experience","2","middle",16,3.0866935483871,-0.625
"experience.62d86c63e2966588c71b9ff2","experience","10","extreme",12,8.54480286738351,0
"experience.62d86c63e2966588c71b9ff2","experience","10","middle",20,2.3,0.65
"experience.62d86c63e2966588c71b9ff2","experience","20","extreme",15,8.6179211469534,-0.466666666666667
"experience.62d86c63e2966588c71b9ff2","experience","20","middle",16,2.8125,0.25
"experience.62fbeca46caf4abaaf74b5f1","experience","2","extreme",15,7.76559139784946,2.33333333333333
"experience.62fbeca46caf4abaaf74b5f1","experience","2","middle",15,1.76129032258065,-0.466666666666667
"experience.62fbeca46caf4abaaf74b5f1","experience","10","extreme",15,7.83655913978495,1.46666666666667
"experience.62fbeca46caf4abaaf74b5f1","experience","10","middle",16,2.62298387096774,2
"experience.62fbeca46caf4abaaf74b5f1","experience","20","extreme",14,8.50460829493088,1.42857142857143
"experience.62fbeca46caf4abaaf74b5f1","experience","20","middle",18,3.05376344086022,-0.555555555555555
"experience.634696400ff1ac25ed01ad11","experience","2","extreme",19,8.26147816349384,2.89473684210526
"experience.634696400ff1ac25ed01ad11","experience","2","middle",12,2.93794326241135,1.16666666666667
"experience.634696400ff1ac25ed01ad11","experience","10","extreme",15,8.79787234042553,3
"experience.634696400ff1ac25ed01ad11","experience","10","middle",16,2.94547872340426,3.3125
"experience.634696400ff1ac25ed01ad11","experience","20","extreme",12,8.9113475177305,3.33333333333333
"experience.634696400ff1ac25ed01ad11","experience","20","middle",20,2.35957446808511,2.4
"experience.636d4527078f3ccc1f713265","experience","2","extreme",16,8.69407894736842,-1.375
"experience.636d4527078f3ccc1f713265","experience","2","middle",16,2.55592105263158,-1.75
"experience.636d4527078f3ccc1f713265","experience","10","extreme",17,8.19195046439629,-5.41176470588235
"experience.636d4527078f3ccc1f713265","experience","10","middle",15,2.40350877192982,-3.26666666666667
"experience.636d4527078f3ccc1f713265","experience","20","extreme",11,8.79425837320574,-6
"experience.636d4527078f3ccc1f713265","experience","20","middle",20,2.64473684210526,0.25
"experience.63d13f416b2c25038c13007f","experience","2","extreme",15,8.68222222222222,1.33333333333333
"experience.63d13f416b2c25038c13007f","experience","2","middle",16,3.59583333333333,0.25
"experience.63d13f416b2c25038c13007f","experience","10","extreme",17,8.95490196078431,2.47058823529412
"experience.63d13f416b2c25038c13007f","experience","10","middle",13,2.67435897435897,0.230769230769231
"experience.63d13f416b2c25038c13007f","experience","20","extreme",18,8.33333333333333,-0.722222222222223
"experience.63d13f416b2c25038c13007f","experience","20","middle",11,2.62121212121212,1.72727272727273
"experience.6400e07f37c248e81cbc9d41","experience","2","extreme",15,8.2187265917603,-2.06666666666667
"experience.6400e07f37c248e81cbc9d41","experience","2","middle",16,3,-1
"experience.6400e07f37c248e81cbc9d41","experience","10","extreme",18,8.55555555555556,-1.22222222222222
"experience.6400e07f37c248e81cbc9d41","experience","10","middle",14,3.98956661316212,0.571428571428572
"experience.6400e07f37c248e81cbc9d41","experience","20","extreme",11,8.40245148110317,0.818181818181818
"experience.6400e07f37c248e81cbc9d41","experience","20","middle",15,2.83820224719101,0.333333333333334
"experience.641363c9b6f7b3cb23a301f1","experience","2","extreme",20,8.61421052631579,-0.75
"experience.641363c9b6f7b3cb23a301f1","experience","2","middle",12,2.89298245614035,-1.41666666666667
"experience.641363c9b6f7b3cb23a301f1","experience","10","extreme",13,8.24453441295547,0.307692307692308
"experience.641363c9b6f7b3cb23a301f1","experience","10","middle",19,2.0393351800554,0.368421052631579
"experience.641363c9b6f7b3cb23a301f1","experience","20","extreme",18,8.55555555555556,2
"experience.641363c9b6f7b3cb23a301f1","experience","20","middle",13,2.83238866396761,0.538461538461538
"experience.6428c3d1aeb8d1cbe7e8cb78","experience","2","extreme",18,8.04736842105263,0.888888888888889
"experience.6428c3d1aeb8d1cbe7e8cb78","experience","2","middle",14,2.16390977443609,0.357142857142857
"experience.6428c3d1aeb8d1cbe7e8cb78","experience","10","extreme",22,7.9866028708134,2.22727272727273
"experience.6428c3d1aeb8d1cbe7e8cb78","experience","10","middle",9,3.00818713450292,-3
"experience.6428c3d1aeb8d1cbe7e8cb78","experience","20","extreme",14,7.55037593984962,0
"experience.6428c3d1aeb8d1cbe7e8cb78","experience","20","middle",18,2.61929824561404,1.38888888888889
"experience.642f6ac1b10ead55a45175ab","experience","2","extreme",20,8.09193548387097,1.5
"experience.642f6ac1b10ead55a45175ab","experience","2","middle",12,2.93996415770609,3.91666666666667
"experience.642f6ac1b10ead55a45175ab","experience","10","extreme",15,8.8573476702509,3.06666666666667
"experience.642f6ac1b10ead55a45175ab","experience","10","middle",17,3.33776091081594,0.470588235294117
"experience.642f6ac1b10ead55a45175ab","experience","20","extreme",19,8.24731182795699,-0.157894736842105
"experience.642f6ac1b10ead55a45175ab","experience","20","middle",10,3.54408602150538,-3.6
"experience.6463e139c1cfbd6321e08714","experience","2","extreme",15,8.22954545454546,3.4
"experience.6463e139c1cfbd6321e08714","experience","2","middle",14,2.52272727272727,-0.857142857142857
"experience.6463e139c1cfbd6321e08714","experience","10","extreme",11,8.08367768595041,4.54545454545454
"experience.6463e139c1cfbd6321e08714","experience","10","middle",18,3.18434343434343,2.5
"experience.6463e139c1cfbd6321e08714","experience","20","extreme",15,8.73863636363636,0.0666666666666669
"experience.6463e139c1cfbd6321e08714","experience","20","middle",15,2.08257575757576,1.13333333333333
"experience.647652cb5644044df439e1fb","experience","2","extreme",19,7.96864501679731,-4.57894736842105
"experience.647652cb5644044df439e1fb","experience","2","middle",13,3.28150572831424,-1.53846153846154
"experience.647652cb5644044df439e1fb","experience","10","extreme",18,8.89243498817967,0
"experience.647652cb5644044df439e1fb","experience","10","middle",13,2.65139116202946,0.307692307692308
"experience.647652cb5644044df439e1fb","experience","20","extreme",14,7.56686930091185,1.14285714285714
"experience.647652cb5644044df439e1fb","experience","20","middle",17,2.61201501877347,-0.11764705882353
"experience.65a09ede5747bb3166d505a4","experience","2","extreme",14,8.07142857142857,0.142857142857143
"experience.65a09ede5747bb3166d505a4","experience","2","middle",18,2.61229314420804,2.5
"experience.65a09ede5747bb3166d505a4","experience","10","extreme",23,8.34828862164662,2.8695652173913
"experience.65a09ede5747bb3166d505a4","experience","10","middle",9,3.10992907801418,0.777777777777778
"experience.65a09ede5747bb3166d505a4","experience","20","extreme",13,8.2823240589198,4
"experience.65a09ede5747bb3166d505a4","experience","20","middle",17,2.50876095118899,-1.58823529411765
"experience.65a7027c88eae2b9a68ae596","experience","2","extreme",17,7.6146728354263,2.88235294117647
"experience.65a7027c88eae2b9a68ae596","experience","2","middle",11,2.67007150153218,-3.45454545454545
"experience.65a7027c88eae2b9a68ae596","experience","10","extreme",10,7.33595505617977,0.6
"experience.65a7027c88eae2b9a68ae596","experience","10","middle",21,2.82236490101659,0.80952380952381
"experience.65a7027c88eae2b9a68ae596","experience","20","extreme",16,8.67626404494382,1.875
"experience.65a7027c88eae2b9a68ae596","experience","20","middle",14,3.1685393258427,0.714285714285714
"experience.65cb708afe5755feaeec417f","experience","2","extreme",16,7.93085106382979,1.5
"experience.65cb708afe5755feaeec417f","experience","2","middle",15,1.90354609929078,-0.466666666666667
"experience.65cb708afe5755feaeec417f","experience","10","extreme",18,8.48817966903073,2.83333333333333
"experience.65cb708afe5755feaeec417f","experience","10","middle",14,2.77811550151976,0.428571428571429
"experience.65cb708afe5755feaeec417f","experience","20","extreme",16,8.125,1.375
"experience.65cb708afe5755feaeec417f","experience","20","middle",15,2.63687943262411,0.533333333333333
"experience.65ccfdf16bdcab83d5bd1163","experience","2","extreme",16,7.66465053763441,0.9375
"experience.65ccfdf16bdcab83d5bd1163","experience","2","middle",16,2.88104838709677,0.5
"experience.65ccfdf16bdcab83d5bd1163","experience","10","extreme",13,9.0140612076096,0.384615384615385
"experience.65ccfdf16bdcab83d5bd1163","experience","10","middle",18,3.15173237753883,-1.44444444444444
"experience.65ccfdf16bdcab83d5bd1163","experience","20","extreme",14,8.18817204301075,0.785714285714286
"experience.65ccfdf16bdcab83d5bd1163","experience","20","middle",16,2.8125,0.375
"experience.66045663fbc92e11eb7e557c","experience","2","extreme",18,8.39125295508274,0.277777777777778
"experience.66045663fbc92e11eb7e557c","experience","2","middle",12,2.49645390070922,-0.583333333333333
"experience.66045663fbc92e11eb7e557c","experience","10","extreme",13,8.34124386252046,2.46153846153846
"experience.66045663fbc92e11eb7e557c","experience","10","middle",19,2.65901455767077,1.1578947368421
"experience.66045663fbc92e11eb7e557c","experience","20","extreme",18,8.66193853427896,3.44444444444444
"experience.66045663fbc92e11eb7e557c","experience","20","middle",14,2.78267477203647,2.14285714285714
"experience.6625c9127eee9a3639d7e1af","experience","2","extreme",20,8.82391304347826,-2.5
"experience.6625c9127eee9a3639d7e1af","experience","2","middle",12,2.64673913043478,1.33333333333333
"experience.6625c9127eee9a3639d7e1af","experience","10","extreme",18,8.77777777777778,-2.77777777777778
"experience.6625c9127eee9a3639d7e1af","experience","10","middle",13,2.99080267558528,-0.923076923076923
"experience.6625c9127eee9a3639d7e1af","experience","20","extreme",21,8.04192546583851,-2.57142857142857
"experience.6625c9127eee9a3639d7e1af","experience","20","middle",8,2.65489130434783,1.875
"experience.662c299e6db88649ff13ccae","experience","2","extreme",17,8.2156862745098,3.17647058823529
"experience.662c299e6db88649ff13ccae","experience","2","middle",13,2.88644688644689,0.538461538461539
"experience.662c299e6db88649ff13ccae","experience","10","extreme",8,9.00595238095238,1.375
"experience.662c299e6db88649ff13ccae","experience","10","middle",18,2.49470899470899,1
"experience.662c299e6db88649ff13ccae","experience","20","extreme",15,8.49206349206349,1.4
"experience.662c299e6db88649ff13ccae","experience","20","middle",13,2.04395604395604,-0.230769230769231
"experience.6633e281f08a156a04a3379d","experience","2","extreme",17,8.10200250312891,0.470588235294118
"experience.6633e281f08a156a04a3379d","experience","2","middle",15,2.41205673758865,1.46666666666667
"experience.6633e281f08a156a04a3379d","experience","10","extreme",15,7.96382978723404,0
"experience.6633e281f08a156a04a3379d","experience","10","middle",16,2.52260638297872,1.25
"experience.6633e281f08a156a04a3379d","experience","20","extreme",10,8.73617021276596,1.2
"experience.6633e281f08a156a04a3379d","experience","20","middle",21,2.85258358662614,-1
"experience.6633ff088a92287249f6968c","experience","2","extreme",14,8.9247311827957,4.85714285714286
"experience.6633ff088a92287249f6968c","experience","2","middle",18,2.44743130227001,1.38888888888889
"experience.6633ff088a92287249f6968c","experience","10","extreme",18,8.77777777777778,3.38888888888889
"experience.6633ff088a92287249f6968c","experience","10","middle",13,2.57485525227461,0.153846153846154
"experience.6633ff088a92287249f6968c","experience","20","extreme",17,8.31562302340291,4
"experience.6633ff088a92287249f6968c","experience","20","middle",13,2.89909015715467,0.307692307692308
"experience.663a6537d8be42a9bd890765","experience","2","extreme",13,8.4025641025641,1.38461538461538
"experience.663a6537d8be42a9bd890765","experience","2","middle",18,3.1962962962963,-0.277777777777777
"experience.663a6537d8be42a9bd890765","experience","10","extreme",16,8.59583333333333,-1.0625
"experience.663a6537d8be42a9bd890765","experience","10","middle",13,3.07094017094017,-0.307692307692308
"experience.663a6537d8be42a9bd890765","experience","20","extreme",12,8.44259259259259,3.16666666666667
"experience.663a6537d8be42a9bd890765","experience","20","middle",18,2.50864197530864,0.833333333333333
"experience.6648acc2d8f61a601c3a37ac","experience","2","extreme",16,8.375,0.4375
"experience.6648acc2d8f61a601c3a37ac","experience","2","middle",15,3.00501792114695,-1.13333333333333
"experience.6648acc2d8f61a601c3a37ac","experience","10","extreme",20,9.20752688172043,1.65
"experience.6648acc2d8f61a601c3a37ac","experience","10","middle",10,3.06021505376344,6.8
"experience.6648acc2d8f61a601c3a37ac","experience","20","extreme",12,7.8915770609319,3
"experience.6648acc2d8f61a601c3a37ac","experience","20","middle",20,3.35,-0.8
"experience.66491e9882aaa64c5d0911d5","experience","2","extreme",17,7.94590939824206,1.58823529411765
"experience.66491e9882aaa64c5d0911d5","experience","2","middle",10,2.5,0.4
"experience.66491e9882aaa64c5d0911d5","experience","10","extreme",17,9.18120351588911,1.88235294117647
"experience.66491e9882aaa64c5d0911d5","experience","10","middle",12,2.59674329501916,0.583333333333333
"experience.66491e9882aaa64c5d0911d5","experience","20","extreme",12,8.11015325670498,1.33333333333333
"experience.66491e9882aaa64c5d0911d5","experience","20","middle",19,1.95160314579552,-0.263157894736842
"experience.666b836f18949a2e08b6c741","experience","2","extreme",16,8.2578947368421,6.8125
"experience.666b836f18949a2e08b6c741","experience","2","middle",16,2.43486842105263,-0.9375
"experience.666b836f18949a2e08b6c741","experience","10","extreme",17,8.23405572755418,5.70588235294118
"experience.666b836f18949a2e08b6c741","experience","10","middle",14,2.99398496240602,-1.21428571428571
"experience.666b836f18949a2e08b6c741","experience","20","extreme",22,8.68373205741627,5.13636363636364
"experience.666b836f18949a2e08b6c741","experience","20","middle",10,3.38315789473684,-6.5
"experience.66759eb2274a4f10deeba339","experience","2","extreme",9,8.02222222222222,1.33333333333333
"experience.66759eb2274a4f10deeba339","experience","2","middle",20,3.09,-1
"experience.66759eb2274a4f10deeba339","experience","10","extreme",14,8.24285714285714,-1.14285714285714
"experience.66759eb2274a4f10deeba339","experience","10","middle",14,2.32857142857143,-1.85714285714286
"experience.66759eb2274a4f10deeba339","experience","20","extreme",18,8.12222222222222,1.38888888888889
"experience.66759eb2274a4f10deeba339","experience","20","middle",10,3.1,-2.5
"experience.66c26b01a3d551a7d8bd342c","experience","2","extreme",15,8.9741935483871,-0.2
"experience.66c26b01a3d551a7d8bd342c","experience","2","middle",14,2.83870967741935,0.642857142857144
"experience.66c26b01a3d551a7d8bd342c","experience","10","extreme",12,7.89516129032258,0.75
"experience.66c26b01a3d551a7d8bd342c","experience","10","middle",20,3.06290322580645,-0.950000000000001
"experience.66c26b01a3d551a7d8bd342c","experience","20","extreme",13,8.39454094292804,-3
"experience.66c26b01a3d551a7d8bd342c","experience","20","middle",19,2.5874363327674,0.421052631578948
"experience.66c759ddaa2a477714a13d63","experience","2","extreme",19,8.80758347481607,7.73684210526316
"experience.66c759ddaa2a477714a13d63","experience","2","middle",11,3.41837732160313,-3.36363636363636
"experience.66c759ddaa2a477714a13d63","experience","10","extreme",17,8.54648956356736,1.47058823529412
"experience.66c759ddaa2a477714a13d63","experience","10","middle",15,2.21218637992832,-1.86666666666667
"experience.66c759ddaa2a477714a13d63","experience","20","extreme",18,7.81003584229391,7.33333333333333
"experience.66c759ddaa2a477714a13d63","experience","20","middle",13,2.66997518610422,1.07692307692308
"experience.66d88375799e00b593a8655f","experience","2","extreme",14,8.34301412872841,2.21428571428571
"experience.66d88375799e00b593a8655f","experience","2","middle",15,2.61978021978022,0.733333333333333
"experience.66d88375799e00b593a8655f","experience","10","extreme",16,8.41208791208791,3.5
"experience.66d88375799e00b593a8655f","experience","10","middle",15,2.99340659340659,3.2
"experience.66d88375799e00b593a8655f","experience","20","extreme",17,8.20620555914673,4.58823529411765
"experience.66d88375799e00b593a8655f","experience","20","middle",14,2.14285714285714,0.857142857142857
"experience.66dbd5f3eec0242b9d2ce9f2","experience","2","extreme",14,8.85714285714286,0.214285714285714
"experience.66dbd5f3eec0242b9d2ce9f2","experience","2","middle",17,2.89204912734324,-0.647058823529412
"experience.66dbd5f3eec0242b9d2ce9f2","experience","10","extreme",15,8.87032967032967,2.2
"experience.66dbd5f3eec0242b9d2ce9f2","experience","10","middle",14,2.92857142857143,1.42857142857143
"experience.66dbd5f3eec0242b9d2ce9f2","experience","20","extreme",15,8.34432234432234,1.8
"experience.66dbd5f3eec0242b9d2ce9f2","experience","20","middle",16,2.54876373626374,0.0625
"experience.66e0813b79955faf3b6017c3","experience","2","extreme",15,9.90322580645161,-0.533333333333333
"experience.66e0813b79955faf3b6017c3","experience","2","middle",16,2.35819892473118,-0.625
"experience.66e0813b79955faf3b6017c3","experience","10","extreme",15,8.43010752688172,1.73333333333333
"experience.66e0813b79955faf3b6017c3","experience","10","middle",17,2.7539531941809,1.17647058823529
"experience.66e0813b79955faf3b6017c3","experience","20","extreme",17,9.0853889943074,1.29411764705882
"experience.66e0813b79955faf3b6017c3","experience","20","middle",13,2.39867659222498,3
"experience.66fceda149718a86f36761b4","experience","2","extreme",18,8.27777777777778,-4.11111111111111
"experience.66fceda149718a86f36761b4","experience","2","middle",14,2.8161094224924,1.71428571428571
"experience.66fceda149718a86f36761b4","experience","10","extreme",10,8.20851063829787,2.5
"experience.66fceda149718a86f36761b4","experience","10","middle",21,2.19655521783181,1
"experience.66fceda149718a86f36761b4","experience","20","extreme",15,7.65248226950355,-2.46666666666667
"experience.66fceda149718a86f36761b4","experience","20","middle",16,2.80718085106383,2.3125
"experience.670feba2e636f738625aa72d","experience","2","extreme",17,8.35492399206874,-0.705882352941177
"experience.670feba2e636f738625aa72d","experience","2","middle",12,3.66104868913858,-0.583333333333333
"experience.670feba2e636f738625aa72d","experience","10","extreme",19,8.47782377291543,-0.105263157894737
"experience.670feba2e636f738625aa72d","experience","10","middle",11,3.27374872318693,0
"experience.670feba2e636f738625aa72d","experience","20","extreme",17,8.23595505617978,1.76470588235294
"experience.670feba2e636f738625aa72d","experience","20","middle",13,3.0743301642178,1.61538461538462
"experience.6713eeea64ca1fb59cbcbce4","experience","2","extreme",17,8.45332480818414,0.352941176470588
"experience.6713eeea64ca1fb59cbcbce4","experience","2","middle",14,3.02018633540373,0.5
"experience.6713eeea64ca1fb59cbcbce4","experience","10","extreme",16,8.6875,2.4375
"experience.6713eeea64ca1fb59cbcbce4","experience","10","middle",14,2.37732919254658,-0.428571428571429
"experience.6713eeea64ca1fb59cbcbce4","experience","20","extreme",15,8.36159420289855,1.73333333333333
"experience.6713eeea64ca1fb59cbcbce4","experience","20","middle",16,3.40217391304348,2
"experience.672adb2909ca72744f212a7d","experience","2","extreme",16,7.64228723404255,0.6875
"experience.672adb2909ca72744f212a7d","experience","2","middle",16,2.8125,0.1875
"experience.672adb2909ca72744f212a7d","experience","10","extreme",12,8.54609929078014,1.58333333333333
"experience.672adb2909ca72744f212a7d","experience","10","middle",19,2.91657334826428,-1
"experience.672adb2909ca72744f212a7d","experience","20","extreme",14,7.6306990881459,5.5
"experience.672adb2909ca72744f212a7d","experience","20","middle",17,2.80913642052566,-2.17647058823529
"experience.672fd24711f758e7a04ac043","experience","2","extreme",18,8.44444444444444,1.11111111111111
"experience.672fd24711f758e7a04ac043","experience","2","middle",13,2.45417348608838,0.076923076923077
"experience.672fd24711f758e7a04ac043","experience","10","extreme",14,8.3434650455927,1.35714285714286
"experience.672fd24711f758e7a04ac043","experience","10","middle",17,3.48748435544431,1.35294117647059
"experience.672fd24711f758e7a04ac043","experience","20","extreme",20,8.3,1.4
"experience.672fd24711f758e7a04ac043","experience","20","middle",12,2.73404255319149,0.416666666666667
"experience.67435bbf9649c44a0e379543","experience","2","extreme",12,8.41666666666667,0
"experience.67435bbf9649c44a0e379543","experience","2","middle",20,2.84042553191489,-1.1
"experience.67435bbf9649c44a0e379543","experience","10","extreme",16,8.24468085106383,-1.625
"experience.67435bbf9649c44a0e379543","experience","10","middle",14,2.5516717325228,0.571428571428572
"experience.67435bbf9649c44a0e379543","experience","20","extreme",16,8.77260638297872,-0.75
"experience.67435bbf9649c44a0e379543","experience","20","middle",16,2.71010638297872,-0.625
"experience.6751acc5dc78128951a34f1f","experience","2","extreme",18,8.54347826086956,4.11111111111111
"experience.6751acc5dc78128951a34f1f","experience","2","middle",13,2.9314381270903,-0.230769230769231
"experience.6751acc5dc78128951a34f1f","experience","10","extreme",16,7.42391304347826,5.375
"experience.6751acc5dc78128951a34f1f","experience","10","middle",14,3.56832298136646,-1.07142857142857
"experience.6751acc5dc78128951a34f1f","experience","20","extreme",13,7.87458193979933,-0.230769230769231
"experience.6751acc5dc78128951a34f1f","experience","20","middle",18,3.17874396135266,-0.833333333333333
"experience.676f37ed7c44110e5278cc97","experience","2","extreme",10,8.05,0.1
"experience.676f37ed7c44110e5278cc97","experience","2","middle",21,2.48809523809524,-1.57142857142857
"experience.676f37ed7c44110e5278cc97","experience","10","extreme",16,8.4375,-0.1875
"experience.676f37ed7c44110e5278cc97","experience","10","middle",15,2.81666666666667,-3
"experience.676f37ed7c44110e5278cc97","experience","20","extreme",22,7.84090909090909,-4.13636363636364
"experience.676f37ed7c44110e5278cc97","experience","20","middle",8,2.3125,0
"experience.6782941e57f81cd1ab7841b2","experience","2","extreme",19,8.64516129032258,-2.15789473684211
"experience.6782941e57f81cd1ab7841b2","experience","2","middle",10,2.59677419354839,-1
"experience.6782941e57f81cd1ab7841b2","experience","10","extreme",22,8.54545454545454,-2.13636363636364
"experience.6782941e57f81cd1ab7841b2","experience","10","middle",10,1.94838709677419,0.3
"experience.6782941e57f81cd1ab7841b2","experience","20","extreme",16,8.46774193548387,-1.4375
"experience.6782941e57f81cd1ab7841b2","experience","20","middle",16,2.84475806451613,-2.375
"experience.6786d5ddfc32db55097ed259","experience","2","extreme",12,8.64964157706093,-0.916666666666667
"experience.6786d5ddfc32db55097ed259","experience","2","middle",19,3.13695529145444,0.31578947368421
"experience.6786d5ddfc32db55097ed259","experience","10","extreme",15,8.04014336917563,1
"experience.6786d5ddfc32db55097ed259","experience","10","middle",17,2.49399114484503,-0.0588235294117649
"experience.6786d5ddfc32db55097ed259","experience","20","extreme",9,8.75627240143369,-1
"experience.6786d5ddfc32db55097ed259","experience","20","middle",21,2.84690220174091,0.428571428571428
"experience.67c7d97be1bcafdd7b0a8059","experience","2","extreme",16,8.11323529411765,-0.25
"experience.67c7d97be1bcafdd7b0a8059","experience","2","middle",16,3.25,1.125
"experience.67c7d97be1bcafdd7b0a8059","experience","10","extreme",19,8.18575851393189,1.21052631578947
"experience.67c7d97be1bcafdd7b0a8059","experience","10","middle",8,4.04705882352941,2.125
"experience.67c7d97be1bcafdd7b0a8059","experience","20","extreme",15,8.43529411764706,3.13333333333333
"experience.67c7d97be1bcafdd7b0a8059","experience","20","middle",11,2.6620320855615,-0.090909090909091
"experience.67d0a57b0a4981c5e65c3bcc","experience","2","extreme",13,8.27218934911243,7.30769230769231
"experience.67d0a57b0a4981c5e65c3bcc","experience","2","middle",18,3.27777777777778,2.33333333333333
"experience.67d0a57b0a4981c5e65c3bcc","experience","10","extreme",12,7.25,3.41666666666667
"experience.67d0a57b0a4981c5e65c3bcc","experience","10","middle",16,3.1771978021978,2.5625
"experience.67d0a57b0a4981c5e65c3bcc","experience","20","extreme",15,9.97509157509158,2.13333333333333
"experience.67d0a57b0a4981c5e65c3bcc","experience","20","middle",17,3.10536522301228,1.17647058823529
"experience.67d48133208e9bbe96dc6761","experience","2","extreme",15,7.75144927536232,2.2
"experience.67d48133208e9bbe96dc6761","experience","2","middle",14,3.12111801242236,2.07142857142857
"experience.67d48133208e9bbe96dc6761","experience","10","extreme",16,8.04755434782609,4.0625
"experience.67d48133208e9bbe96dc6761","experience","10","middle",15,3.22826086956522,-0.133333333333334
"experience.67d48133208e9bbe96dc6761","experience","20","extreme",14,8.7639751552795,3.42857142857143
"experience.67d48133208e9bbe96dc6761","experience","20","middle",18,2.29951690821256,0.777777777777778
"experience.67df971ade30d8628a50216a","experience","2","extreme",18,8.44444444444444,0.833333333333333
"experience.67df971ade30d8628a50216a","experience","2","middle",10,3.08045977011494,2.5
"experience.67df971ade30d8628a50216a","experience","10","extreme",17,8.71196754563895,6
"experience.67df971ade30d8628a50216a","experience","10","middle",14,2.69950738916256,0.142857142857143
"experience.67df971ade30d8628a50216a","experience","20","extreme",16,8.57471264367816,4.375
"experience.67df971ade30d8628a50216a","experience","20","middle",12,3.03352490421456,1
"experience.67ef0ffd5065856baab09f1a","experience","2","extreme",14,8.41011235955056,3.28571428571429
"experience.67ef0ffd5065856baab09f1a","experience","2","middle",15,3.4247191011236,-0.2
"experience.67ef0ffd5065856baab09f1a","experience","10","extreme",18,8.47315855181024,-0.833333333333333
"experience.67ef0ffd5065856baab09f1a","experience","10","middle",12,2.83333333333333,-1.75
"experience.67ef0ffd5065856baab09f1a","experience","20","extreme",15,8.39250936329588,0.2
"experience.67ef0ffd5065856baab09f1a","experience","20","middle",15,2.15805243445693,1.2
