"participant_id","trial","fixationTime","meanVal","indexSelected","array_length","color","rt","row_id","stage"
"56b53292a9d33a000c8981a6",36,500,35,30,20,"red",12256,112,"rt_bounds"
"56b53292a9d33a000c8981a6",50,400,26,23,10,"red",9473,126,"rt_bounds"
"56b53292a9d33a000c8981a6",69,600,33,0,2,"blue",11771,145,"rt_bounds"
"56b53292a9d33a000c8981a6",82,400,22,24,10,"blue",8022,158,"rt_bounds"
"5b6db9e0580154000153cc64",21,600,36,10,20,"blue",26226,289,"rt_bounds"
"5b6db9e0580154000153cc64",30,400,23,23,2,"blue",24363,298,"rt_bounds"
"5b6db9e0580154000153cc64",58,400,31,23,2,"blue",8150,326,"rt_bounds"
"5b6db9e0580154000153cc64",60,600,20,20,2,"blue",9048,328,"rt_bounds"
"5b6db9e0580154000153cc64",61,600,26,35,10,"blue",13703,329,"rt_bounds"
"5b6db9e0580154000153cc64",90,500,18,25,10,"red",9671,358,"rt_bounds"
"5b6db9e0580154000153cc64",95,600,18,16,2,"red",8185,363,"rt_bounds"
"5b6db9e0580154000153cc64",114,500,31,37,20,"red",9711,382,"rt_bounds"
"5b6db9e0580154000153cc64",116,600,20,23,10,"red",13055,384,"rt_bounds"
"5e437d7404eaba215eafbd2a",62,500,30,29,20,"red",14169,810,"rt_bounds"
"5e437d7404eaba215eafbd2a",69,500,27,23,20,"blue",39616,817,"rt_bounds"
"609551c1ade88f8463666fb8",23,400,20,22,10,"red",10893,1251,"rt_bounds"
"609551c1ade88f8463666fb8",27,600,27,14,2,"red",9773,1255,"rt_bounds"
"61bb392e40db417c1a138dcb",43,500,22,26,10,"red",9413,1367,"rt_bounds"
"651b29ff3a6cadf518640abe",69,600,36,14,2,"red",10096,1777,"rt_bounds"
"651c4484ba17050f6b716614",65,600,29,19,20,"red",9223,1869,"rt_bounds"
"65612a45629022b7c905ef6c",30,500,31,21,20,"blue",9887,1930,"rt_bounds"
"65612a45629022b7c905ef6c",34,500,36,31,2,"blue",10778,1934,"rt_bounds"
"65612a45629022b7c905ef6c",43,400,33,35,10,"blue",11439,1943,"rt_bounds"
"65612a45629022b7c905ef6c",56,500,35,26,2,"blue",13812,1956,"rt_bounds"
"65612a45629022b7c905ef6c",60,500,18,23,10,"blue",9373,1960,"rt_bounds"
"65612a45629022b7c905ef6c",66,600,22,28,2,"blue",15190,1966,"rt_bounds"
"65612a45629022b7c905ef6c",72,400,20,17,2,"red",8521,1972,"rt_bounds"
"65612a45629022b7c905ef6c",77,400,15,14,20,"red",8988,1977,"rt_bounds"
"65612a45629022b7c905ef6c",85,500,14,24,20,"red",11727,1985,"rt_bounds"
"65612a45629022b7c905ef6c",96,500,18,28,20,"red",12609,1996,"rt_bounds"
"65612a45629022b7c905ef6c",102,400,14,27,2,"red",13722,2002,"rt_bounds"
"65612a45629022b7c905ef6c",111,600,17,27,10,"red",15329,2011,"rt_bounds"
"65612a45629022b7c905ef6c",113,400,34,30,10,"red",17975,2013,"rt_bounds"
"65a2bc0d60b1e46f4e1d3cc8",61,500,22,28,20,"blue",13644,2057,"rt_bounds"
"65a2bc0d60b1e46f4e1d3cc8",69,400,21,23,2,"red",11136,2065,"rt_bounds"
"65a2bc0d60b1e46f4e1d3cc8",105,600,20,21,20,"red",139533,2101,"rt_bounds"
"662a5d4dabae70ece2dfcc21",29,400,25,21,2,"red",9521,2217,"rt_bounds"
"662a5d4dabae70ece2dfcc21",39,500,23,20,10,"red",9057,2227,"rt_bounds"
"662a5d4dabae70ece2dfcc21",42,500,34,31,20,"red",11217,2230,"rt_bounds"
"662a5d4dabae70ece2dfcc21",44,500,14,15,20,"red",9446,2232,"rt_bounds"
"662a5d4dabae70ece2dfcc21",51,600,18,13,2,"red",8187,2239,"rt_bounds"
"662a5d4dabae70ece2dfcc21",52,400,14,11,20,"red",8325,2240,"rt_bounds"
"662a5d4dabae70ece2dfcc21",55,500,19,19,20,"red",15747,2243,"rt_bounds"
"662a5d4dabae70ece2dfcc21",68,400,29,36,20,"red",9134,2256,"rt_bounds"
"662a5d4dabae70ece2dfcc21",69,500,33,0,2,"blue",13704,2257,"rt_bounds"
"6644cf0a2e641bfd221ac4af",21,600,31,33,2,"blue",8143,2401,"rt_bounds"
"6674d66310b6684b86ddf7b9",62,500,32,31,2,"blue",10437,2538,"rt_bounds"
"6941735b3d4f8229158290ea",41,600,36,33,2,"blue",11524,3189,"rt_bounds"
"6945b7f9c69fe2317b25e4a2",31,600,29,4,20,"red",123737,3467,"rt_bounds"
"6957ec3547d1923f4fa00638",46,500,34,32,2,"red",8160,3578,"rt_bounds"
"55ecd6ff748092000daa9f5f",21,500,26,22,10,"blue",3227,1,"participant_rt_sd"
"55ecd6ff748092000daa9f5f",87,400,34,7,10,"red",3303,67,"participant_rt_sd"
"56b53292a9d33a000c8981a6",40,500,17,16,20,"red",7431,116,"participant_rt_sd"
"56b53292a9d33a000c8981a6",41,500,33,23,2,"red",7268,117,"participant_rt_sd"
"56b53292a9d33a000c8981a6",111,500,16,17,20,"blue",7841,187,"participant_rt_sd"
"59205f5005b0ce000123c6e6",91,600,36,19,10,"blue",5538,263,"participant_rt_sd"
"5d6b2515783298001a763157",21,400,25,21,20,"blue",3454,385,"participant_rt_sd"
"5d6b2515783298001a763157",30,400,30,28,2,"blue",2991,394,"participant_rt_sd"
"5d6b2515783298001a763157",45,600,31,28,2,"blue",3044,409,"participant_rt_sd"
"5d6b2515783298001a763157",112,600,15,10,2,"red",3040,476,"participant_rt_sd"
"5e03e20e4cac68ec33187d80",25,500,31,34,20,"blue",4159,485,"participant_rt_sd"
"5e03e20e4cac68ec33187d80",39,600,19,19,2,"blue",4254,499,"participant_rt_sd"
"5e03e20e4cac68ec33187d80",40,600,23,23,10,"blue",4367,500,"participant_rt_sd"
"5e076480c4e1550e2114f006",24,500,36,34,10,"red",3248,580,"participant_rt_sd"
"5e076480c4e1550e2114f006",41,600,14,14,2,"red",3160,597,"participant_rt_sd"
"5e076480c4e1550e2114f006",85,400,14,25,2,"blue",3195,641,"participant_rt_sd"
"5e3adfc595ff562fbdd130fa",21,400,27,26,2,"blue",2324,673,"participant_rt_sd"
"5e437d7404eaba215eafbd2a",21,500,30,28,2,"red",5617,769,"participant_rt_sd"
"5e437d7404eaba215eafbd2a",61,400,23,24,2,"red",4085,809,"participant_rt_sd"
"5e437d7404eaba215eafbd2a",98,500,20,27,10,"blue",4015,846,"participant_rt_sd"
"5f4813c94e8b081877fb26a6",35,400,20,18,20,"red",3953,879,"participant_rt_sd"
"5ff07b5ee7a1d23e719e421e",21,500,28,29,10,"blue",4543,961,"participant_rt_sd"
"5ff07b5ee7a1d23e719e421e",29,500,16,15,2,"blue",3981,969,"participant_rt_sd"
"5ff07b5ee7a1d23e719e421e",56,600,31,32,10,"blue",5212,996,"participant_rt_sd"
"603006ea5f6c24dfc908f835",28,600,18,19,20,"red",4398,1064,"participant_rt_sd"
"607668ac450fc6e3025a131d",32,500,14,15,20,"blue",4161,1164,"participant_rt_sd"
"609551c1ade88f8463666fb8",21,400,31,32,20,"red",6839,1249,"participant_rt_sd"
"609551c1ade88f8463666fb8",47,400,23,33,10,"red",6504,1275,"participant_rt_sd"
"61bb392e40db417c1a138dcb",44,600,32,26,2,"red",5649,1368,"participant_rt_sd"
"61bb392e40db417c1a138dcb",62,400,20,22,10,"red",5499,1386,"participant_rt_sd"
"61bb392e40db417c1a138dcb",93,400,23,15,20,"blue",5435,1417,"participant_rt_sd"
"622a42c21de0c55ba18a2acb",21,600,30,27,20,"red",3540,1441,"participant_rt_sd"
"622a42c21de0c55ba18a2acb",43,400,33,39,10,"red",3425,1463,"participant_rt_sd"
"622a42c21de0c55ba18a2acb",69,600,28,1,10,"blue",4253,1489,"participant_rt_sd"
"622a42c21de0c55ba18a2acb",96,500,34,32,2,"blue",3709,1516,"participant_rt_sd"
"633485c40e46cf7e9a2f2ca1",49,500,35,32,20,"red",6456,1565,"participant_rt_sd"
"641e62a8191451d08e6c08f7",21,400,23,19,10,"blue",3940,1633,"participant_rt_sd"
"641e62a8191451d08e6c08f7",29,500,35,17,20,"blue",4065,1641,"participant_rt_sd"
"641e62a8191451d08e6c08f7",47,400,32,15,10,"blue",5773,1659,"participant_rt_sd"
"641e62a8191451d08e6c08f7",56,600,33,20,20,"blue",3606,1668,"participant_rt_sd"
"651b29ff3a6cadf518640abe",21,400,17,22,10,"blue",5118,1729,"participant_rt_sd"
"651b29ff3a6cadf518640abe",65,500,15,13,20,"blue",5465,1773,"participant_rt_sd"
"651b29ff3a6cadf518640abe",89,400,16,17,10,"red",4890,1797,"participant_rt_sd"
"651b29ff3a6cadf518640abe",92,600,24,19,20,"red",4772,1800,"participant_rt_sd"
"651b29ff3a6cadf518640abe",106,500,24,18,10,"red",4892,1814,"participant_rt_sd"
"651c4484ba17050f6b716614",44,500,15,16,20,"red",5906,1848,"participant_rt_sd"
"651c4484ba17050f6b716614",47,400,30,34,20,"red",5908,1851,"participant_rt_sd"
"651c4484ba17050f6b716614",69,600,31,1,2,"blue",6376,1873,"participant_rt_sd"
"65612a45629022b7c905ef6c",74,400,30,36,10,"red",7999,1974,"participant_rt_sd"
"65a2bc0d60b1e46f4e1d3cc8",89,400,21,20,10,"red",5815,2085,"participant_rt_sd"
"65b98fe25e75b5acc3f44626",36,400,29,31,2,"red",2231,2128,"participant_rt_sd"
"65b98fe25e75b5acc3f44626",46,500,28,19,10,"red",2688,2138,"participant_rt_sd"
"65b98fe25e75b5acc3f44626",69,500,18,21,20,"blue",2309,2161,"participant_rt_sd"
"662c1b87d84d0f2111bb3a56",47,500,28,27,10,"red",4655,2331,"participant_rt_sd"
"662c1b87d84d0f2111bb3a56",57,400,16,15,10,"red",5595,2341,"participant_rt_sd"
"662c1b87d84d0f2111bb3a56",69,600,30,1,2,"blue",6451,2353,"participant_rt_sd"
"6644cf0a2e641bfd221ac4af",23,400,33,28,20,"blue",4065,2403,"participant_rt_sd"
"6644cf0a2e641bfd221ac4af",38,400,33,31,10,"blue",4096,2418,"participant_rt_sd"
"6644cf0a2e641bfd221ac4af",112,500,33,35,20,"red",4143,2492,"participant_rt_sd"
"6674d66310b6684b86ddf7b9",21,600,33,12,2,"blue",7166,2497,"participant_rt_sd"
"6674d66310b6684b86ddf7b9",96,600,34,27,10,"red",6436,2572,"participant_rt_sd"
"669aed56568d11bad784de3b",37,500,30,31,2,"blue",5178,2609,"participant_rt_sd"
"669aed56568d11bad784de3b",40,500,25,28,20,"blue",6054,2612,"participant_rt_sd"
"669aed56568d11bad784de3b",100,400,23,13,20,"red",6173,2672,"participant_rt_sd"
"66b68e2b2c21a7ed557cf866",21,500,27,29,2,"blue",6295,2689,"participant_rt_sd"
"66b68e2b2c21a7ed557cf866",38,400,24,28,20,"blue",6260,2706,"participant_rt_sd"
"66d1a34290c0181302a08f66",92,400,29,29,20,"blue",7336,2856,"participant_rt_sd"
"66e9cc5fb04f5ba6d8b5a3f1",21,500,25,24,20,"blue",5005,2881,"participant_rt_sd"
"66e9cc5fb04f5ba6d8b5a3f1",87,400,29,23,10,"red",5844,2947,"participant_rt_sd"
"676f2ff678d74407b518207d",21,600,34,15,2,"blue",3464,2977,"participant_rt_sd"
"676f2ff678d74407b518207d",22,600,35,29,10,"blue",3847,2978,"participant_rt_sd"
"67ca05b811f9ce2ffe685f2f",21,600,25,0,10,"blue",3636,3073,"participant_rt_sd"
"67ca05b811f9ce2ffe685f2f",69,600,28,0,2,"red",3534,3121,"participant_rt_sd"
"6941735b3d4f8229158290ea",23,600,21,16,20,"blue",4983,3171,"participant_rt_sd"
"6941735b3d4f8229158290ea",57,500,28,21,20,"blue",4573,3205,"participant_rt_sd"
"694179d88301c400c4bbdb4d",69,400,29,9,20,"blue",6510,3313,"participant_rt_sd"
"6942e378d0c8a15ff6b1f81e",21,500,25,19,2,"red",4381,3361,"participant_rt_sd"
"6942e378d0c8a15ff6b1f81e",75,600,20,14,2,"blue",3620,3415,"participant_rt_sd"
"6945b7f9c69fe2317b25e4a2",56,500,24,31,10,"red",3228,3492,"participant_rt_sd"
"6945b7f9c69fe2317b25e4a2",69,600,28,11,2,"blue",4021,3505,"participant_rt_sd"
"6945b7f9c69fe2317b25e4a2",79,500,19,25,2,"blue",3288,3515,"participant_rt_sd"
"6957ec3547d1923f4fa00638",26,500,23,25,20,"red",7977,3558,"participant_rt_sd"
"695c8ba574771ee1382bed66",21,400,28,6,10,"blue",6251,3649,"participant_rt_sd"
"695c8ba574771ee1382bed66",27,500,18,19,20,"blue",4641,3655,"participant_rt_sd"
"695c8ba574771ee1382bed66",47,500,31,37,20,"blue",5114,3675,"participant_rt_sd"
"609551c1ade88f8463666fb8",69,400,31,1,2,"blue",5212,1297,"large_error"
"67ca05b811f9ce2ffe685f2f",29,500,35,0,10,"blue",976,3081,"large_error"
"67ca05b811f9ce2ffe685f2f",35,600,32,0,2,"blue",976,3087,"large_error"
"67ca05b811f9ce2ffe685f2f",38,500,34,0,20,"blue",895,3090,"large_error"
"67ca05b811f9ce2ffe685f2f",42,400,36,0,10,"blue",877,3094,"large_error"
"67ca05b811f9ce2ffe685f2f",43,500,32,0,20,"blue",894,3095,"large_error"
"67ca05b811f9ce2ffe685f2f",45,600,31,0,10,"blue",295,3097,"large_error"
"67ca05b811f9ce2ffe685f2f",52,400,33,0,10,"blue",859,3104,"large_error"
"67ca05b811f9ce2ffe685f2f",53,500,32,0,20,"blue",893,3105,"large_error"
"67ca05b811f9ce2ffe685f2f",56,400,34,0,2,"blue",760,3108,"large_error"
"67ca05b811f9ce2ffe685f2f",60,400,34,0,10,"blue",777,3112,"large_error"
"67ca05b811f9ce2ffe685f2f",61,400,35,0,2,"blue",760,3113,"large_error"
"67ca05b811f9ce2ffe685f2f",62,400,36,0,2,"blue",793,3114,"large_error"
"67ca05b811f9ce2ffe685f2f",63,400,36,0,20,"blue",809,3115,"large_error"
"67ca05b811f9ce2ffe685f2f",64,600,36,0,2,"blue",810,3116,"large_error"
"67ca05b811f9ce2ffe685f2f",66,400,32,0,20,"blue",910,3118,"large_error"
"67ca05b811f9ce2ffe685f2f",76,500,34,0,10,"red",894,3128,"large_error"
"67ca05b811f9ce2ffe685f2f",78,400,30,0,10,"red",760,3130,"large_error"
"67ca05b811f9ce2ffe685f2f",80,400,34,0,2,"red",778,3132,"large_error"
"67ca05b811f9ce2ffe685f2f",84,500,36,0,20,"red",794,3136,"large_error"
"67ca05b811f9ce2ffe685f2f",86,400,32,0,20,"red",860,3138,"large_error"
"67ca05b811f9ce2ffe685f2f",88,600,36,0,10,"red",844,3140,"large_error"
"67ca05b811f9ce2ffe685f2f",92,400,30,0,20,"red",310,3144,"large_error"
"67ca05b811f9ce2ffe685f2f",93,600,33,0,2,"red",744,3145,"large_error"
"67ca05b811f9ce2ffe685f2f",94,500,31,0,20,"red",1011,3146,"large_error"
"67ca05b811f9ce2ffe685f2f",96,600,30,0,10,"red",777,3148,"large_error"
"67ca05b811f9ce2ffe685f2f",98,500,31,0,10,"red",743,3150,"large_error"
"67ca05b811f9ce2ffe685f2f",104,600,35,0,20,"red",708,3156,"large_error"
"67ca05b811f9ce2ffe685f2f",107,400,32,0,20,"red",677,3159,"large_error"
"67ca05b811f9ce2ffe685f2f",111,500,34,0,20,"red",326,3163,"large_error"
"67ca05b811f9ce2ffe685f2f",114,600,31,0,10,"red",809,3166,"large_error"
"67ca05b811f9ce2ffe685f2f",22,500,14,0,10,"blue",1077,3074,"too_many_trials_removed"
"67ca05b811f9ce2ffe685f2f",23,400,14,0,20,"blue",911,3075,"too_many_trials_removed"
"67ca05b811f9ce2ffe685f2f",24,500,17,0,20,"blue",910,3076,"too_many_trials_removed"
"67ca05b811f9ce2ffe685f2f",25,500,23,0,10,"blue",327,3077,"too_many_trials_removed"
"67ca05b811f9ce2ffe685f2f",26,400,27,0,2,"blue",1277,3078,"too_many_trials_removed"
"67ca05b811f9ce2ffe685f2f",27,600,14,0,20,"blue",894,3079,"too_many_trials_removed"
"67ca05b811f9ce2ffe685f2f",28,600,18,0,10,"blue",1044,3080,"too_many_trials_removed"
"67ca05b811f9ce2ffe685f2f",30,500,20,0,20,"blue",394,3082,"too_many_trials_removed"
"67ca05b811f9ce2ffe685f2f",31,500,15,0,20,"blue",860,3083,"too_many_trials_removed"
"67ca05b811f9ce2ffe685f2f",32,400,17,0,2,"blue",977,3084,"too_many_trials_removed"
"67ca05b811f9ce2ffe685f2f",33,600,24,0,10,"blue",443,3085,"too_many_trials_removed"
"67ca05b811f9ce2ffe685f2f",34,600,17,0,2,"blue",929,3086,"too_many_trials_removed"
"67ca05b811f9ce2ffe685f2f",36,400,15,0,10,"blue",811,3088,"too_many_trials_removed"
"67ca05b811f9ce2ffe685f2f",37,600,20,0,2,"blue",793,3089,"too_many_trials_removed"
"67ca05b811f9ce2ffe685f2f",39,600,15,0,20,"blue",910,3091,"too_many_trials_removed"
"67ca05b811f9ce2ffe685f2f",40,600,29,0,10,"blue",878,3092,"too_many_trials_removed"
"67ca05b811f9ce2ffe685f2f",41,600,21,0,2,"blue",861,3093,"too_many_trials_removed"
"67ca05b811f9ce2ffe685f2f",44,500,18,0,20,"blue",910,3096,"too_many_trials_removed"
"67ca05b811f9ce2ffe685f2f",46,600,20,0,20,"blue",1043,3098,"too_many_trials_removed"
"67ca05b811f9ce2ffe685f2f",47,400,23,0,2,"blue",894,3099,"too_many_trials_removed"
"67ca05b811f9ce2ffe685f2f",48,400,23,0,2,"blue",860,3100,"too_many_trials_removed"
"67ca05b811f9ce2ffe685f2f",49,600,21,0,10,"blue",810,3101,"too_many_trials_removed"
"67ca05b811f9ce2ffe685f2f",50,500,25,0,2,"blue",1043,3102,"too_many_trials_removed"
"67ca05b811f9ce2ffe685f2f",51,400,21,0,2,"blue",943,3103,"too_many_trials_removed"
"67ca05b811f9ce2ffe685f2f",54,500,21,0,20,"blue",926,3106,"too_many_trials_removed"
"67ca05b811f9ce2ffe685f2f",55,600,24,0,10,"blue",1042,3107,"too_many_trials_removed"
"67ca05b811f9ce2ffe685f2f",57,500,16,0,20,"blue",776,3109,"too_many_trials_removed"
"67ca05b811f9ce2ffe685f2f",58,600,15,0,2,"blue",778,3110,"too_many_trials_removed"
"67ca05b811f9ce2ffe685f2f",59,400,22,0,20,"blue",326,3111,"too_many_trials_removed"
"67ca05b811f9ce2ffe685f2f",65,600,14,0,10,"blue",861,3117,"too_many_trials_removed"
"67ca05b811f9ce2ffe685f2f",67,600,17,0,2,"blue",843,3119,"too_many_trials_removed"
"67ca05b811f9ce2ffe685f2f",68,600,16,0,10,"blue",877,3120,"too_many_trials_removed"
"67ca05b811f9ce2ffe685f2f",70,500,15,0,2,"red",894,3122,"too_many_trials_removed"
"67ca05b811f9ce2ffe685f2f",71,400,19,0,10,"red",926,3123,"too_many_trials_removed"
"67ca05b811f9ce2ffe685f2f",72,400,14,0,10,"red",1311,3124,"too_many_trials_removed"
"67ca05b811f9ce2ffe685f2f",73,500,25,0,20,"red",993,3125,"too_many_trials_removed"
"67ca05b811f9ce2ffe685f2f",74,500,22,0,10,"red",793,3126,"too_many_trials_removed"
"67ca05b811f9ce2ffe685f2f",75,400,18,0,2,"red",810,3127,"too_many_trials_removed"
"67ca05b811f9ce2ffe685f2f",77,400,21,0,20,"red",776,3129,"too_many_trials_removed"
"67ca05b811f9ce2ffe685f2f",79,500,23,0,10,"red",743,3131,"too_many_trials_removed"
"67ca05b811f9ce2ffe685f2f",81,600,20,0,20,"red",310,3133,"too_many_trials_removed"
"67ca05b811f9ce2ffe685f2f",82,600,26,0,2,"red",776,3134,"too_many_trials_removed"
"67ca05b811f9ce2ffe685f2f",83,400,14,0,2,"red",794,3135,"too_many_trials_removed"
"67ca05b811f9ce2ffe685f2f",85,600,29,0,2,"red",859,3137,"too_many_trials_removed"
"67ca05b811f9ce2ffe685f2f",87,600,28,0,2,"red",811,3139,"too_many_trials_removed"
"67ca05b811f9ce2ffe685f2f",89,600,21,0,2,"red",777,3141,"too_many_trials_removed"
"67ca05b811f9ce2ffe685f2f",90,500,29,0,20,"red",810,3142,"too_many_trials_removed"
"67ca05b811f9ce2ffe685f2f",91,600,28,0,10,"red",843,3143,"too_many_trials_removed"
"67ca05b811f9ce2ffe685f2f",95,600,23,0,2,"red",810,3147,"too_many_trials_removed"
"67ca05b811f9ce2ffe685f2f",97,600,26,0,10,"red",828,3149,"too_many_trials_removed"
"67ca05b811f9ce2ffe685f2f",99,600,20,0,2,"red",742,3151,"too_many_trials_removed"
"67ca05b811f9ce2ffe685f2f",100,600,18,0,10,"red",812,3152,"too_many_trials_removed"
"67ca05b811f9ce2ffe685f2f",101,500,25,0,10,"red",776,3153,"too_many_trials_removed"
"67ca05b811f9ce2ffe685f2f",102,400,28,0,20,"red",759,3154,"too_many_trials_removed"
"67ca05b811f9ce2ffe685f2f",103,500,22,0,20,"red",743,3155,"too_many_trials_removed"
"67ca05b811f9ce2ffe685f2f",105,400,14,0,20,"red",728,3157,"too_many_trials_removed"
"67ca05b811f9ce2ffe685f2f",106,400,21,0,2,"red",710,3158,"too_many_trials_removed"
"67ca05b811f9ce2ffe685f2f",108,400,17,0,2,"red",744,3160,"too_many_trials_removed"
"67ca05b811f9ce2ffe685f2f",109,400,24,0,20,"red",726,3161,"too_many_trials_removed"
"67ca05b811f9ce2ffe685f2f",110,500,25,0,2,"red",1460,3162,"too_many_trials_removed"
"67ca05b811f9ce2ffe685f2f",112,400,29,0,2,"red",777,3164,"too_many_trials_removed"
"67ca05b811f9ce2ffe685f2f",113,500,18,0,10,"red",860,3165,"too_many_trials_removed"
"67ca05b811f9ce2ffe685f2f",115,600,21,0,10,"red",875,3167,"too_many_trials_removed"
"67ca05b811f9ce2ffe685f2f",116,600,16,0,20,"red",1045,3168,"too_many_trials_removed"
