"participant_id","trial","fixationTime","meanVal","indexSelected","array_length","color","rt","row_id","stage"
"676f37ed7c44110e5278cc97",51,600,25,24,2,"red",6157,31,"rt_bounds"
"676f37ed7c44110e5278cc97",56,600,26,18,10,"red",5178,36,"rt_bounds"
"676f37ed7c44110e5278cc97",93,500,32,36,20,"blue",8508,73,"rt_bounds"
"672adb2909ca72744f212a7d",92,600,23,27,10,"red",6318,168,"rt_bounds"
"672adb2909ca72744f212a7d",111,600,20,12,20,"red",6750,187,"rt_bounds"
"672adb2909ca72744f212a7d",92,600,23,27,10,"red",6318,264,"rt_bounds"
"672adb2909ca72744f212a7d",111,600,20,12,20,"red",6750,283,"rt_bounds"
"662c299e6db88649ff13ccae",23,600,32,31,2,"red",5246,291,"rt_bounds"
"662c299e6db88649ff13ccae",24,600,18,21,2,"red",6415,292,"rt_bounds"
"662c299e6db88649ff13ccae",36,400,26,27,20,"red",7535,304,"rt_bounds"
"662c299e6db88649ff13ccae",42,600,20,15,20,"red",10896,310,"rt_bounds"
"662c299e6db88649ff13ccae",44,600,20,16,10,"red",9827,312,"rt_bounds"
"662c299e6db88649ff13ccae",48,600,15,17,20,"red",5924,316,"rt_bounds"
"662c299e6db88649ff13ccae",49,600,28,31,2,"red",6339,317,"rt_bounds"
"662c299e6db88649ff13ccae",51,600,22,25,20,"red",10829,319,"rt_bounds"
"662c299e6db88649ff13ccae",52,600,36,43,10,"red",5806,320,"rt_bounds"
"662c299e6db88649ff13ccae",53,600,31,35,20,"red",5654,321,"rt_bounds"
"662c299e6db88649ff13ccae",58,600,34,34,10,"red",8850,326,"rt_bounds"
"662c299e6db88649ff13ccae",60,500,32,39,2,"red",6107,328,"rt_bounds"
"662c299e6db88649ff13ccae",61,500,26,23,2,"red",7239,329,"rt_bounds"
"662c299e6db88649ff13ccae",63,600,25,29,2,"red",5102,331,"rt_bounds"
"662c299e6db88649ff13ccae",69,400,14,15,20,"blue",10083,337,"rt_bounds"
"662c299e6db88649ff13ccae",71,600,29,30,10,"blue",7532,339,"rt_bounds"
"662c299e6db88649ff13ccae",74,500,22,23,20,"blue",5199,342,"rt_bounds"
"662c299e6db88649ff13ccae",78,400,24,26,10,"blue",5978,346,"rt_bounds"
"662c299e6db88649ff13ccae",79,600,30,12,2,"blue",11917,347,"rt_bounds"
"662c299e6db88649ff13ccae",80,600,27,20,20,"blue",5582,348,"rt_bounds"
"662c299e6db88649ff13ccae",82,500,28,25,20,"blue",6803,350,"rt_bounds"
"662c299e6db88649ff13ccae",83,600,20,26,10,"blue",5795,351,"rt_bounds"
"662c299e6db88649ff13ccae",87,400,28,21,10,"blue",11247,355,"rt_bounds"
"662c299e6db88649ff13ccae",88,600,14,8,20,"blue",5105,356,"rt_bounds"
"662c299e6db88649ff13ccae",89,500,34,28,20,"blue",6877,357,"rt_bounds"
"662c299e6db88649ff13ccae",90,400,28,19,10,"blue",6389,358,"rt_bounds"
"662c299e6db88649ff13ccae",96,600,30,20,2,"blue",7003,364,"rt_bounds"
"662c299e6db88649ff13ccae",98,600,36,33,10,"blue",7087,366,"rt_bounds"
"662c299e6db88649ff13ccae",102,500,23,14,10,"blue",11907,370,"rt_bounds"
"662c299e6db88649ff13ccae",107,400,27,32,10,"blue",7321,375,"rt_bounds"
"662c299e6db88649ff13ccae",115,600,17,19,20,"blue",5195,383,"rt_bounds"
"670feba2e636f738625aa72d",22,600,34,33,20,"red",6720,386,"rt_bounds"
"670feba2e636f738625aa72d",23,500,34,34,20,"red",8783,387,"rt_bounds"
"670feba2e636f738625aa72d",49,400,31,22,10,"red",8728,413,"rt_bounds"
"670feba2e636f738625aa72d",64,600,22,12,2,"red",8701,428,"rt_bounds"
"670feba2e636f738625aa72d",71,400,25,28,2,"blue",6135,435,"rt_bounds"
"670feba2e636f738625aa72d",94,600,15,9,2,"blue",5849,458,"rt_bounds"
"670feba2e636f738625aa72d",96,600,27,28,2,"blue",7544,460,"rt_bounds"
"670feba2e636f738625aa72d",98,600,21,18,10,"blue",5157,462,"rt_bounds"
"670feba2e636f738625aa72d",104,600,31,34,10,"blue",6343,468,"rt_bounds"
"67ef0ffd5065856baab09f1a",44,500,26,32,2,"blue",9496,504,"rt_bounds"
"67ef0ffd5065856baab09f1a",46,600,24,22,20,"blue",8365,506,"rt_bounds"
"67ef0ffd5065856baab09f1a",50,400,22,29,10,"blue",13597,510,"rt_bounds"
"67ef0ffd5065856baab09f1a",59,400,34,0,2,"blue",17451,519,"rt_bounds"
"67ef0ffd5065856baab09f1a",77,400,35,44,20,"red",6378,537,"rt_bounds"
"67ef0ffd5065856baab09f1a",82,500,36,38,10,"red",5564,542,"rt_bounds"
"67ef0ffd5065856baab09f1a",86,600,14,25,10,"red",7404,546,"rt_bounds"
"67ef0ffd5065856baab09f1a",87,400,18,32,10,"red",5417,547,"rt_bounds"
"67ef0ffd5065856baab09f1a",89,600,36,42,20,"red",5279,549,"rt_bounds"
"67ef0ffd5065856baab09f1a",94,600,17,20,2,"red",5707,554,"rt_bounds"
"67ef0ffd5065856baab09f1a",102,500,31,28,2,"red",11977,562,"rt_bounds"
"5d743ec4869c8f0019b35907",23,600,35,19,20,"red",6277,579,"rt_bounds"
"5d743ec4869c8f0019b35907",25,500,20,20,2,"red",5263,581,"rt_bounds"
"5d743ec4869c8f0019b35907",34,600,21,19,2,"red",6123,590,"rt_bounds"
"5d743ec4869c8f0019b35907",38,500,16,20,20,"red",5761,594,"rt_bounds"
"5d743ec4869c8f0019b35907",39,400,24,25,2,"red",6532,595,"rt_bounds"
"5d743ec4869c8f0019b35907",40,400,25,23,2,"red",7003,596,"rt_bounds"
"5d743ec4869c8f0019b35907",42,400,31,29,20,"red",5964,598,"rt_bounds"
"5d743ec4869c8f0019b35907",43,500,25,22,2,"red",6054,599,"rt_bounds"
"5d743ec4869c8f0019b35907",44,600,20,18,2,"red",5289,600,"rt_bounds"
"5d743ec4869c8f0019b35907",45,400,15,18,10,"red",5105,601,"rt_bounds"
"5d743ec4869c8f0019b35907",48,600,33,33,10,"red",6898,604,"rt_bounds"
"5d743ec4869c8f0019b35907",83,400,16,18,2,"blue",5237,639,"rt_bounds"
"5d743ec4869c8f0019b35907",85,500,17,21,20,"blue",6505,641,"rt_bounds"
"5d743ec4869c8f0019b35907",109,500,20,20,10,"blue",5085,665,"rt_bounds"
"5d743ec4869c8f0019b35907",23,600,35,19,20,"red",6277,675,"rt_bounds"
"5d743ec4869c8f0019b35907",25,500,20,20,2,"red",5263,677,"rt_bounds"
"5d743ec4869c8f0019b35907",34,600,21,19,2,"red",6123,686,"rt_bounds"
"5d743ec4869c8f0019b35907",38,500,16,20,20,"red",5761,690,"rt_bounds"
"5d743ec4869c8f0019b35907",39,400,24,25,2,"red",6532,691,"rt_bounds"
"5d743ec4869c8f0019b35907",40,400,25,23,2,"red",7003,692,"rt_bounds"
"5d743ec4869c8f0019b35907",42,400,31,29,20,"red",5964,694,"rt_bounds"
"5d743ec4869c8f0019b35907",43,500,25,22,2,"red",6054,695,"rt_bounds"
"5d743ec4869c8f0019b35907",44,600,20,18,2,"red",5289,696,"rt_bounds"
"5d743ec4869c8f0019b35907",45,400,15,18,10,"red",5105,697,"rt_bounds"
"5d743ec4869c8f0019b35907",48,600,33,33,10,"red",6898,700,"rt_bounds"
"5d743ec4869c8f0019b35907",83,400,16,18,2,"blue",5237,735,"rt_bounds"
"5d743ec4869c8f0019b35907",85,500,17,21,20,"blue",6505,737,"rt_bounds"
"5d743ec4869c8f0019b35907",109,500,20,20,10,"blue",5085,761,"rt_bounds"
"67df971ade30d8628a50216a",34,500,35,22,2,"blue",14623,782,"rt_bounds"
"67df971ade30d8628a50216a",58,600,28,28,20,"blue",7059,806,"rt_bounds"
"67df971ade30d8628a50216a",61,500,34,16,2,"blue",7247,809,"rt_bounds"
"67df971ade30d8628a50216a",64,600,31,22,20,"blue",7558,812,"rt_bounds"
"67df971ade30d8628a50216a",65,500,30,24,2,"blue",9941,813,"rt_bounds"
"67df971ade30d8628a50216a",73,600,34,38,10,"red",6286,821,"rt_bounds"
"67df971ade30d8628a50216a",91,400,21,17,20,"red",53150,839,"rt_bounds"
"67df971ade30d8628a50216a",95,500,31,24,20,"red",7250,843,"rt_bounds"
"67df971ade30d8628a50216a",102,500,20,18,20,"red",5180,850,"rt_bounds"
"67df971ade30d8628a50216a",103,600,21,16,20,"red",5057,851,"rt_bounds"
"67df971ade30d8628a50216a",104,400,25,15,2,"red",89626,852,"rt_bounds"
"62c5cdfe50000fce3e390be0",23,500,17,24,10,"blue",5655,1155,"rt_bounds"
"62c5cdfe50000fce3e390be0",66,500,33,37,10,"blue",6590,1198,"rt_bounds"
"627e807715abf2361938fd68",109,500,33,20,20,"blue",5435,1337,"rt_bounds"
"66ce5adac1cd4b6037be4a63",21,500,26,38,2,"blue",9101,1537,"rt_bounds"
"66ce5adac1cd4b6037be4a63",22,600,17,7,10,"blue",5104,1538,"rt_bounds"
"66ce5adac1cd4b6037be4a63",23,600,28,36,2,"blue",5539,1539,"rt_bounds"
"66ce5adac1cd4b6037be4a63",24,600,30,17,20,"blue",5415,1540,"rt_bounds"
"66ce5adac1cd4b6037be4a63",25,500,27,21,2,"blue",7335,1541,"rt_bounds"
"66ce5adac1cd4b6037be4a63",26,400,20,35,10,"blue",8745,1542,"rt_bounds"
"66ce5adac1cd4b6037be4a63",27,500,23,33,10,"blue",5220,1543,"rt_bounds"
"66ce5adac1cd4b6037be4a63",28,400,26,40,20,"blue",5749,1544,"rt_bounds"
"66ce5adac1cd4b6037be4a63",29,600,35,41,20,"blue",8202,1545,"rt_bounds"
"66ce5adac1cd4b6037be4a63",32,500,31,33,20,"blue",5461,1548,"rt_bounds"
"66ce5adac1cd4b6037be4a63",34,500,33,14,20,"blue",5116,1550,"rt_bounds"
"66ce5adac1cd4b6037be4a63",37,600,15,16,10,"blue",5802,1553,"rt_bounds"
"66ce5adac1cd4b6037be4a63",38,500,26,16,20,"blue",5420,1554,"rt_bounds"
"66ce5adac1cd4b6037be4a63",39,500,16,10,2,"blue",6173,1555,"rt_bounds"
"66ce5adac1cd4b6037be4a63",41,400,24,31,20,"blue",5056,1557,"rt_bounds"
"66ce5adac1cd4b6037be4a63",46,400,24,14,2,"blue",9578,1562,"rt_bounds"
"66ce5adac1cd4b6037be4a63",47,600,28,26,10,"blue",8357,1563,"rt_bounds"
"66ce5adac1cd4b6037be4a63",48,400,35,34,10,"blue",7577,1564,"rt_bounds"
"66ce5adac1cd4b6037be4a63",49,600,24,36,2,"blue",6751,1565,"rt_bounds"
"66ce5adac1cd4b6037be4a63",50,500,28,21,10,"blue",7222,1566,"rt_bounds"
"66ce5adac1cd4b6037be4a63",51,500,19,17,2,"blue",7850,1567,"rt_bounds"
"66ce5adac1cd4b6037be4a63",53,500,34,38,2,"blue",5635,1569,"rt_bounds"
"66ce5adac1cd4b6037be4a63",54,600,24,39,20,"blue",5995,1570,"rt_bounds"
"66ce5adac1cd4b6037be4a63",55,600,25,16,2,"blue",8715,1571,"rt_bounds"
"66ce5adac1cd4b6037be4a63",59,500,29,19,10,"blue",5312,1575,"rt_bounds"
"66ce5adac1cd4b6037be4a63",61,400,32,41,2,"blue",8716,1577,"rt_bounds"
"66ce5adac1cd4b6037be4a63",62,600,35,41,2,"blue",6751,1578,"rt_bounds"
"66ce5adac1cd4b6037be4a63",63,500,19,17,20,"blue",6366,1579,"rt_bounds"
"66ce5adac1cd4b6037be4a63",64,400,20,16,20,"blue",10259,1580,"rt_bounds"
"66ce5adac1cd4b6037be4a63",65,400,15,31,2,"blue",5359,1581,"rt_bounds"
"66ce5adac1cd4b6037be4a63",66,600,18,17,10,"blue",6932,1582,"rt_bounds"
"66ce5adac1cd4b6037be4a63",67,600,36,39,2,"blue",5424,1583,"rt_bounds"
"66ce5adac1cd4b6037be4a63",68,500,16,11,10,"blue",8327,1584,"rt_bounds"
"66ce5adac1cd4b6037be4a63",69,400,18,9,20,"red",8479,1585,"rt_bounds"
"66ce5adac1cd4b6037be4a63",70,400,30,13,10,"red",5059,1586,"rt_bounds"
"66ce5adac1cd4b6037be4a63",72,400,28,32,10,"red",8092,1588,"rt_bounds"
"66ce5adac1cd4b6037be4a63",77,600,19,8,20,"red",7784,1593,"rt_bounds"
"66ce5adac1cd4b6037be4a63",78,600,15,11,20,"red",8235,1594,"rt_bounds"
"66ce5adac1cd4b6037be4a63",81,500,18,14,2,"red",5747,1597,"rt_bounds"
"66ce5adac1cd4b6037be4a63",82,500,15,8,2,"red",5166,1598,"rt_bounds"
"66ce5adac1cd4b6037be4a63",83,400,33,21,10,"red",7977,1599,"rt_bounds"
"66ce5adac1cd4b6037be4a63",84,500,15,10,10,"red",6141,1600,"rt_bounds"
"66ce5adac1cd4b6037be4a63",88,400,36,33,20,"red",5076,1604,"rt_bounds"
"66ce5adac1cd4b6037be4a63",94,500,17,21,10,"red",5944,1610,"rt_bounds"
"66ce5adac1cd4b6037be4a63",97,400,33,34,20,"red",5195,1613,"rt_bounds"
"66ce5adac1cd4b6037be4a63",98,600,34,37,2,"red",6582,1614,"rt_bounds"
"66ce5adac1cd4b6037be4a63",99,500,26,32,20,"red",6056,1615,"rt_bounds"
"66ce5adac1cd4b6037be4a63",100,500,21,31,2,"red",8275,1616,"rt_bounds"
"66ce5adac1cd4b6037be4a63",101,400,16,10,20,"red",9037,1617,"rt_bounds"
"66ce5adac1cd4b6037be4a63",102,500,33,23,2,"red",7926,1618,"rt_bounds"
"66ce5adac1cd4b6037be4a63",103,400,14,30,10,"red",9573,1619,"rt_bounds"
"66ce5adac1cd4b6037be4a63",104,600,29,37,2,"red",9641,1620,"rt_bounds"
"66ce5adac1cd4b6037be4a63",105,400,31,37,2,"red",6125,1621,"rt_bounds"
"66ce5adac1cd4b6037be4a63",107,400,19,20,10,"red",8318,1623,"rt_bounds"
"66ce5adac1cd4b6037be4a63",108,400,25,19,20,"red",5500,1624,"rt_bounds"
"66ce5adac1cd4b6037be4a63",111,600,17,8,2,"red",6033,1627,"rt_bounds"
"60a1e1f4a3707c983a98f185",99,500,27,26,10,"blue",5255,1711,"rt_bounds"
"668c0bc95fadbd0e93071351",21,400,14,4,2,"blue",10232,1729,"rt_bounds"
"668c0bc95fadbd0e93071351",22,400,34,18,2,"blue",8400,1730,"rt_bounds"
"668c0bc95fadbd0e93071351",24,600,32,26,20,"blue",5356,1732,"rt_bounds"
"668c0bc95fadbd0e93071351",27,400,34,4,2,"blue",14157,1735,"rt_bounds"
"668c0bc95fadbd0e93071351",28,600,17,9,2,"blue",31051,1736,"rt_bounds"
"668c0bc95fadbd0e93071351",29,500,21,23,10,"blue",9735,1737,"rt_bounds"
"668c0bc95fadbd0e93071351",30,400,23,16,2,"blue",6060,1738,"rt_bounds"
"668c0bc95fadbd0e93071351",31,400,31,20,2,"blue",7196,1739,"rt_bounds"
"668c0bc95fadbd0e93071351",32,600,35,25,20,"blue",5900,1740,"rt_bounds"
"668c0bc95fadbd0e93071351",34,600,21,21,10,"blue",18134,1742,"rt_bounds"
"668c0bc95fadbd0e93071351",35,400,18,18,10,"blue",5398,1743,"rt_bounds"
"668c0bc95fadbd0e93071351",37,400,22,12,2,"blue",5846,1745,"rt_bounds"
"668c0bc95fadbd0e93071351",38,600,31,22,10,"blue",7867,1746,"rt_bounds"
"668c0bc95fadbd0e93071351",39,600,32,26,20,"blue",9641,1747,"rt_bounds"
"668c0bc95fadbd0e93071351",40,500,31,23,10,"blue",23518,1748,"rt_bounds"
"668c0bc95fadbd0e93071351",41,500,30,23,10,"blue",12354,1749,"rt_bounds"
"668c0bc95fadbd0e93071351",42,500,29,22,2,"blue",9371,1750,"rt_bounds"
"668c0bc95fadbd0e93071351",43,400,35,26,2,"blue",7548,1751,"rt_bounds"
"668c0bc95fadbd0e93071351",45,500,22,14,20,"blue",5429,1753,"rt_bounds"
"668c0bc95fadbd0e93071351",46,600,19,19,10,"blue",7863,1754,"rt_bounds"
"668c0bc95fadbd0e93071351",47,500,30,22,20,"blue",5486,1755,"rt_bounds"
"668c0bc95fadbd0e93071351",48,500,26,15,20,"blue",12367,1756,"rt_bounds"
"668c0bc95fadbd0e93071351",49,600,35,25,10,"blue",13390,1757,"rt_bounds"
"668c0bc95fadbd0e93071351",50,500,18,18,2,"blue",9661,1758,"rt_bounds"
"668c0bc95fadbd0e93071351",51,500,15,12,20,"blue",10817,1759,"rt_bounds"
"668c0bc95fadbd0e93071351",52,400,14,7,20,"blue",5655,1760,"rt_bounds"
"668c0bc95fadbd0e93071351",54,500,28,21,20,"blue",6631,1762,"rt_bounds"
"668c0bc95fadbd0e93071351",55,600,31,13,10,"blue",16300,1763,"rt_bounds"
"668c0bc95fadbd0e93071351",56,600,14,14,10,"blue",12871,1764,"rt_bounds"
"668c0bc95fadbd0e93071351",57,500,25,14,10,"blue",21845,1765,"rt_bounds"
"668c0bc95fadbd0e93071351",58,500,22,16,20,"blue",9497,1766,"rt_bounds"
"668c0bc95fadbd0e93071351",59,500,33,25,2,"blue",5782,1767,"rt_bounds"
"668c0bc95fadbd0e93071351",60,400,25,24,20,"blue",12144,1768,"rt_bounds"
"668c0bc95fadbd0e93071351",61,400,16,16,2,"blue",10362,1769,"rt_bounds"
"668c0bc95fadbd0e93071351",62,500,18,17,10,"blue",7577,1770,"rt_bounds"
"668c0bc95fadbd0e93071351",63,600,18,14,10,"blue",6145,1771,"rt_bounds"
"668c0bc95fadbd0e93071351",64,500,26,18,2,"blue",8660,1772,"rt_bounds"
"668c0bc95fadbd0e93071351",66,500,18,11,10,"blue",10213,1774,"rt_bounds"
"668c0bc95fadbd0e93071351",67,600,26,16,20,"blue",11426,1775,"rt_bounds"
"668c0bc95fadbd0e93071351",68,400,25,14,2,"blue",6881,1776,"rt_bounds"
"668c0bc95fadbd0e93071351",69,600,18,7,20,"red",11114,1777,"rt_bounds"
"668c0bc95fadbd0e93071351",70,400,22,12,2,"red",6407,1778,"rt_bounds"
"668c0bc95fadbd0e93071351",75,500,34,27,2,"red",5020,1783,"rt_bounds"
"668c0bc95fadbd0e93071351",77,600,26,13,2,"red",5408,1785,"rt_bounds"
"668c0bc95fadbd0e93071351",78,500,19,8,20,"red",5286,1786,"rt_bounds"
"668c0bc95fadbd0e93071351",79,400,32,15,20,"red",7155,1787,"rt_bounds"
"668c0bc95fadbd0e93071351",80,400,31,16,10,"red",27625,1788,"rt_bounds"
"668c0bc95fadbd0e93071351",81,500,23,11,10,"red",8259,1789,"rt_bounds"
"668c0bc95fadbd0e93071351",83,600,33,16,10,"red",5539,1791,"rt_bounds"
"668c0bc95fadbd0e93071351",84,600,19,12,2,"red",9131,1792,"rt_bounds"
"668c0bc95fadbd0e93071351",87,600,35,19,20,"red",7226,1795,"rt_bounds"
"668c0bc95fadbd0e93071351",89,500,16,5,10,"red",10760,1797,"rt_bounds"
"668c0bc95fadbd0e93071351",91,400,14,6,10,"red",7436,1799,"rt_bounds"
"668c0bc95fadbd0e93071351",92,600,29,10,20,"red",6500,1800,"rt_bounds"
"668c0bc95fadbd0e93071351",93,500,21,12,10,"red",6780,1801,"rt_bounds"
"668c0bc95fadbd0e93071351",95,600,18,15,10,"red",7325,1803,"rt_bounds"
"668c0bc95fadbd0e93071351",96,600,24,12,10,"red",7927,1804,"rt_bounds"
"668c0bc95fadbd0e93071351",97,400,29,22,2,"red",9356,1805,"rt_bounds"
"668c0bc95fadbd0e93071351",98,400,22,10,20,"red",6227,1806,"rt_bounds"
"668c0bc95fadbd0e93071351",99,500,20,15,20,"red",13256,1807,"rt_bounds"
"668c0bc95fadbd0e93071351",100,400,23,16,10,"red",17312,1808,"rt_bounds"
"668c0bc95fadbd0e93071351",101,600,29,21,10,"red",9264,1809,"rt_bounds"
"668c0bc95fadbd0e93071351",102,500,29,15,20,"red",12566,1810,"rt_bounds"
"668c0bc95fadbd0e93071351",105,400,20,14,20,"red",49603,1813,"rt_bounds"
"668c0bc95fadbd0e93071351",106,600,15,12,20,"red",5509,1814,"rt_bounds"
"668c0bc95fadbd0e93071351",107,400,20,10,20,"red",14659,1815,"rt_bounds"
"668c0bc95fadbd0e93071351",109,500,20,5,2,"red",9992,1817,"rt_bounds"
"668c0bc95fadbd0e93071351",116,600,34,27,10,"red",6021,1824,"rt_bounds"
"66c759ddaa2a477714a13d63",41,500,23,13,2,"red",5423,1845,"rt_bounds"
"67f0470dc52f142ca66823c8",24,500,26,15,20,"blue",12136,1924,"rt_bounds"
"67f0470dc52f142ca66823c8",26,400,21,12,20,"blue",5535,1926,"rt_bounds"
"67f0470dc52f142ca66823c8",28,400,23,15,2,"blue",5643,1928,"rt_bounds"
"67f0470dc52f142ca66823c8",29,400,33,26,20,"blue",5510,1929,"rt_bounds"
"67f0470dc52f142ca66823c8",30,400,33,22,2,"blue",8586,1930,"rt_bounds"
"67f0470dc52f142ca66823c8",31,400,15,11,20,"blue",35784,1931,"rt_bounds"
"67f0470dc52f142ca66823c8",32,600,18,13,2,"blue",6138,1932,"rt_bounds"
"67f0470dc52f142ca66823c8",36,400,22,18,20,"blue",10250,1936,"rt_bounds"
"67f0470dc52f142ca66823c8",37,500,29,24,10,"blue",5235,1937,"rt_bounds"
"67f0470dc52f142ca66823c8",38,400,28,18,2,"blue",23116,1938,"rt_bounds"
"67f0470dc52f142ca66823c8",44,500,23,18,2,"blue",13111,1944,"rt_bounds"
"67f0470dc52f142ca66823c8",46,400,33,15,2,"blue",5142,1946,"rt_bounds"
"67f0470dc52f142ca66823c8",47,400,21,23,10,"blue",7226,1947,"rt_bounds"
"67f0470dc52f142ca66823c8",48,500,15,12,10,"blue",7235,1948,"rt_bounds"
"67f0470dc52f142ca66823c8",50,600,28,20,20,"blue",7229,1950,"rt_bounds"
"67f0470dc52f142ca66823c8",51,400,31,18,10,"blue",13024,1951,"rt_bounds"
"67f0470dc52f142ca66823c8",53,500,29,20,10,"blue",7097,1953,"rt_bounds"
"67f0470dc52f142ca66823c8",54,600,34,22,2,"blue",7439,1954,"rt_bounds"
"67f0470dc52f142ca66823c8",55,600,32,24,20,"blue",8902,1955,"rt_bounds"
"67f0470dc52f142ca66823c8",56,500,20,14,2,"blue",9645,1956,"rt_bounds"
"67f0470dc52f142ca66823c8",57,400,35,28,10,"blue",5090,1957,"rt_bounds"
"67f0470dc52f142ca66823c8",62,500,23,23,10,"blue",5150,1962,"rt_bounds"
"67f0470dc52f142ca66823c8",64,500,20,24,10,"blue",7916,1964,"rt_bounds"
"67f0470dc52f142ca66823c8",65,600,24,17,10,"blue",11618,1965,"rt_bounds"
"67f0470dc52f142ca66823c8",69,600,21,9,2,"red",7045,1969,"rt_bounds"
"67f0470dc52f142ca66823c8",73,400,36,13,2,"red",9654,1973,"rt_bounds"
"67f0470dc52f142ca66823c8",75,500,36,17,20,"red",9924,1975,"rt_bounds"
"67f0470dc52f142ca66823c8",76,500,29,24,10,"red",16425,1976,"rt_bounds"
"67f0470dc52f142ca66823c8",77,600,14,17,20,"red",28373,1977,"rt_bounds"
"67f0470dc52f142ca66823c8",78,400,28,13,20,"red",6214,1978,"rt_bounds"
"67f0470dc52f142ca66823c8",82,500,29,19,10,"red",7000,1982,"rt_bounds"
"67f0470dc52f142ca66823c8",89,600,35,25,20,"red",6766,1989,"rt_bounds"
"67f0470dc52f142ca66823c8",90,600,31,18,2,"red",9632,1990,"rt_bounds"
"67f0470dc52f142ca66823c8",93,500,34,30,20,"red",6360,1993,"rt_bounds"
"67f0470dc52f142ca66823c8",95,500,22,21,20,"red",7802,1995,"rt_bounds"
"67f0470dc52f142ca66823c8",96,600,30,16,2,"red",5342,1996,"rt_bounds"
"67f0470dc52f142ca66823c8",98,400,29,21,20,"red",8050,1998,"rt_bounds"
"67f0470dc52f142ca66823c8",99,600,26,17,10,"red",5249,1999,"rt_bounds"
"67f0470dc52f142ca66823c8",105,500,14,17,2,"red",5140,2005,"rt_bounds"
"67f0470dc52f142ca66823c8",107,500,24,13,20,"red",5297,2007,"rt_bounds"
"67f0470dc52f142ca66823c8",111,600,24,13,20,"red",7957,2011,"rt_bounds"
"67f0470dc52f142ca66823c8",112,600,35,14,2,"red",8292,2012,"rt_bounds"
"67f0470dc52f142ca66823c8",114,400,18,19,10,"red",6383,2014,"rt_bounds"
"62fbeca46caf4abaaf74b5f1",41,600,36,30,2,"blue",5666,2133,"rt_bounds"
"62fbeca46caf4abaaf74b5f1",57,400,31,23,10,"blue",5685,2149,"rt_bounds"
"62fbeca46caf4abaaf74b5f1",100,400,25,23,2,"red",8648,2192,"rt_bounds"
"60fe21d7301f49dfc4aa5f3a",112,400,29,12,20,"red",9181,2300,"rt_bounds"
"60087afa0a5c054c002eaf0e",94,500,26,36,20,"red",109025,2378,"rt_bounds"
"67d0a57b0a4981c5e65c3bcc",53,600,34,22,2,"blue",5010,2913,"rt_bounds"
"67d0a57b0a4981c5e65c3bcc",54,600,21,25,10,"blue",5143,2914,"rt_bounds"
"67d0a57b0a4981c5e65c3bcc",60,400,36,17,10,"blue",14958,2920,"rt_bounds"
"67d0a57b0a4981c5e65c3bcc",68,600,34,24,10,"blue",5411,2928,"rt_bounds"
"67d0a57b0a4981c5e65c3bcc",92,400,32,24,10,"red",6179,2952,"rt_bounds"
"67d0a57b0a4981c5e65c3bcc",102,500,30,22,2,"red",7960,2962,"rt_bounds"
"6625c9127eee9a3639d7e1af",31,600,15,15,20,"red",5477,2987,"rt_bounds"
"6625c9127eee9a3639d7e1af",43,600,32,22,20,"red",5261,2999,"rt_bounds"
"6625c9127eee9a3639d7e1af",45,400,25,21,20,"red",5130,3001,"rt_bounds"
"6625c9127eee9a3639d7e1af",98,600,32,25,10,"blue",8762,3054,"rt_bounds"
"6625c9127eee9a3639d7e1af",31,600,15,15,20,"red",5477,3083,"rt_bounds"
"6625c9127eee9a3639d7e1af",43,600,32,22,20,"red",5261,3095,"rt_bounds"
"6625c9127eee9a3639d7e1af",45,400,25,21,20,"red",5130,3097,"rt_bounds"
"6625c9127eee9a3639d7e1af",98,600,32,25,10,"blue",8762,3150,"rt_bounds"
"66491e9882aaa64c5d0911d5",25,600,21,16,10,"red",7114,3173,"rt_bounds"
"66491e9882aaa64c5d0911d5",39,500,34,37,2,"red",5337,3187,"rt_bounds"
"66491e9882aaa64c5d0911d5",44,600,28,20,10,"red",8160,3192,"rt_bounds"
"66491e9882aaa64c5d0911d5",45,400,32,23,2,"red",6528,3193,"rt_bounds"
"66491e9882aaa64c5d0911d5",49,600,15,22,2,"red",5735,3197,"rt_bounds"
"66491e9882aaa64c5d0911d5",61,400,29,26,2,"red",5886,3209,"rt_bounds"
"66491e9882aaa64c5d0911d5",71,400,19,19,2,"blue",7018,3219,"rt_bounds"
"66491e9882aaa64c5d0911d5",73,500,36,23,10,"blue",10199,3221,"rt_bounds"
"66491e9882aaa64c5d0911d5",80,400,32,37,2,"blue",5916,3228,"rt_bounds"
"66491e9882aaa64c5d0911d5",81,600,22,24,2,"blue",7439,3229,"rt_bounds"
"66491e9882aaa64c5d0911d5",85,400,32,32,2,"blue",10798,3233,"rt_bounds"
"66491e9882aaa64c5d0911d5",87,500,18,25,20,"blue",8629,3235,"rt_bounds"
"66491e9882aaa64c5d0911d5",88,400,23,24,2,"blue",7254,3236,"rt_bounds"
"67d36708a7ca7a13dbc0bce1",21,600,19,27,20,"red",5279,3265,"rt_bounds"
"67d36708a7ca7a13dbc0bce1",25,400,23,20,10,"red",6713,3269,"rt_bounds"
"67d36708a7ca7a13dbc0bce1",26,500,24,28,20,"red",5178,3270,"rt_bounds"
"67d36708a7ca7a13dbc0bce1",27,500,35,30,2,"red",8211,3271,"rt_bounds"
"67d36708a7ca7a13dbc0bce1",28,400,28,28,10,"red",10433,3272,"rt_bounds"
"67d36708a7ca7a13dbc0bce1",29,600,24,29,2,"red",15815,3273,"rt_bounds"
"67d36708a7ca7a13dbc0bce1",30,400,30,28,2,"red",9926,3274,"rt_bounds"
"67d36708a7ca7a13dbc0bce1",31,600,35,40,20,"red",6013,3275,"rt_bounds"
"67d36708a7ca7a13dbc0bce1",32,400,30,38,10,"red",7496,3276,"rt_bounds"
"67d36708a7ca7a13dbc0bce1",35,400,24,28,20,"red",6257,3279,"rt_bounds"
"67d36708a7ca7a13dbc0bce1",37,500,22,31,20,"red",7787,3281,"rt_bounds"
"67d36708a7ca7a13dbc0bce1",38,500,18,31,2,"red",10064,3282,"rt_bounds"
"67d36708a7ca7a13dbc0bce1",39,500,26,34,10,"red",5277,3283,"rt_bounds"
"67d36708a7ca7a13dbc0bce1",41,600,29,32,20,"red",5554,3285,"rt_bounds"
"67d36708a7ca7a13dbc0bce1",42,500,34,35,2,"red",6831,3286,"rt_bounds"
"67d36708a7ca7a13dbc0bce1",43,400,17,18,2,"red",6593,3287,"rt_bounds"
"67d36708a7ca7a13dbc0bce1",45,500,14,20,10,"red",5030,3289,"rt_bounds"
"67d36708a7ca7a13dbc0bce1",46,500,28,34,20,"red",5053,3290,"rt_bounds"
"67d36708a7ca7a13dbc0bce1",47,500,23,35,20,"red",9355,3291,"rt_bounds"
"67d36708a7ca7a13dbc0bce1",48,400,21,36,2,"red",10749,3292,"rt_bounds"
"67d36708a7ca7a13dbc0bce1",49,500,20,19,2,"red",9915,3293,"rt_bounds"
"67d36708a7ca7a13dbc0bce1",50,600,31,27,20,"red",15347,3294,"rt_bounds"
"67d36708a7ca7a13dbc0bce1",53,400,22,14,2,"red",10199,3297,"rt_bounds"
"67d36708a7ca7a13dbc0bce1",54,400,25,23,2,"red",6276,3298,"rt_bounds"
"67d36708a7ca7a13dbc0bce1",55,400,28,30,20,"red",7439,3299,"rt_bounds"
"67d36708a7ca7a13dbc0bce1",56,600,28,33,10,"red",11826,3300,"rt_bounds"
"67d36708a7ca7a13dbc0bce1",57,400,36,39,2,"red",10165,3301,"rt_bounds"
"67d36708a7ca7a13dbc0bce1",58,400,29,32,10,"red",7485,3302,"rt_bounds"
"67d36708a7ca7a13dbc0bce1",60,600,16,22,2,"red",7297,3304,"rt_bounds"
"67d36708a7ca7a13dbc0bce1",62,500,21,27,10,"red",6570,3306,"rt_bounds"
"67d36708a7ca7a13dbc0bce1",64,400,20,35,20,"red",10248,3308,"rt_bounds"
"67d36708a7ca7a13dbc0bce1",65,500,36,23,20,"red",5701,3309,"rt_bounds"
"67d36708a7ca7a13dbc0bce1",66,400,27,27,10,"red",5181,3310,"rt_bounds"
"67d36708a7ca7a13dbc0bce1",68,400,21,19,20,"red",5401,3312,"rt_bounds"
"67d36708a7ca7a13dbc0bce1",69,500,35,7,2,"blue",6621,3313,"rt_bounds"
"67d36708a7ca7a13dbc0bce1",70,500,34,19,10,"blue",5764,3314,"rt_bounds"
"67d36708a7ca7a13dbc0bce1",72,500,28,26,2,"blue",6105,3316,"rt_bounds"
"67d36708a7ca7a13dbc0bce1",73,400,31,26,2,"blue",6556,3317,"rt_bounds"
"67d36708a7ca7a13dbc0bce1",74,500,14,23,10,"blue",11040,3318,"rt_bounds"
"67d36708a7ca7a13dbc0bce1",75,400,22,17,20,"blue",6084,3319,"rt_bounds"
"67d36708a7ca7a13dbc0bce1",76,400,27,28,10,"blue",7016,3320,"rt_bounds"
"67d36708a7ca7a13dbc0bce1",78,500,19,14,2,"blue",7160,3322,"rt_bounds"
"67d36708a7ca7a13dbc0bce1",82,600,14,26,20,"blue",5545,3326,"rt_bounds"
"67d36708a7ca7a13dbc0bce1",83,400,35,33,20,"blue",5883,3327,"rt_bounds"
"67d36708a7ca7a13dbc0bce1",88,500,23,26,20,"blue",5142,3332,"rt_bounds"
"67d36708a7ca7a13dbc0bce1",89,600,33,27,2,"blue",5299,3333,"rt_bounds"
"67d36708a7ca7a13dbc0bce1",95,600,27,21,2,"blue",7894,3339,"rt_bounds"
"67d36708a7ca7a13dbc0bce1",96,400,14,12,2,"blue",5176,3340,"rt_bounds"
"67d36708a7ca7a13dbc0bce1",97,500,19,21,20,"blue",5240,3341,"rt_bounds"
"67d36708a7ca7a13dbc0bce1",99,600,35,23,10,"blue",9846,3343,"rt_bounds"
"67d36708a7ca7a13dbc0bce1",101,600,27,31,20,"blue",6381,3345,"rt_bounds"
"67d36708a7ca7a13dbc0bce1",102,500,31,21,2,"blue",5783,3346,"rt_bounds"
"67d36708a7ca7a13dbc0bce1",103,500,25,25,20,"blue",6464,3347,"rt_bounds"
"67d36708a7ca7a13dbc0bce1",105,500,27,35,20,"blue",5699,3349,"rt_bounds"
"67d36708a7ca7a13dbc0bce1",106,400,24,27,20,"blue",8144,3350,"rt_bounds"
"67d36708a7ca7a13dbc0bce1",107,400,27,26,2,"blue",5573,3351,"rt_bounds"
"67d36708a7ca7a13dbc0bce1",108,600,18,30,20,"blue",8646,3352,"rt_bounds"
"67d36708a7ca7a13dbc0bce1",110,400,34,32,10,"blue",8605,3354,"rt_bounds"
"67d36708a7ca7a13dbc0bce1",111,400,14,12,2,"blue",5016,3355,"rt_bounds"
"67d36708a7ca7a13dbc0bce1",116,600,25,21,10,"blue",5795,3360,"rt_bounds"
"6633e281f08a156a04a3379d",26,500,27,27,20,"red",6506,3366,"rt_bounds"
"65a7027c88eae2b9a68ae596",21,500,30,23,10,"blue",6056,3553,"rt_bounds"
"65a7027c88eae2b9a68ae596",23,500,24,24,10,"blue",7055,3555,"rt_bounds"
"65a7027c88eae2b9a68ae596",26,500,29,20,20,"blue",8001,3558,"rt_bounds"
"65a7027c88eae2b9a68ae596",28,400,22,21,20,"blue",5856,3560,"rt_bounds"
"65a7027c88eae2b9a68ae596",29,400,30,23,2,"blue",16645,3561,"rt_bounds"
"65a7027c88eae2b9a68ae596",32,500,18,11,20,"blue",5737,3564,"rt_bounds"
"65a7027c88eae2b9a68ae596",33,400,14,23,20,"blue",5830,3565,"rt_bounds"
"65a7027c88eae2b9a68ae596",34,400,23,25,10,"blue",5637,3566,"rt_bounds"
"65a7027c88eae2b9a68ae596",36,600,29,20,2,"blue",16345,3568,"rt_bounds"
"65a7027c88eae2b9a68ae596",40,400,32,25,2,"blue",6491,3572,"rt_bounds"
"65a7027c88eae2b9a68ae596",44,400,19,23,20,"blue",6342,3576,"rt_bounds"
"65a7027c88eae2b9a68ae596",45,400,28,37,10,"blue",9380,3577,"rt_bounds"
"65a7027c88eae2b9a68ae596",46,400,34,29,2,"blue",5481,3578,"rt_bounds"
"65a7027c88eae2b9a68ae596",47,500,36,37,10,"blue",5983,3579,"rt_bounds"
"65a7027c88eae2b9a68ae596",49,400,24,24,20,"blue",17939,3581,"rt_bounds"
"65a7027c88eae2b9a68ae596",52,500,28,34,20,"blue",5896,3584,"rt_bounds"
"65a7027c88eae2b9a68ae596",54,500,31,27,2,"blue",6865,3586,"rt_bounds"
"65a7027c88eae2b9a68ae596",55,400,14,13,20,"blue",7649,3587,"rt_bounds"
"65a7027c88eae2b9a68ae596",58,400,32,24,2,"blue",8902,3590,"rt_bounds"
"65a7027c88eae2b9a68ae596",59,600,32,41,20,"blue",7006,3591,"rt_bounds"
"65a7027c88eae2b9a68ae596",64,600,21,26,10,"blue",7374,3596,"rt_bounds"
"65a7027c88eae2b9a68ae596",67,600,31,22,20,"blue",5111,3599,"rt_bounds"
"65a7027c88eae2b9a68ae596",69,400,28,19,10,"red",6582,3601,"rt_bounds"
"65a7027c88eae2b9a68ae596",73,400,29,25,10,"red",5134,3605,"rt_bounds"
"65a7027c88eae2b9a68ae596",74,500,29,21,20,"red",5054,3606,"rt_bounds"
"65a7027c88eae2b9a68ae596",75,500,34,34,2,"red",5533,3607,"rt_bounds"
"65a7027c88eae2b9a68ae596",77,400,34,25,2,"red",5520,3609,"rt_bounds"
"65a7027c88eae2b9a68ae596",82,600,17,17,2,"red",7563,3614,"rt_bounds"
"65a7027c88eae2b9a68ae596",84,600,24,23,2,"red",7839,3616,"rt_bounds"
"65a7027c88eae2b9a68ae596",101,600,17,22,20,"red",5213,3633,"rt_bounds"
"65a7027c88eae2b9a68ae596",102,400,14,19,20,"red",6403,3634,"rt_bounds"
"65a7027c88eae2b9a68ae596",104,600,35,16,2,"red",6425,3636,"rt_bounds"
"67d48133208e9bbe96dc6761",34,500,16,25,2,"blue",6124,3662,"rt_bounds"
"67d48133208e9bbe96dc6761",96,500,15,25,2,"red",10096,3724,"rt_bounds"
"67d48133208e9bbe96dc6761",109,400,33,15,10,"red",6069,3737,"rt_bounds"
"67c8825394a997c0c713156a",31,400,21,32,10,"red",5086,3755,"rt_bounds"
"67c8825394a997c0c713156a",35,400,35,31,10,"red",6990,3759,"rt_bounds"
"67c8825394a997c0c713156a",56,500,17,20,2,"red",10199,3780,"rt_bounds"
"67c8825394a997c0c713156a",69,500,19,20,10,"blue",50496,3793,"rt_bounds"
"67c8825394a997c0c713156a",84,400,26,19,20,"blue",10391,3808,"rt_bounds"
"67c8825394a997c0c713156a",91,400,28,14,10,"blue",79363,3815,"rt_bounds"
"67c8825394a997c0c713156a",97,400,24,16,20,"blue",177332,3821,"rt_bounds"
"67c8825394a997c0c713156a",99,400,32,39,10,"blue",227220,3823,"rt_bounds"
"67c8825394a997c0c713156a",102,500,14,30,20,"blue",18749,3826,"rt_bounds"
"67c8825394a997c0c713156a",111,600,19,29,10,"blue",52341,3835,"rt_bounds"
"67c8825394a997c0c713156a",113,400,17,29,10,"blue",12264,3837,"rt_bounds"
"67cd9cf6fcf63b6ab8f21390",25,600,32,23,2,"red",5950,3845,"rt_bounds"
"67cd9cf6fcf63b6ab8f21390",26,600,15,22,20,"red",5860,3846,"rt_bounds"
"67cd9cf6fcf63b6ab8f21390",28,500,30,13,10,"red",5090,3848,"rt_bounds"
"67cd9cf6fcf63b6ab8f21390",29,600,26,25,10,"red",71923,3849,"rt_bounds"
"67cd9cf6fcf63b6ab8f21390",30,600,35,18,20,"red",10399,3850,"rt_bounds"
"67cd9cf6fcf63b6ab8f21390",31,600,16,19,10,"red",10294,3851,"rt_bounds"
"67cd9cf6fcf63b6ab8f21390",33,400,31,29,2,"red",6741,3853,"rt_bounds"
"67cd9cf6fcf63b6ab8f21390",34,500,36,20,2,"red",98369,3854,"rt_bounds"
"67cd9cf6fcf63b6ab8f21390",37,600,25,28,10,"red",5583,3857,"rt_bounds"
"67cd9cf6fcf63b6ab8f21390",38,600,31,29,20,"red",5262,3858,"rt_bounds"
"67cd9cf6fcf63b6ab8f21390",39,600,23,31,20,"red",5020,3859,"rt_bounds"
"67cd9cf6fcf63b6ab8f21390",42,600,33,31,2,"red",7607,3862,"rt_bounds"
"67cd9cf6fcf63b6ab8f21390",43,500,35,31,20,"red",6353,3863,"rt_bounds"
"67cd9cf6fcf63b6ab8f21390",45,500,16,0,2,"red",40782,3865,"rt_bounds"
"67cd9cf6fcf63b6ab8f21390",46,600,23,9,2,"red",5713,3866,"rt_bounds"
"67cd9cf6fcf63b6ab8f21390",48,600,33,14,20,"red",11200,3868,"rt_bounds"
"67cd9cf6fcf63b6ab8f21390",68,600,25,27,2,"red",5506,3888,"rt_bounds"
"67cd9cf6fcf63b6ab8f21390",69,500,14,21,2,"blue",16425,3889,"rt_bounds"
"67cd9cf6fcf63b6ab8f21390",73,600,36,32,2,"blue",13100,3893,"rt_bounds"
"67cd9cf6fcf63b6ab8f21390",75,500,30,27,10,"blue",5714,3895,"rt_bounds"
"67cd9cf6fcf63b6ab8f21390",79,500,28,15,2,"blue",6423,3899,"rt_bounds"
"67cd9cf6fcf63b6ab8f21390",80,600,26,12,20,"blue",12973,3900,"rt_bounds"
"67cd9cf6fcf63b6ab8f21390",81,400,16,12,2,"blue",9031,3901,"rt_bounds"
"67cd9cf6fcf63b6ab8f21390",85,500,25,9,2,"blue",5934,3905,"rt_bounds"
"67cd9cf6fcf63b6ab8f21390",88,400,25,14,20,"blue",29318,3908,"rt_bounds"
"67cd9cf6fcf63b6ab8f21390",89,600,19,8,2,"blue",8985,3909,"rt_bounds"
"67cd9cf6fcf63b6ab8f21390",91,500,22,16,20,"blue",5571,3911,"rt_bounds"
"67cd9cf6fcf63b6ab8f21390",92,600,25,16,2,"blue",20905,3912,"rt_bounds"
"67cd9cf6fcf63b6ab8f21390",93,400,26,17,10,"blue",8587,3913,"rt_bounds"
"67cd9cf6fcf63b6ab8f21390",96,400,29,32,2,"blue",9888,3916,"rt_bounds"
"67cd9cf6fcf63b6ab8f21390",97,500,25,19,20,"blue",18167,3917,"rt_bounds"
"67cd9cf6fcf63b6ab8f21390",98,600,30,20,2,"blue",7019,3918,"rt_bounds"
"67cd9cf6fcf63b6ab8f21390",101,500,32,28,20,"blue",5048,3921,"rt_bounds"
"67cd9cf6fcf63b6ab8f21390",102,500,35,31,10,"blue",8661,3922,"rt_bounds"
"67cd9cf6fcf63b6ab8f21390",103,500,15,17,2,"blue",8681,3923,"rt_bounds"
"67cd9cf6fcf63b6ab8f21390",104,500,24,19,10,"blue",8326,3924,"rt_bounds"
"67cd9cf6fcf63b6ab8f21390",105,500,30,26,20,"blue",11013,3925,"rt_bounds"
"67cd9cf6fcf63b6ab8f21390",106,400,21,26,20,"blue",27727,3926,"rt_bounds"
"67cd9cf6fcf63b6ab8f21390",109,500,36,17,10,"blue",5047,3929,"rt_bounds"
"67cd9cf6fcf63b6ab8f21390",110,500,30,21,20,"blue",5136,3930,"rt_bounds"
"67cd9cf6fcf63b6ab8f21390",114,500,32,26,10,"blue",10770,3934,"rt_bounds"
"67cd9cf6fcf63b6ab8f21390",116,400,16,27,20,"blue",6093,3936,"rt_bounds"
"682a50d2769e21e578e1c3d4",23,500,14,20,10,"blue",23852,3939,"rt_bounds"
"682a50d2769e21e578e1c3d4",27,500,34,17,10,"blue",5343,3943,"rt_bounds"
"682a50d2769e21e578e1c3d4",79,500,14,14,20,"red",5087,3995,"rt_bounds"
"67cd9cf6fcf63b6ab8f21390",43,400,23,24,10,"red",6967,4055,"rt_bounds"
"67cd9cf6fcf63b6ab8f21390",54,500,17,21,20,"red",8062,4066,"rt_bounds"
"67cd9cf6fcf63b6ab8f21390",73,600,29,30,2,"blue",5144,4085,"rt_bounds"
"67cd9cf6fcf63b6ab8f21390",82,400,14,19,2,"blue",20292,4094,"rt_bounds"
"67cd9cf6fcf63b6ab8f21390",87,500,36,32,10,"blue",5568,4099,"rt_bounds"
"67cd9cf6fcf63b6ab8f21390",95,400,20,24,2,"blue",11377,4107,"rt_bounds"
"67cd9cf6fcf63b6ab8f21390",113,400,15,15,10,"blue",27197,4125,"rt_bounds"
"676f37ed7c44110e5278cc97",31,500,16,10,20,"red",4462,11,"participant_sd"
"676f37ed7c44110e5278cc97",69,600,36,35,20,"blue",4836,49,"participant_sd"
"672adb2909ca72744f212a7d",25,400,24,29,2,"blue",4482,101,"participant_sd"
"672adb2909ca72744f212a7d",29,400,33,38,2,"blue",4339,105,"participant_sd"
"672adb2909ca72744f212a7d",37,500,30,29,10,"blue",4639,113,"participant_sd"
"672adb2909ca72744f212a7d",25,400,24,29,2,"blue",4482,197,"participant_sd"
"672adb2909ca72744f212a7d",29,400,33,38,2,"blue",4339,201,"participant_sd"
"672adb2909ca72744f212a7d",37,500,30,29,10,"blue",4639,209,"participant_sd"
"662c299e6db88649ff13ccae",31,400,14,0,20,"red",1722,299,"participant_sd"
"662c299e6db88649ff13ccae",34,500,30,0,10,"red",1898,302,"participant_sd"
"670feba2e636f738625aa72d",65,500,36,42,10,"red",4995,429,"participant_sd"
"67ef0ffd5065856baab09f1a",81,600,22,17,20,"red",4871,541,"participant_sd"
"67df971ade30d8628a50216a",47,400,32,17,10,"blue",4485,795,"participant_sd"
"67df971ade30d8628a50216a",82,500,31,28,20,"red",4220,830,"participant_sd"
"67df971ade30d8628a50216a",90,400,31,28,20,"red",3978,838,"participant_sd"
"67df971ade30d8628a50216a",98,500,32,21,10,"red",3938,846,"participant_sd"
"5ecda06ecc240b00087e1c00",26,500,33,27,2,"blue",4502,966,"participant_sd"
"5ecda06ecc240b00087e1c00",33,400,31,33,2,"blue",3498,973,"participant_sd"
"634696400ff1ac25ed01ad11",45,600,21,21,2,"blue",3687,1081,"participant_sd"
"634696400ff1ac25ed01ad11",47,400,15,19,10,"blue",2605,1083,"participant_sd"
"62c5cdfe50000fce3e390be0",28,400,24,26,10,"blue",3731,1160,"participant_sd"
"62c5cdfe50000fce3e390be0",51,500,14,11,10,"blue",4045,1183,"participant_sd"
"627e807715abf2361938fd68",52,600,20,24,10,"red",4482,1280,"participant_sd"
"582474a8aac01b0001e45ef9",41,400,31,26,2,"red",4026,1365,"participant_sd"
"582474a8aac01b0001e45ef9",82,600,16,22,20,"blue",4667,1406,"participant_sd"
"5c309bb410677f0001dda0ed",33,400,31,31,20,"red",4753,1453,"participant_sd"
"5c309bb410677f0001dda0ed",69,400,16,13,2,"blue",4308,1489,"participant_sd"
"5c309bb410677f0001dda0ed",71,600,32,22,20,"blue",4282,1491,"participant_sd"
"5c309bb410677f0001dda0ed",104,400,31,22,20,"blue",4729,1524,"participant_sd"
"60a1e1f4a3707c983a98f185",56,500,35,36,10,"red",4528,1668,"participant_sd"
"60a1e1f4a3707c983a98f185",102,600,32,29,20,"blue",4343,1714,"participant_sd"
"66c759ddaa2a477714a13d63",22,600,36,25,2,"red",4131,1826,"participant_sd"
"66c759ddaa2a477714a13d63",63,500,34,32,2,"red",4472,1867,"participant_sd"
"66c759ddaa2a477714a13d63",101,600,15,28,20,"blue",4582,1905,"participant_sd"
"5de7b588ff15c2a06658dd1d",21,400,29,25,20,"red",2771,2017,"participant_sd"
"5de7b588ff15c2a06658dd1d",47,600,34,33,10,"red",2839,2043,"participant_sd"
"62fbeca46caf4abaaf74b5f1",30,400,17,20,2,"blue",4633,2122,"participant_sd"
"62fbeca46caf4abaaf74b5f1",54,600,34,28,10,"blue",4674,2146,"participant_sd"
"60fe21d7301f49dfc4aa5f3a",47,500,35,14,20,"blue",3915,2235,"participant_sd"
"60fe21d7301f49dfc4aa5f3a",92,400,16,17,2,"red",3720,2280,"participant_sd"
"60087afa0a5c054c002eaf0e",27,400,36,33,20,"blue",3693,2311,"participant_sd"
"60087afa0a5c054c002eaf0e",36,600,25,12,20,"blue",3830,2320,"participant_sd"
"60087afa0a5c054c002eaf0e",95,400,32,14,2,"red",4478,2379,"participant_sd"
"5faefcc22be93b11829e84df",39,600,33,31,10,"red",4245,2419,"participant_sd"
"6118b3bf8ec743208bae28c8",94,500,26,21,2,"red",2772,2570,"participant_sd"
"6118b3bf8ec743208bae28c8",102,600,17,15,10,"red",2767,2578,"participant_sd"
"6118b3bf8ec743208bae28c8",103,500,17,19,10,"red",4113,2579,"participant_sd"
"5faefcc22be93b11829e84df",39,600,33,31,10,"red",4245,2611,"participant_sd"
"6118b3bf8ec743208bae28c8",94,500,26,21,2,"red",2772,2762,"participant_sd"
"6118b3bf8ec743208bae28c8",102,600,17,15,10,"red",2767,2770,"participant_sd"
"6118b3bf8ec743208bae28c8",103,500,17,19,10,"red",4113,2771,"participant_sd"
"6633ff088a92287249f6968c",25,400,28,27,20,"blue",2776,2789,"participant_sd"
"6633ff088a92287249f6968c",47,500,28,27,20,"blue",2776,2811,"participant_sd"
"6633ff088a92287249f6968c",77,400,16,22,10,"red",2581,2841,"participant_sd"
"67d0a57b0a4981c5e65c3bcc",48,500,33,27,20,"blue",3875,2908,"participant_sd"
"6625c9127eee9a3639d7e1af",44,500,31,39,10,"red",4437,3000,"participant_sd"
"6625c9127eee9a3639d7e1af",49,500,31,30,20,"red",4398,3005,"participant_sd"
"6625c9127eee9a3639d7e1af",79,500,19,27,10,"blue",4530,3035,"participant_sd"
"6625c9127eee9a3639d7e1af",44,500,31,39,10,"red",4437,3096,"participant_sd"
"6625c9127eee9a3639d7e1af",49,500,31,30,20,"red",4398,3101,"participant_sd"
"6625c9127eee9a3639d7e1af",79,500,19,27,10,"blue",4530,3131,"participant_sd"
"66491e9882aaa64c5d0911d5",30,400,21,0,2,"red",829,3178,"participant_sd"
"67d36708a7ca7a13dbc0bce1",44,600,33,11,10,"red",1716,3288,"participant_sd"
"6633e281f08a156a04a3379d",22,500,22,19,10,"red",4625,3362,"participant_sd"
"6633e281f08a156a04a3379d",28,400,30,24,2,"red",3743,3368,"participant_sd"
"62d86c63e2966588c71b9ff2",23,400,23,24,2,"red",3933,3459,"participant_sd"
"62d86c63e2966588c71b9ff2",39,500,28,27,2,"red",4081,3475,"participant_sd"
"62d86c63e2966588c71b9ff2",42,600,21,14,20,"red",3906,3478,"participant_sd"
"67d48133208e9bbe96dc6761",24,400,34,37,20,"blue",3795,3652,"participant_sd"
"67d48133208e9bbe96dc6761",62,500,14,18,2,"blue",4836,3690,"participant_sd"
"67d48133208e9bbe96dc6761",101,600,21,24,10,"red",4228,3729,"participant_sd"
"67d48133208e9bbe96dc6761",111,500,20,11,2,"red",3828,3739,"participant_sd"
"67cd9cf6fcf63b6ab8f21390",41,400,29,27,20,"red",4994,3861,"participant_sd"
"682a50d2769e21e578e1c3d4",39,600,30,19,20,"blue",4643,3955,"participant_sd"
"682a50d2769e21e578e1c3d4",52,500,24,14,20,"blue",4476,3968,"participant_sd"
"662c299e6db88649ff13ccae",21,500,33,35,2,"red",4987,289,"too_many_trials_removed"
"662c299e6db88649ff13ccae",22,400,18,19,10,"red",3661,290,"too_many_trials_removed"
"662c299e6db88649ff13ccae",25,400,18,22,20,"red",4414,293,"too_many_trials_removed"
"662c299e6db88649ff13ccae",26,400,21,20,2,"red",4089,294,"too_many_trials_removed"
"662c299e6db88649ff13ccae",27,600,18,0,2,"red",2503,295,"too_many_trials_removed"
"662c299e6db88649ff13ccae",28,600,15,16,20,"red",3635,296,"too_many_trials_removed"
"662c299e6db88649ff13ccae",29,500,14,0,10,"red",2171,297,"too_many_trials_removed"
"662c299e6db88649ff13ccae",30,500,23,9,2,"red",3035,298,"too_many_trials_removed"
"662c299e6db88649ff13ccae",31,400,14,0,20,"red",1722,299,"too_many_trials_removed"
"662c299e6db88649ff13ccae",32,600,31,33,2,"red",4284,300,"too_many_trials_removed"
"662c299e6db88649ff13ccae",33,600,22,21,2,"red",3269,301,"too_many_trials_removed"
"662c299e6db88649ff13ccae",34,500,30,0,10,"red",1898,302,"too_many_trials_removed"
"662c299e6db88649ff13ccae",35,500,28,32,20,"red",3726,303,"too_many_trials_removed"
"662c299e6db88649ff13ccae",37,600,14,6,20,"red",3207,305,"too_many_trials_removed"
"662c299e6db88649ff13ccae",38,400,33,26,20,"red",3782,306,"too_many_trials_removed"
"662c299e6db88649ff13ccae",39,600,35,10,2,"red",4475,307,"too_many_trials_removed"
"662c299e6db88649ff13ccae",40,400,30,26,2,"red",4052,308,"too_many_trials_removed"
"662c299e6db88649ff13ccae",41,400,23,23,10,"red",4271,309,"too_many_trials_removed"
"662c299e6db88649ff13ccae",43,500,21,12,10,"red",4451,311,"too_many_trials_removed"
"662c299e6db88649ff13ccae",45,400,24,29,2,"red",4235,313,"too_many_trials_removed"
"662c299e6db88649ff13ccae",46,400,32,32,20,"red",3940,314,"too_many_trials_removed"
"662c299e6db88649ff13ccae",47,500,23,8,20,"red",3511,315,"too_many_trials_removed"
"662c299e6db88649ff13ccae",50,600,29,35,2,"red",4903,318,"too_many_trials_removed"
"662c299e6db88649ff13ccae",54,500,25,45,10,"red",4538,322,"too_many_trials_removed"
"662c299e6db88649ff13ccae",55,500,23,38,20,"red",3511,323,"too_many_trials_removed"
"662c299e6db88649ff13ccae",56,600,24,37,10,"red",4188,324,"too_many_trials_removed"
"662c299e6db88649ff13ccae",57,400,16,25,10,"red",3875,325,"too_many_trials_removed"
"662c299e6db88649ff13ccae",59,500,26,35,10,"red",4693,327,"too_many_trials_removed"
"662c299e6db88649ff13ccae",62,600,32,31,20,"red",4344,330,"too_many_trials_removed"
"662c299e6db88649ff13ccae",64,500,34,36,10,"red",3399,332,"too_many_trials_removed"
"662c299e6db88649ff13ccae",65,600,29,35,20,"red",4770,333,"too_many_trials_removed"
"662c299e6db88649ff13ccae",66,400,15,10,10,"red",4145,334,"too_many_trials_removed"
"662c299e6db88649ff13ccae",67,500,30,34,10,"red",3366,335,"too_many_trials_removed"
"662c299e6db88649ff13ccae",68,500,26,31,10,"red",4689,336,"too_many_trials_removed"
"662c299e6db88649ff13ccae",70,500,24,26,10,"blue",4997,338,"too_many_trials_removed"
"662c299e6db88649ff13ccae",72,400,33,29,10,"blue",3742,340,"too_many_trials_removed"
"662c299e6db88649ff13ccae",73,400,17,17,20,"blue",4880,341,"too_many_trials_removed"
"662c299e6db88649ff13ccae",75,500,17,15,2,"blue",4116,343,"too_many_trials_removed"
"662c299e6db88649ff13ccae",76,500,33,25,10,"blue",4366,344,"too_many_trials_removed"
"662c299e6db88649ff13ccae",77,500,29,27,20,"blue",3769,345,"too_many_trials_removed"
"662c299e6db88649ff13ccae",81,600,36,22,2,"blue",3347,349,"too_many_trials_removed"
"662c299e6db88649ff13ccae",84,600,28,25,2,"blue",3840,352,"too_many_trials_removed"
"662c299e6db88649ff13ccae",85,400,20,23,10,"blue",4778,353,"too_many_trials_removed"
"662c299e6db88649ff13ccae",86,600,26,25,20,"blue",4908,354,"too_many_trials_removed"
"662c299e6db88649ff13ccae",91,600,27,23,20,"blue",4105,359,"too_many_trials_removed"
"662c299e6db88649ff13ccae",92,400,32,30,2,"blue",4175,360,"too_many_trials_removed"
"662c299e6db88649ff13ccae",93,500,18,23,20,"blue",4070,361,"too_many_trials_removed"
"662c299e6db88649ff13ccae",94,600,27,24,10,"blue",3495,362,"too_many_trials_removed"
"662c299e6db88649ff13ccae",95,600,36,30,2,"blue",3332,363,"too_many_trials_removed"
"662c299e6db88649ff13ccae",97,400,25,23,20,"blue",3421,365,"too_many_trials_removed"
"662c299e6db88649ff13ccae",99,500,35,32,2,"blue",3464,367,"too_many_trials_removed"
"662c299e6db88649ff13ccae",100,600,17,22,20,"blue",4051,368,"too_many_trials_removed"
"662c299e6db88649ff13ccae",101,500,24,22,10,"blue",3769,369,"too_many_trials_removed"
"662c299e6db88649ff13ccae",103,500,32,26,2,"blue",3683,371,"too_many_trials_removed"
"662c299e6db88649ff13ccae",104,600,29,22,2,"blue",3977,372,"too_many_trials_removed"
"662c299e6db88649ff13ccae",105,400,24,20,10,"blue",3809,373,"too_many_trials_removed"
"662c299e6db88649ff13ccae",106,400,16,14,2,"blue",3495,374,"too_many_trials_removed"
"662c299e6db88649ff13ccae",108,500,22,18,2,"blue",3666,376,"too_many_trials_removed"
"662c299e6db88649ff13ccae",109,600,14,16,2,"blue",3562,377,"too_many_trials_removed"
"662c299e6db88649ff13ccae",110,600,32,26,2,"blue",4682,378,"too_many_trials_removed"
"662c299e6db88649ff13ccae",111,600,24,16,20,"blue",2996,379,"too_many_trials_removed"
"662c299e6db88649ff13ccae",112,500,21,20,10,"blue",3858,380,"too_many_trials_removed"
"662c299e6db88649ff13ccae",113,600,15,12,2,"blue",4731,381,"too_many_trials_removed"
"662c299e6db88649ff13ccae",114,600,32,28,2,"blue",3789,382,"too_many_trials_removed"
"662c299e6db88649ff13ccae",116,500,17,23,20,"blue",3970,384,"too_many_trials_removed"
"67df971ade30d8628a50216a",21,600,20,27,2,"blue",3785,769,"too_many_trials_removed"
"67df971ade30d8628a50216a",22,500,33,37,2,"blue",1565,770,"too_many_trials_removed"
"67df971ade30d8628a50216a",23,600,24,16,10,"blue",1753,771,"too_many_trials_removed"
"67df971ade30d8628a50216a",24,400,27,19,10,"blue",2130,772,"too_many_trials_removed"
"67df971ade30d8628a50216a",25,500,25,18,20,"blue",2439,773,"too_many_trials_removed"
"67df971ade30d8628a50216a",26,400,15,16,2,"blue",2010,774,"too_many_trials_removed"
"67df971ade30d8628a50216a",27,400,19,16,20,"blue",2035,775,"too_many_trials_removed"
"67df971ade30d8628a50216a",28,500,20,14,20,"blue",2467,776,"too_many_trials_removed"
"67df971ade30d8628a50216a",29,500,27,23,10,"blue",3018,777,"too_many_trials_removed"
"67df971ade30d8628a50216a",30,400,36,27,2,"blue",2319,778,"too_many_trials_removed"
"67df971ade30d8628a50216a",31,500,28,34,10,"blue",2076,779,"too_many_trials_removed"
"67df971ade30d8628a50216a",32,400,14,30,20,"blue",2436,780,"too_many_trials_removed"
"67df971ade30d8628a50216a",33,600,16,33,2,"blue",2113,781,"too_many_trials_removed"
"67df971ade30d8628a50216a",35,600,16,15,20,"blue",1708,783,"too_many_trials_removed"
"67df971ade30d8628a50216a",36,600,34,28,2,"blue",2100,784,"too_many_trials_removed"
"67df971ade30d8628a50216a",37,600,23,25,2,"blue",2069,785,"too_many_trials_removed"
"67df971ade30d8628a50216a",38,500,16,28,10,"blue",1505,786,"too_many_trials_removed"
"67df971ade30d8628a50216a",39,500,26,32,10,"blue",2358,787,"too_many_trials_removed"
"67df971ade30d8628a50216a",40,500,35,24,10,"blue",3601,788,"too_many_trials_removed"
"67df971ade30d8628a50216a",41,500,19,14,2,"blue",1848,789,"too_many_trials_removed"
"67df971ade30d8628a50216a",42,500,18,23,10,"blue",1633,790,"too_many_trials_removed"
"67df971ade30d8628a50216a",43,500,27,34,20,"blue",1772,791,"too_many_trials_removed"
"67df971ade30d8628a50216a",44,600,26,39,10,"blue",1773,792,"too_many_trials_removed"
"67df971ade30d8628a50216a",45,500,30,29,10,"blue",1898,793,"too_many_trials_removed"
"67df971ade30d8628a50216a",46,400,18,14,2,"blue",1616,794,"too_many_trials_removed"
"67df971ade30d8628a50216a",47,400,32,17,10,"blue",4485,795,"too_many_trials_removed"
"67df971ade30d8628a50216a",48,400,31,27,10,"blue",1642,796,"too_many_trials_removed"
"67df971ade30d8628a50216a",49,500,22,22,10,"blue",1873,797,"too_many_trials_removed"
"67df971ade30d8628a50216a",50,500,32,29,20,"blue",1426,798,"too_many_trials_removed"
"67df971ade30d8628a50216a",51,500,33,20,20,"blue",2747,799,"too_many_trials_removed"
"67df971ade30d8628a50216a",52,400,14,14,20,"blue",1894,800,"too_many_trials_removed"
"67df971ade30d8628a50216a",53,400,35,18,20,"blue",2102,801,"too_many_trials_removed"
"67df971ade30d8628a50216a",54,400,32,19,20,"blue",2085,802,"too_many_trials_removed"
"67df971ade30d8628a50216a",55,400,22,31,2,"blue",3201,803,"too_many_trials_removed"
"67df971ade30d8628a50216a",56,500,23,22,2,"blue",1833,804,"too_many_trials_removed"
"67df971ade30d8628a50216a",57,600,15,14,10,"blue",1758,805,"too_many_trials_removed"
"67df971ade30d8628a50216a",59,500,26,17,10,"blue",2909,807,"too_many_trials_removed"
"67df971ade30d8628a50216a",60,500,25,16,20,"blue",1962,808,"too_many_trials_removed"
"67df971ade30d8628a50216a",62,600,36,15,2,"blue",1565,810,"too_many_trials_removed"
"67df971ade30d8628a50216a",63,500,15,17,10,"blue",2061,811,"too_many_trials_removed"
"67df971ade30d8628a50216a",66,600,31,23,2,"blue",2065,814,"too_many_trials_removed"
"67df971ade30d8628a50216a",67,600,14,9,20,"blue",1724,815,"too_many_trials_removed"
"67df971ade30d8628a50216a",68,400,35,24,20,"blue",2968,816,"too_many_trials_removed"
"67df971ade30d8628a50216a",69,600,14,19,10,"red",3150,817,"too_many_trials_removed"
"67df971ade30d8628a50216a",70,400,35,35,2,"red",2249,818,"too_many_trials_removed"
"67df971ade30d8628a50216a",71,600,23,20,10,"red",1941,819,"too_many_trials_removed"
"67df971ade30d8628a50216a",72,500,23,29,20,"red",2517,820,"too_many_trials_removed"
"67df971ade30d8628a50216a",74,600,36,35,2,"red",2460,822,"too_many_trials_removed"
"67df971ade30d8628a50216a",75,600,22,23,2,"red",1586,823,"too_many_trials_removed"
"67df971ade30d8628a50216a",76,400,21,25,20,"red",2518,824,"too_many_trials_removed"
"67df971ade30d8628a50216a",77,600,30,30,10,"red",2528,825,"too_many_trials_removed"
"67df971ade30d8628a50216a",78,400,15,19,10,"red",1958,826,"too_many_trials_removed"
"67df971ade30d8628a50216a",79,500,16,21,10,"red",1624,827,"too_many_trials_removed"
"67df971ade30d8628a50216a",80,600,33,38,10,"red",2465,828,"too_many_trials_removed"
"67df971ade30d8628a50216a",81,600,23,26,2,"red",2039,829,"too_many_trials_removed"
"67df971ade30d8628a50216a",82,500,31,28,20,"red",4220,830,"too_many_trials_removed"
"67df971ade30d8628a50216a",83,500,29,17,20,"red",2751,831,"too_many_trials_removed"
"67df971ade30d8628a50216a",84,400,20,24,20,"red",2751,832,"too_many_trials_removed"
"67df971ade30d8628a50216a",85,400,33,30,20,"red",2197,833,"too_many_trials_removed"
"67df971ade30d8628a50216a",86,600,17,24,2,"red",2206,834,"too_many_trials_removed"
"67df971ade30d8628a50216a",87,600,17,6,2,"red",1469,835,"too_many_trials_removed"
"67df971ade30d8628a50216a",88,500,18,13,2,"red",1725,836,"too_many_trials_removed"
"67df971ade30d8628a50216a",89,400,31,28,20,"red",2670,837,"too_many_trials_removed"
"67df971ade30d8628a50216a",90,400,31,28,20,"red",3978,838,"too_many_trials_removed"
"67df971ade30d8628a50216a",92,600,20,9,2,"red",2055,840,"too_many_trials_removed"
"67df971ade30d8628a50216a",93,600,30,24,2,"red",2156,841,"too_many_trials_removed"
"67df971ade30d8628a50216a",94,600,31,23,10,"red",2027,842,"too_many_trials_removed"
"67df971ade30d8628a50216a",96,400,30,13,2,"red",3055,844,"too_many_trials_removed"
"67df971ade30d8628a50216a",97,400,19,13,2,"red",1862,845,"too_many_trials_removed"
"67df971ade30d8628a50216a",98,500,32,21,10,"red",3938,846,"too_many_trials_removed"
"67df971ade30d8628a50216a",99,600,33,39,2,"red",2545,847,"too_many_trials_removed"
"67df971ade30d8628a50216a",100,500,36,39,20,"red",2605,848,"too_many_trials_removed"
"67df971ade30d8628a50216a",101,500,14,18,10,"red",2585,849,"too_many_trials_removed"
"67df971ade30d8628a50216a",105,500,30,12,10,"red",2231,853,"too_many_trials_removed"
"67df971ade30d8628a50216a",106,500,36,40,2,"red",2008,854,"too_many_trials_removed"
"67df971ade30d8628a50216a",107,400,19,9,2,"red",1691,855,"too_many_trials_removed"
"67df971ade30d8628a50216a",108,500,14,15,10,"red",1987,856,"too_many_trials_removed"
"67df971ade30d8628a50216a",109,400,21,11,20,"red",2089,857,"too_many_trials_removed"
"67df971ade30d8628a50216a",110,400,16,13,20,"red",1941,858,"too_many_trials_removed"
"67df971ade30d8628a50216a",111,500,27,27,20,"red",2050,859,"too_many_trials_removed"
"67df971ade30d8628a50216a",112,500,26,33,10,"red",1912,860,"too_many_trials_removed"
"67df971ade30d8628a50216a",113,500,25,33,2,"red",2761,861,"too_many_trials_removed"
"67df971ade30d8628a50216a",114,400,31,30,10,"red",2007,862,"too_many_trials_removed"
"67df971ade30d8628a50216a",115,400,14,34,10,"red",1861,863,"too_many_trials_removed"
"67df971ade30d8628a50216a",116,600,21,26,10,"red",1591,864,"too_many_trials_removed"
"66ce5adac1cd4b6037be4a63",30,600,16,12,2,"blue",4226,1546,"too_many_trials_removed"
"66ce5adac1cd4b6037be4a63",31,600,36,31,20,"blue",4733,1547,"too_many_trials_removed"
"66ce5adac1cd4b6037be4a63",33,600,22,14,20,"blue",4416,1549,"too_many_trials_removed"
"66ce5adac1cd4b6037be4a63",35,600,34,34,2,"blue",4370,1551,"too_many_trials_removed"
"66ce5adac1cd4b6037be4a63",36,400,30,38,20,"blue",4194,1552,"too_many_trials_removed"
"66ce5adac1cd4b6037be4a63",40,600,30,32,20,"blue",4524,1556,"too_many_trials_removed"
"66ce5adac1cd4b6037be4a63",42,400,21,11,2,"blue",4517,1558,"too_many_trials_removed"
"66ce5adac1cd4b6037be4a63",43,600,36,15,10,"blue",4429,1559,"too_many_trials_removed"
"66ce5adac1cd4b6037be4a63",44,600,24,15,10,"blue",3816,1560,"too_many_trials_removed"
"66ce5adac1cd4b6037be4a63",45,600,35,36,10,"blue",3829,1561,"too_many_trials_removed"
"66ce5adac1cd4b6037be4a63",52,500,25,15,20,"blue",4391,1568,"too_many_trials_removed"
"66ce5adac1cd4b6037be4a63",56,600,31,16,10,"blue",4766,1572,"too_many_trials_removed"
"66ce5adac1cd4b6037be4a63",57,400,14,11,20,"blue",4902,1573,"too_many_trials_removed"
"66ce5adac1cd4b6037be4a63",58,600,20,13,10,"blue",3936,1574,"too_many_trials_removed"
"66ce5adac1cd4b6037be4a63",60,500,27,40,10,"blue",4144,1576,"too_many_trials_removed"
"66ce5adac1cd4b6037be4a63",71,400,36,35,2,"red",3766,1587,"too_many_trials_removed"
"66ce5adac1cd4b6037be4a63",73,400,17,6,2,"red",4215,1589,"too_many_trials_removed"
"66ce5adac1cd4b6037be4a63",74,400,22,16,2,"red",4328,1590,"too_many_trials_removed"
"66ce5adac1cd4b6037be4a63",75,400,35,18,2,"red",3816,1591,"too_many_trials_removed"
"66ce5adac1cd4b6037be4a63",76,500,19,9,10,"red",3580,1592,"too_many_trials_removed"
"66ce5adac1cd4b6037be4a63",79,600,36,31,10,"red",4479,1595,"too_many_trials_removed"
"66ce5adac1cd4b6037be4a63",80,400,25,28,10,"red",4473,1596,"too_many_trials_removed"
"66ce5adac1cd4b6037be4a63",85,500,20,19,10,"red",4016,1601,"too_many_trials_removed"
"66ce5adac1cd4b6037be4a63",86,400,19,14,20,"red",4928,1602,"too_many_trials_removed"
"66ce5adac1cd4b6037be4a63",87,500,19,13,20,"red",4360,1603,"too_many_trials_removed"
"66ce5adac1cd4b6037be4a63",89,600,19,29,20,"red",4448,1605,"too_many_trials_removed"
"66ce5adac1cd4b6037be4a63",90,500,15,20,10,"red",4154,1606,"too_many_trials_removed"
"66ce5adac1cd4b6037be4a63",91,600,20,9,10,"red",3285,1607,"too_many_trials_removed"
"66ce5adac1cd4b6037be4a63",92,400,15,6,20,"red",3455,1608,"too_many_trials_removed"
"66ce5adac1cd4b6037be4a63",93,500,30,33,2,"red",4187,1609,"too_many_trials_removed"
"66ce5adac1cd4b6037be4a63",95,400,24,20,2,"red",4651,1611,"too_many_trials_removed"
"66ce5adac1cd4b6037be4a63",96,600,17,22,10,"red",3767,1612,"too_many_trials_removed"
"66ce5adac1cd4b6037be4a63",106,500,25,20,20,"red",4181,1622,"too_many_trials_removed"
"66ce5adac1cd4b6037be4a63",109,400,18,16,2,"red",4245,1625,"too_many_trials_removed"
"66ce5adac1cd4b6037be4a63",110,400,32,16,20,"red",4564,1626,"too_many_trials_removed"
"66ce5adac1cd4b6037be4a63",112,400,27,20,2,"red",4185,1628,"too_many_trials_removed"
"66ce5adac1cd4b6037be4a63",113,600,17,23,10,"red",3816,1629,"too_many_trials_removed"
"66ce5adac1cd4b6037be4a63",114,600,29,39,10,"red",4040,1630,"too_many_trials_removed"
"66ce5adac1cd4b6037be4a63",115,500,34,29,20,"red",4971,1631,"too_many_trials_removed"
"66ce5adac1cd4b6037be4a63",116,500,31,29,20,"red",4554,1632,"too_many_trials_removed"
"668c0bc95fadbd0e93071351",23,400,30,31,10,"blue",3062,1731,"too_many_trials_removed"
"668c0bc95fadbd0e93071351",25,600,21,9,20,"blue",4596,1733,"too_many_trials_removed"
"668c0bc95fadbd0e93071351",26,500,15,16,10,"blue",3197,1734,"too_many_trials_removed"
"668c0bc95fadbd0e93071351",33,600,24,23,2,"blue",4840,1741,"too_many_trials_removed"
"668c0bc95fadbd0e93071351",36,500,25,12,20,"blue",4932,1744,"too_many_trials_removed"
"668c0bc95fadbd0e93071351",44,600,30,28,20,"blue",4688,1752,"too_many_trials_removed"
"668c0bc95fadbd0e93071351",53,500,24,0,20,"blue",3577,1761,"too_many_trials_removed"
"668c0bc95fadbd0e93071351",65,600,25,20,2,"blue",4208,1773,"too_many_trials_removed"
"668c0bc95fadbd0e93071351",71,500,19,13,20,"red",4487,1779,"too_many_trials_removed"
"668c0bc95fadbd0e93071351",72,400,16,9,2,"red",3402,1780,"too_many_trials_removed"
"668c0bc95fadbd0e93071351",73,400,27,17,10,"red",4293,1781,"too_many_trials_removed"
"668c0bc95fadbd0e93071351",74,400,34,24,2,"red",3523,1782,"too_many_trials_removed"
"668c0bc95fadbd0e93071351",76,600,21,17,10,"red",4158,1784,"too_many_trials_removed"
"668c0bc95fadbd0e93071351",82,400,33,21,10,"red",4658,1790,"too_many_trials_removed"
"668c0bc95fadbd0e93071351",85,600,27,16,2,"red",4072,1793,"too_many_trials_removed"
"668c0bc95fadbd0e93071351",86,600,21,19,10,"red",4486,1794,"too_many_trials_removed"
"668c0bc95fadbd0e93071351",88,500,16,9,2,"red",3135,1796,"too_many_trials_removed"
"668c0bc95fadbd0e93071351",90,400,14,1,20,"red",3663,1798,"too_many_trials_removed"
"668c0bc95fadbd0e93071351",94,400,21,13,2,"red",2421,1802,"too_many_trials_removed"
"668c0bc95fadbd0e93071351",103,500,21,12,2,"red",4770,1811,"too_many_trials_removed"
"668c0bc95fadbd0e93071351",104,500,18,8,2,"red",3760,1812,"too_many_trials_removed"
"668c0bc95fadbd0e93071351",108,400,14,5,2,"red",2395,1816,"too_many_trials_removed"
"668c0bc95fadbd0e93071351",110,400,27,18,20,"red",4346,1818,"too_many_trials_removed"
"668c0bc95fadbd0e93071351",111,500,17,11,20,"red",4382,1819,"too_many_trials_removed"
"668c0bc95fadbd0e93071351",112,400,22,10,2,"red",2438,1820,"too_many_trials_removed"
"668c0bc95fadbd0e93071351",113,400,20,18,20,"red",2220,1821,"too_many_trials_removed"
"668c0bc95fadbd0e93071351",114,600,32,12,2,"red",1896,1822,"too_many_trials_removed"
"668c0bc95fadbd0e93071351",115,600,14,12,10,"red",2643,1823,"too_many_trials_removed"
"67f0470dc52f142ca66823c8",21,400,20,13,10,"blue",3093,1921,"too_many_trials_removed"
"67f0470dc52f142ca66823c8",22,400,15,12,10,"blue",2858,1922,"too_many_trials_removed"
"67f0470dc52f142ca66823c8",23,600,23,9,20,"blue",3011,1923,"too_many_trials_removed"
"67f0470dc52f142ca66823c8",25,400,15,6,2,"blue",2012,1925,"too_many_trials_removed"
"67f0470dc52f142ca66823c8",27,400,15,8,2,"blue",4425,1927,"too_many_trials_removed"
"67f0470dc52f142ca66823c8",33,500,26,25,10,"blue",4035,1933,"too_many_trials_removed"
"67f0470dc52f142ca66823c8",34,500,24,18,20,"blue",3024,1934,"too_many_trials_removed"
"67f0470dc52f142ca66823c8",35,600,36,30,2,"blue",2681,1935,"too_many_trials_removed"
"67f0470dc52f142ca66823c8",39,400,32,28,20,"blue",3982,1939,"too_many_trials_removed"
"67f0470dc52f142ca66823c8",40,600,22,21,2,"blue",3716,1940,"too_many_trials_removed"
"67f0470dc52f142ca66823c8",41,500,17,11,20,"blue",2861,1941,"too_many_trials_removed"
"67f0470dc52f142ca66823c8",42,600,25,13,10,"blue",3182,1942,"too_many_trials_removed"
"67f0470dc52f142ca66823c8",43,400,34,13,2,"blue",3534,1943,"too_many_trials_removed"
"67f0470dc52f142ca66823c8",45,400,32,21,2,"blue",2538,1945,"too_many_trials_removed"
"67f0470dc52f142ca66823c8",49,400,35,30,20,"blue",1825,1949,"too_many_trials_removed"
"67f0470dc52f142ca66823c8",52,600,33,36,20,"blue",2590,1952,"too_many_trials_removed"
"67f0470dc52f142ca66823c8",58,400,21,13,20,"blue",3027,1958,"too_many_trials_removed"
"67f0470dc52f142ca66823c8",59,500,35,13,2,"blue",2268,1959,"too_many_trials_removed"
"67f0470dc52f142ca66823c8",60,500,24,19,2,"blue",3059,1960,"too_many_trials_removed"
"67f0470dc52f142ca66823c8",61,500,32,29,10,"blue",4440,1961,"too_many_trials_removed"
"67f0470dc52f142ca66823c8",63,600,35,33,10,"blue",4463,1963,"too_many_trials_removed"
"67f0470dc52f142ca66823c8",66,500,15,19,20,"blue",2955,1966,"too_many_trials_removed"
"67f0470dc52f142ca66823c8",67,600,23,22,20,"blue",2373,1967,"too_many_trials_removed"
"67f0470dc52f142ca66823c8",68,600,29,21,10,"blue",2542,1968,"too_many_trials_removed"
"67f0470dc52f142ca66823c8",70,400,29,14,2,"red",2888,1970,"too_many_trials_removed"
"67f0470dc52f142ca66823c8",71,600,34,26,20,"red",3237,1971,"too_many_trials_removed"
"67f0470dc52f142ca66823c8",72,600,21,17,2,"red",3456,1972,"too_many_trials_removed"
"67f0470dc52f142ca66823c8",74,600,34,28,20,"red",2554,1974,"too_many_trials_removed"
"67f0470dc52f142ca66823c8",79,400,24,13,2,"red",2945,1979,"too_many_trials_removed"
"67f0470dc52f142ca66823c8",80,600,34,32,2,"red",3455,1980,"too_many_trials_removed"
"67f0470dc52f142ca66823c8",81,400,29,18,20,"red",3949,1981,"too_many_trials_removed"
"67f0470dc52f142ca66823c8",83,400,34,23,2,"red",2271,1983,"too_many_trials_removed"
"67f0470dc52f142ca66823c8",84,600,18,27,10,"red",3072,1984,"too_many_trials_removed"
"67f0470dc52f142ca66823c8",85,500,31,30,20,"red",2540,1985,"too_many_trials_removed"
"67f0470dc52f142ca66823c8",86,400,16,6,20,"red",2910,1986,"too_many_trials_removed"
"67f0470dc52f142ca66823c8",87,400,31,29,10,"red",2479,1987,"too_many_trials_removed"
"67f0470dc52f142ca66823c8",88,600,28,25,10,"red",1856,1988,"too_many_trials_removed"
"67f0470dc52f142ca66823c8",91,500,31,28,20,"red",3671,1991,"too_many_trials_removed"
"67f0470dc52f142ca66823c8",92,600,31,26,20,"red",4960,1992,"too_many_trials_removed"
"67f0470dc52f142ca66823c8",94,600,24,18,10,"red",3936,1994,"too_many_trials_removed"
"67f0470dc52f142ca66823c8",97,600,20,15,10,"red",3405,1997,"too_many_trials_removed"
"67f0470dc52f142ca66823c8",100,400,16,19,10,"red",2585,2000,"too_many_trials_removed"
"67f0470dc52f142ca66823c8",101,400,26,16,2,"red",2060,2001,"too_many_trials_removed"
"67f0470dc52f142ca66823c8",102,500,34,27,10,"red",2370,2002,"too_many_trials_removed"
"67f0470dc52f142ca66823c8",103,400,27,20,2,"red",4187,2003,"too_many_trials_removed"
"67f0470dc52f142ca66823c8",104,600,17,18,10,"red",3838,2004,"too_many_trials_removed"
"67f0470dc52f142ca66823c8",106,400,23,24,10,"red",2533,2006,"too_many_trials_removed"
"67f0470dc52f142ca66823c8",108,400,27,19,2,"red",3166,2008,"too_many_trials_removed"
"67f0470dc52f142ca66823c8",109,600,21,18,2,"red",4040,2009,"too_many_trials_removed"
"67f0470dc52f142ca66823c8",110,600,36,25,2,"red",4542,2010,"too_many_trials_removed"
"67f0470dc52f142ca66823c8",113,600,33,27,10,"red",2813,2013,"too_many_trials_removed"
"67f0470dc52f142ca66823c8",115,400,36,33,10,"red",3300,2015,"too_many_trials_removed"
"67f0470dc52f142ca66823c8",116,500,28,29,10,"red",4179,2016,"too_many_trials_removed"
"67d36708a7ca7a13dbc0bce1",22,400,14,8,2,"red",2592,3266,"too_many_trials_removed"
"67d36708a7ca7a13dbc0bce1",23,600,31,23,10,"red",4753,3267,"too_many_trials_removed"
"67d36708a7ca7a13dbc0bce1",24,600,15,13,20,"red",3678,3268,"too_many_trials_removed"
"67d36708a7ca7a13dbc0bce1",33,500,19,15,10,"red",4256,3277,"too_many_trials_removed"
"67d36708a7ca7a13dbc0bce1",34,400,22,22,10,"red",3911,3278,"too_many_trials_removed"
"67d36708a7ca7a13dbc0bce1",36,500,31,33,10,"red",4161,3280,"too_many_trials_removed"
"67d36708a7ca7a13dbc0bce1",40,600,29,29,2,"red",3161,3284,"too_many_trials_removed"
"67d36708a7ca7a13dbc0bce1",44,600,33,11,10,"red",1716,3288,"too_many_trials_removed"
"67d36708a7ca7a13dbc0bce1",51,500,34,36,2,"red",4193,3295,"too_many_trials_removed"
"67d36708a7ca7a13dbc0bce1",52,600,25,31,20,"red",4249,3296,"too_many_trials_removed"
"67d36708a7ca7a13dbc0bce1",59,400,16,13,2,"red",4513,3303,"too_many_trials_removed"
"67d36708a7ca7a13dbc0bce1",61,400,26,25,10,"red",4906,3305,"too_many_trials_removed"
"67d36708a7ca7a13dbc0bce1",63,400,31,40,10,"red",4791,3307,"too_many_trials_removed"
"67d36708a7ca7a13dbc0bce1",67,500,21,12,20,"red",3354,3311,"too_many_trials_removed"
"67d36708a7ca7a13dbc0bce1",71,600,16,13,20,"blue",3521,3315,"too_many_trials_removed"
"67d36708a7ca7a13dbc0bce1",77,600,15,9,10,"blue",3952,3321,"too_many_trials_removed"
"67d36708a7ca7a13dbc0bce1",79,500,28,23,20,"blue",4088,3323,"too_many_trials_removed"
"67d36708a7ca7a13dbc0bce1",80,500,25,23,10,"blue",3393,3324,"too_many_trials_removed"
"67d36708a7ca7a13dbc0bce1",81,500,23,24,2,"blue",3842,3325,"too_many_trials_removed"
"67d36708a7ca7a13dbc0bce1",84,500,20,12,20,"blue",3656,3328,"too_many_trials_removed"
"67d36708a7ca7a13dbc0bce1",85,500,15,26,10,"blue",3853,3329,"too_many_trials_removed"
"67d36708a7ca7a13dbc0bce1",86,400,27,22,10,"blue",3175,3330,"too_many_trials_removed"
"67d36708a7ca7a13dbc0bce1",87,500,14,10,20,"blue",4134,3331,"too_many_trials_removed"
"67d36708a7ca7a13dbc0bce1",90,400,32,35,10,"blue",4466,3334,"too_many_trials_removed"
"67d36708a7ca7a13dbc0bce1",91,400,36,43,20,"blue",3823,3335,"too_many_trials_removed"
"67d36708a7ca7a13dbc0bce1",92,500,14,10,2,"blue",3506,3336,"too_many_trials_removed"
"67d36708a7ca7a13dbc0bce1",93,500,33,19,10,"blue",4583,3337,"too_many_trials_removed"
"67d36708a7ca7a13dbc0bce1",94,600,29,32,20,"blue",3156,3338,"too_many_trials_removed"
"67d36708a7ca7a13dbc0bce1",98,500,15,8,2,"blue",3435,3342,"too_many_trials_removed"
"67d36708a7ca7a13dbc0bce1",100,500,34,34,10,"blue",4794,3344,"too_many_trials_removed"
"67d36708a7ca7a13dbc0bce1",104,500,33,26,2,"blue",3711,3348,"too_many_trials_removed"
"67d36708a7ca7a13dbc0bce1",109,400,36,35,2,"blue",4610,3353,"too_many_trials_removed"
"67d36708a7ca7a13dbc0bce1",112,400,22,26,10,"blue",4627,3356,"too_many_trials_removed"
"67d36708a7ca7a13dbc0bce1",113,600,29,28,10,"blue",4268,3357,"too_many_trials_removed"
"67d36708a7ca7a13dbc0bce1",114,500,15,9,2,"blue",2107,3358,"too_many_trials_removed"
"67d36708a7ca7a13dbc0bce1",115,400,20,13,10,"blue",4005,3359,"too_many_trials_removed"
"65a7027c88eae2b9a68ae596",22,400,22,19,2,"blue",4160,3554,"too_many_trials_removed"
"65a7027c88eae2b9a68ae596",24,600,20,18,2,"blue",4176,3556,"too_many_trials_removed"
"65a7027c88eae2b9a68ae596",25,600,21,20,20,"blue",3972,3557,"too_many_trials_removed"
"65a7027c88eae2b9a68ae596",27,600,23,28,10,"blue",3465,3559,"too_many_trials_removed"
"65a7027c88eae2b9a68ae596",30,500,35,41,20,"blue",3516,3562,"too_many_trials_removed"
"65a7027c88eae2b9a68ae596",31,500,27,28,10,"blue",3687,3563,"too_many_trials_removed"
"65a7027c88eae2b9a68ae596",35,400,33,36,10,"blue",4103,3567,"too_many_trials_removed"
"65a7027c88eae2b9a68ae596",37,600,24,16,2,"blue",3646,3569,"too_many_trials_removed"
"65a7027c88eae2b9a68ae596",38,400,19,20,20,"blue",3459,3570,"too_many_trials_removed"
"65a7027c88eae2b9a68ae596",39,500,19,14,2,"blue",3912,3571,"too_many_trials_removed"
"65a7027c88eae2b9a68ae596",41,400,32,30,2,"blue",4081,3573,"too_many_trials_removed"
"65a7027c88eae2b9a68ae596",42,400,26,22,2,"blue",3118,3574,"too_many_trials_removed"
"65a7027c88eae2b9a68ae596",43,500,32,33,10,"blue",3042,3575,"too_many_trials_removed"
"65a7027c88eae2b9a68ae596",48,500,29,37,10,"blue",3994,3580,"too_many_trials_removed"
"65a7027c88eae2b9a68ae596",50,400,18,29,10,"blue",4524,3582,"too_many_trials_removed"
"65a7027c88eae2b9a68ae596",51,600,27,33,20,"blue",4764,3583,"too_many_trials_removed"
"65a7027c88eae2b9a68ae596",53,400,24,32,20,"blue",4602,3585,"too_many_trials_removed"
"65a7027c88eae2b9a68ae596",56,500,33,31,10,"blue",4120,3588,"too_many_trials_removed"
"65a7027c88eae2b9a68ae596",57,600,28,33,10,"blue",4036,3589,"too_many_trials_removed"
"65a7027c88eae2b9a68ae596",60,400,22,14,2,"blue",3634,3592,"too_many_trials_removed"
"65a7027c88eae2b9a68ae596",61,500,22,21,2,"blue",3344,3593,"too_many_trials_removed"
"65a7027c88eae2b9a68ae596",62,500,33,39,10,"blue",2770,3594,"too_many_trials_removed"
"65a7027c88eae2b9a68ae596",63,400,30,36,20,"blue",4755,3595,"too_many_trials_removed"
"65a7027c88eae2b9a68ae596",65,600,29,23,2,"blue",3288,3597,"too_many_trials_removed"
"65a7027c88eae2b9a68ae596",66,500,17,12,2,"blue",3151,3598,"too_many_trials_removed"
"65a7027c88eae2b9a68ae596",68,500,19,19,10,"blue",3616,3600,"too_many_trials_removed"
"65a7027c88eae2b9a68ae596",70,600,24,17,2,"red",3896,3602,"too_many_trials_removed"
"65a7027c88eae2b9a68ae596",71,600,20,18,10,"red",3388,3603,"too_many_trials_removed"
"65a7027c88eae2b9a68ae596",72,500,29,21,20,"red",3136,3604,"too_many_trials_removed"
"65a7027c88eae2b9a68ae596",76,500,31,34,2,"red",4860,3608,"too_many_trials_removed"
"65a7027c88eae2b9a68ae596",78,400,36,26,2,"red",4326,3610,"too_many_trials_removed"
"65a7027c88eae2b9a68ae596",79,600,36,29,20,"red",3908,3611,"too_many_trials_removed"
"65a7027c88eae2b9a68ae596",80,600,36,30,20,"red",4303,3612,"too_many_trials_removed"
"65a7027c88eae2b9a68ae596",81,400,20,19,20,"red",4707,3613,"too_many_trials_removed"
"65a7027c88eae2b9a68ae596",83,600,27,21,20,"red",3334,3615,"too_many_trials_removed"
"65a7027c88eae2b9a68ae596",85,500,24,22,10,"red",3542,3617,"too_many_trials_removed"
"65a7027c88eae2b9a68ae596",86,500,31,31,10,"red",3554,3618,"too_many_trials_removed"
"65a7027c88eae2b9a68ae596",87,600,25,16,2,"red",3375,3619,"too_many_trials_removed"
"65a7027c88eae2b9a68ae596",88,500,19,13,2,"red",4651,3620,"too_many_trials_removed"
"65a7027c88eae2b9a68ae596",89,500,25,23,2,"red",2797,3621,"too_many_trials_removed"
"65a7027c88eae2b9a68ae596",90,400,17,16,20,"red",3215,3622,"too_many_trials_removed"
"65a7027c88eae2b9a68ae596",91,600,22,18,20,"red",3686,3623,"too_many_trials_removed"
"65a7027c88eae2b9a68ae596",92,400,29,26,20,"red",4461,3624,"too_many_trials_removed"
"65a7027c88eae2b9a68ae596",93,600,35,33,20,"red",3045,3625,"too_many_trials_removed"
"65a7027c88eae2b9a68ae596",94,600,24,21,10,"red",3583,3626,"too_many_trials_removed"
"65a7027c88eae2b9a68ae596",95,500,29,26,10,"red",3494,3627,"too_many_trials_removed"
"65a7027c88eae2b9a68ae596",96,500,21,13,10,"red",3629,3628,"too_many_trials_removed"
"65a7027c88eae2b9a68ae596",97,400,31,26,2,"red",2711,3629,"too_many_trials_removed"
"65a7027c88eae2b9a68ae596",98,600,28,29,20,"red",3784,3630,"too_many_trials_removed"
"65a7027c88eae2b9a68ae596",99,500,16,9,2,"red",2672,3631,"too_many_trials_removed"
"65a7027c88eae2b9a68ae596",100,500,28,24,10,"red",4514,3632,"too_many_trials_removed"
"65a7027c88eae2b9a68ae596",103,400,29,29,10,"red",2959,3635,"too_many_trials_removed"
"65a7027c88eae2b9a68ae596",105,600,18,14,20,"red",2102,3637,"too_many_trials_removed"
"65a7027c88eae2b9a68ae596",106,600,30,27,20,"red",2173,3638,"too_many_trials_removed"
"65a7027c88eae2b9a68ae596",107,400,26,21,10,"red",4723,3639,"too_many_trials_removed"
"65a7027c88eae2b9a68ae596",108,400,28,34,10,"red",3056,3640,"too_many_trials_removed"
"65a7027c88eae2b9a68ae596",109,400,16,17,2,"red",2520,3641,"too_many_trials_removed"
"65a7027c88eae2b9a68ae596",110,400,33,20,2,"red",4307,3642,"too_many_trials_removed"
"65a7027c88eae2b9a68ae596",111,400,17,18,10,"red",3910,3643,"too_many_trials_removed"
"65a7027c88eae2b9a68ae596",112,500,33,30,10,"red",3433,3644,"too_many_trials_removed"
"65a7027c88eae2b9a68ae596",113,400,32,22,20,"red",3717,3645,"too_many_trials_removed"
"65a7027c88eae2b9a68ae596",114,400,21,25,10,"red",3911,3646,"too_many_trials_removed"
"65a7027c88eae2b9a68ae596",115,600,27,23,10,"red",2511,3647,"too_many_trials_removed"
"65a7027c88eae2b9a68ae596",116,600,23,15,2,"red",3492,3648,"too_many_trials_removed"
"67cd9cf6fcf63b6ab8f21390",21,400,27,18,10,"red",2086,3841,"too_many_trials_removed"
"67cd9cf6fcf63b6ab8f21390",22,400,28,22,2,"red",4181,3842,"too_many_trials_removed"
"67cd9cf6fcf63b6ab8f21390",23,600,32,40,2,"red",3529,3843,"too_many_trials_removed"
"67cd9cf6fcf63b6ab8f21390",24,500,14,2,2,"red",4771,3844,"too_many_trials_removed"
"67cd9cf6fcf63b6ab8f21390",27,600,16,26,10,"red",4897,3847,"too_many_trials_removed"
"67cd9cf6fcf63b6ab8f21390",32,400,15,0,10,"red",2462,3852,"too_many_trials_removed"
"67cd9cf6fcf63b6ab8f21390",35,500,33,29,10,"red",4057,3855,"too_many_trials_removed"
"67cd9cf6fcf63b6ab8f21390",36,400,27,26,2,"red",4909,3856,"too_many_trials_removed"
"67cd9cf6fcf63b6ab8f21390",40,500,19,23,20,"red",3596,3860,"too_many_trials_removed"
"67cd9cf6fcf63b6ab8f21390",41,400,29,27,20,"red",4994,3861,"too_many_trials_removed"
"67cd9cf6fcf63b6ab8f21390",44,600,21,11,10,"red",3137,3864,"too_many_trials_removed"
"67cd9cf6fcf63b6ab8f21390",47,400,29,0,2,"red",1278,3867,"too_many_trials_removed"
"67cd9cf6fcf63b6ab8f21390",49,600,35,28,20,"red",1972,3869,"too_many_trials_removed"
"67cd9cf6fcf63b6ab8f21390",50,400,31,29,10,"red",2170,3870,"too_many_trials_removed"
"67cd9cf6fcf63b6ab8f21390",51,500,34,31,20,"red",2524,3871,"too_many_trials_removed"
"67cd9cf6fcf63b6ab8f21390",52,500,34,32,2,"red",2179,3872,"too_many_trials_removed"
"67cd9cf6fcf63b6ab8f21390",53,400,31,21,20,"red",2182,3873,"too_many_trials_removed"
"67cd9cf6fcf63b6ab8f21390",54,500,19,27,10,"red",1989,3874,"too_many_trials_removed"
"67cd9cf6fcf63b6ab8f21390",55,400,16,13,2,"red",2241,3875,"too_many_trials_removed"
"67cd9cf6fcf63b6ab8f21390",56,500,35,22,20,"red",2679,3876,"too_many_trials_removed"
"67cd9cf6fcf63b6ab8f21390",57,400,28,21,2,"red",3376,3877,"too_many_trials_removed"
"67cd9cf6fcf63b6ab8f21390",58,600,35,30,10,"red",2732,3878,"too_many_trials_removed"
"67cd9cf6fcf63b6ab8f21390",59,400,20,32,10,"red",2634,3879,"too_many_trials_removed"
"67cd9cf6fcf63b6ab8f21390",60,600,35,41,20,"red",2925,3880,"too_many_trials_removed"
"67cd9cf6fcf63b6ab8f21390",61,400,26,24,10,"red",2550,3881,"too_many_trials_removed"
"67cd9cf6fcf63b6ab8f21390",62,400,33,22,2,"red",4341,3882,"too_many_trials_removed"
"67cd9cf6fcf63b6ab8f21390",63,500,28,21,20,"red",3141,3883,"too_many_trials_removed"
"67cd9cf6fcf63b6ab8f21390",64,600,23,15,10,"red",1788,3884,"too_many_trials_removed"
"67cd9cf6fcf63b6ab8f21390",65,500,26,19,10,"red",2502,3885,"too_many_trials_removed"
"67cd9cf6fcf63b6ab8f21390",66,400,35,24,20,"red",3293,3886,"too_many_trials_removed"
"67cd9cf6fcf63b6ab8f21390",67,400,30,25,20,"red",2453,3887,"too_many_trials_removed"
"67cd9cf6fcf63b6ab8f21390",70,500,31,27,10,"blue",3404,3890,"too_many_trials_removed"
"67cd9cf6fcf63b6ab8f21390",71,400,26,21,2,"blue",3296,3891,"too_many_trials_removed"
"67cd9cf6fcf63b6ab8f21390",72,600,24,28,20,"blue",3484,3892,"too_many_trials_removed"
"67cd9cf6fcf63b6ab8f21390",74,400,21,16,2,"blue",3745,3894,"too_many_trials_removed"
"67cd9cf6fcf63b6ab8f21390",76,500,21,14,10,"blue",4691,3896,"too_many_trials_removed"
"67cd9cf6fcf63b6ab8f21390",77,400,29,11,2,"blue",2470,3897,"too_many_trials_removed"
"67cd9cf6fcf63b6ab8f21390",78,500,23,18,20,"blue",4268,3898,"too_many_trials_removed"
"67cd9cf6fcf63b6ab8f21390",82,500,27,22,20,"blue",3556,3902,"too_many_trials_removed"
"67cd9cf6fcf63b6ab8f21390",83,600,18,16,20,"blue",4042,3903,"too_many_trials_removed"
"67cd9cf6fcf63b6ab8f21390",84,500,18,26,10,"blue",3187,3904,"too_many_trials_removed"
"67cd9cf6fcf63b6ab8f21390",86,500,32,20,20,"blue",2811,3906,"too_many_trials_removed"
"67cd9cf6fcf63b6ab8f21390",87,600,15,20,2,"blue",2620,3907,"too_many_trials_removed"
"67cd9cf6fcf63b6ab8f21390",90,400,31,12,10,"blue",4502,3910,"too_many_trials_removed"
"67cd9cf6fcf63b6ab8f21390",94,600,34,27,10,"blue",4671,3914,"too_many_trials_removed"
"67cd9cf6fcf63b6ab8f21390",95,600,36,30,2,"blue",2917,3915,"too_many_trials_removed"
"67cd9cf6fcf63b6ab8f21390",99,400,25,28,20,"blue",3704,3919,"too_many_trials_removed"
"67cd9cf6fcf63b6ab8f21390",100,500,23,17,20,"blue",2104,3920,"too_many_trials_removed"
"67cd9cf6fcf63b6ab8f21390",107,400,33,18,10,"blue",2329,3927,"too_many_trials_removed"
"67cd9cf6fcf63b6ab8f21390",108,500,26,11,2,"blue",2218,3928,"too_many_trials_removed"
"67cd9cf6fcf63b6ab8f21390",111,400,31,22,10,"blue",4912,3931,"too_many_trials_removed"
"67cd9cf6fcf63b6ab8f21390",112,500,18,3,10,"blue",4142,3932,"too_many_trials_removed"
"67cd9cf6fcf63b6ab8f21390",113,600,34,9,10,"blue",4310,3933,"too_many_trials_removed"
"67cd9cf6fcf63b6ab8f21390",115,500,34,35,10,"blue",3375,3935,"too_many_trials_removed"
"67cd9cf6fcf63b6ab8f21390",21,500,14,25,20,"red",1886,4033,"too_many_trials_removed"
"67cd9cf6fcf63b6ab8f21390",22,500,22,24,2,"red",2689,4034,"too_many_trials_removed"
"67cd9cf6fcf63b6ab8f21390",23,500,20,22,10,"red",2396,4035,"too_many_trials_removed"
"67cd9cf6fcf63b6ab8f21390",24,400,31,23,20,"red",1734,4036,"too_many_trials_removed"
"67cd9cf6fcf63b6ab8f21390",25,600,19,26,10,"red",1798,4037,"too_many_trials_removed"
"67cd9cf6fcf63b6ab8f21390",26,500,17,21,10,"red",1857,4038,"too_many_trials_removed"
"67cd9cf6fcf63b6ab8f21390",27,500,19,15,2,"red",1604,4039,"too_many_trials_removed"
"67cd9cf6fcf63b6ab8f21390",28,400,24,19,10,"red",2149,4040,"too_many_trials_removed"
"67cd9cf6fcf63b6ab8f21390",29,400,17,22,10,"red",1918,4041,"too_many_trials_removed"
"67cd9cf6fcf63b6ab8f21390",30,600,16,23,2,"red",3142,4042,"too_many_trials_removed"
"67cd9cf6fcf63b6ab8f21390",31,500,35,24,10,"red",3066,4043,"too_many_trials_removed"
"67cd9cf6fcf63b6ab8f21390",32,500,20,24,20,"red",2936,4044,"too_many_trials_removed"
"67cd9cf6fcf63b6ab8f21390",33,500,27,25,2,"red",2266,4045,"too_many_trials_removed"
"67cd9cf6fcf63b6ab8f21390",34,400,17,20,2,"red",1808,4046,"too_many_trials_removed"
"67cd9cf6fcf63b6ab8f21390",35,500,35,30,20,"red",2573,4047,"too_many_trials_removed"
"67cd9cf6fcf63b6ab8f21390",36,600,25,22,10,"red",2645,4048,"too_many_trials_removed"
"67cd9cf6fcf63b6ab8f21390",37,500,36,26,20,"red",2002,4049,"too_many_trials_removed"
"67cd9cf6fcf63b6ab8f21390",38,400,29,32,2,"red",1723,4050,"too_many_trials_removed"
"67cd9cf6fcf63b6ab8f21390",39,400,26,23,20,"red",1928,4051,"too_many_trials_removed"
"67cd9cf6fcf63b6ab8f21390",40,400,15,8,2,"red",2117,4052,"too_many_trials_removed"
"67cd9cf6fcf63b6ab8f21390",41,400,27,23,20,"red",2152,4053,"too_many_trials_removed"
"67cd9cf6fcf63b6ab8f21390",42,500,30,31,10,"red",2634,4054,"too_many_trials_removed"
"67cd9cf6fcf63b6ab8f21390",44,600,31,19,10,"red",1632,4056,"too_many_trials_removed"
"67cd9cf6fcf63b6ab8f21390",45,400,21,24,2,"red",1887,4057,"too_many_trials_removed"
"67cd9cf6fcf63b6ab8f21390",46,400,15,24,20,"red",2380,4058,"too_many_trials_removed"
"67cd9cf6fcf63b6ab8f21390",47,600,30,22,20,"red",2195,4059,"too_many_trials_removed"
"67cd9cf6fcf63b6ab8f21390",48,500,14,20,10,"red",1940,4060,"too_many_trials_removed"
"67cd9cf6fcf63b6ab8f21390",49,600,19,22,20,"red",2245,4061,"too_many_trials_removed"
"67cd9cf6fcf63b6ab8f21390",50,500,28,18,20,"red",2698,4062,"too_many_trials_removed"
"67cd9cf6fcf63b6ab8f21390",51,500,21,18,20,"red",2266,4063,"too_many_trials_removed"
"67cd9cf6fcf63b6ab8f21390",52,500,28,20,10,"red",2887,4064,"too_many_trials_removed"
"67cd9cf6fcf63b6ab8f21390",53,400,23,26,2,"red",2591,4065,"too_many_trials_removed"
"67cd9cf6fcf63b6ab8f21390",55,400,34,23,20,"red",3118,4067,"too_many_trials_removed"
"67cd9cf6fcf63b6ab8f21390",56,600,32,24,10,"red",2095,4068,"too_many_trials_removed"
"67cd9cf6fcf63b6ab8f21390",57,400,31,25,2,"red",1751,4069,"too_many_trials_removed"
"67cd9cf6fcf63b6ab8f21390",58,500,33,31,10,"red",2355,4070,"too_many_trials_removed"
"67cd9cf6fcf63b6ab8f21390",59,400,32,29,2,"red",3439,4071,"too_many_trials_removed"
"67cd9cf6fcf63b6ab8f21390",60,600,27,26,20,"red",1767,4072,"too_many_trials_removed"
"67cd9cf6fcf63b6ab8f21390",61,500,34,31,2,"red",1749,4073,"too_many_trials_removed"
"67cd9cf6fcf63b6ab8f21390",62,500,28,26,20,"red",2350,4074,"too_many_trials_removed"
"67cd9cf6fcf63b6ab8f21390",63,400,24,27,2,"red",1562,4075,"too_many_trials_removed"
"67cd9cf6fcf63b6ab8f21390",64,500,28,25,10,"red",1954,4076,"too_many_trials_removed"
"67cd9cf6fcf63b6ab8f21390",65,600,33,21,2,"red",2248,4077,"too_many_trials_removed"
"67cd9cf6fcf63b6ab8f21390",66,600,15,16,2,"red",2143,4078,"too_many_trials_removed"
"67cd9cf6fcf63b6ab8f21390",67,500,35,24,2,"red",1763,4079,"too_many_trials_removed"
"67cd9cf6fcf63b6ab8f21390",68,500,34,24,10,"red",1819,4080,"too_many_trials_removed"
"67cd9cf6fcf63b6ab8f21390",69,600,24,22,10,"blue",2670,4081,"too_many_trials_removed"
"67cd9cf6fcf63b6ab8f21390",70,600,25,19,20,"blue",1565,4082,"too_many_trials_removed"
"67cd9cf6fcf63b6ab8f21390",71,400,32,29,2,"blue",3248,4083,"too_many_trials_removed"
"67cd9cf6fcf63b6ab8f21390",72,500,27,28,20,"blue",2165,4084,"too_many_trials_removed"
"67cd9cf6fcf63b6ab8f21390",74,600,20,24,2,"blue",2208,4086,"too_many_trials_removed"
"67cd9cf6fcf63b6ab8f21390",75,500,35,25,2,"blue",3448,4087,"too_many_trials_removed"
"67cd9cf6fcf63b6ab8f21390",76,600,23,25,20,"blue",4871,4088,"too_many_trials_removed"
"67cd9cf6fcf63b6ab8f21390",77,500,31,25,10,"blue",3411,4089,"too_many_trials_removed"
"67cd9cf6fcf63b6ab8f21390",78,400,30,24,2,"blue",2631,4090,"too_many_trials_removed"
"67cd9cf6fcf63b6ab8f21390",79,400,23,27,10,"blue",3319,4091,"too_many_trials_removed"
"67cd9cf6fcf63b6ab8f21390",80,500,33,29,2,"blue",3507,4092,"too_many_trials_removed"
"67cd9cf6fcf63b6ab8f21390",81,600,24,29,20,"blue",4422,4093,"too_many_trials_removed"
"67cd9cf6fcf63b6ab8f21390",83,400,15,30,20,"blue",2190,4095,"too_many_trials_removed"
"67cd9cf6fcf63b6ab8f21390",84,400,36,27,10,"blue",2430,4096,"too_many_trials_removed"
"67cd9cf6fcf63b6ab8f21390",85,500,34,35,20,"blue",3002,4097,"too_many_trials_removed"
"67cd9cf6fcf63b6ab8f21390",86,500,20,33,10,"blue",2386,4098,"too_many_trials_removed"
"67cd9cf6fcf63b6ab8f21390",88,400,28,34,20,"blue",2839,4100,"too_many_trials_removed"
"67cd9cf6fcf63b6ab8f21390",89,600,20,21,10,"blue",4269,4101,"too_many_trials_removed"
"67cd9cf6fcf63b6ab8f21390",90,500,26,23,10,"blue",3566,4102,"too_many_trials_removed"
"67cd9cf6fcf63b6ab8f21390",91,400,34,23,10,"blue",2214,4103,"too_many_trials_removed"
"67cd9cf6fcf63b6ab8f21390",92,500,16,27,20,"blue",2867,4104,"too_many_trials_removed"
"67cd9cf6fcf63b6ab8f21390",93,500,35,29,20,"blue",2069,4105,"too_many_trials_removed"
"67cd9cf6fcf63b6ab8f21390",94,500,36,30,10,"blue",1947,4106,"too_many_trials_removed"
"67cd9cf6fcf63b6ab8f21390",96,400,24,23,20,"blue",3918,4108,"too_many_trials_removed"
"67cd9cf6fcf63b6ab8f21390",97,600,15,9,10,"blue",2398,4109,"too_many_trials_removed"
"67cd9cf6fcf63b6ab8f21390",98,500,14,17,10,"blue",1627,4110,"too_many_trials_removed"
"67cd9cf6fcf63b6ab8f21390",99,600,25,26,20,"blue",1549,4111,"too_many_trials_removed"
"67cd9cf6fcf63b6ab8f21390",100,600,30,22,20,"blue",1783,4112,"too_many_trials_removed"
"67cd9cf6fcf63b6ab8f21390",101,500,19,22,20,"blue",1652,4113,"too_many_trials_removed"
"67cd9cf6fcf63b6ab8f21390",102,600,32,24,2,"blue",1823,4114,"too_many_trials_removed"
"67cd9cf6fcf63b6ab8f21390",103,600,26,25,10,"blue",1943,4115,"too_many_trials_removed"
"67cd9cf6fcf63b6ab8f21390",104,400,23,23,10,"blue",1726,4116,"too_many_trials_removed"
"67cd9cf6fcf63b6ab8f21390",105,600,28,23,2,"blue",1423,4117,"too_many_trials_removed"
"67cd9cf6fcf63b6ab8f21390",106,600,32,28,20,"blue",1936,4118,"too_many_trials_removed"
"67cd9cf6fcf63b6ab8f21390",107,500,28,23,2,"blue",1575,4119,"too_many_trials_removed"
"67cd9cf6fcf63b6ab8f21390",108,400,15,16,2,"blue",1549,4120,"too_many_trials_removed"
"67cd9cf6fcf63b6ab8f21390",109,600,19,20,2,"blue",1447,4121,"too_many_trials_removed"
"67cd9cf6fcf63b6ab8f21390",110,600,33,22,10,"blue",1608,4122,"too_many_trials_removed"
"67cd9cf6fcf63b6ab8f21390",111,500,32,20,2,"blue",1746,4123,"too_many_trials_removed"
"67cd9cf6fcf63b6ab8f21390",112,400,36,24,2,"blue",1569,4124,"too_many_trials_removed"
"67cd9cf6fcf63b6ab8f21390",114,400,27,21,20,"blue",1768,4126,"too_many_trials_removed"
"67cd9cf6fcf63b6ab8f21390",115,500,30,26,20,"blue",2420,4127,"too_many_trials_removed"
"67cd9cf6fcf63b6ab8f21390",116,600,25,22,2,"blue",3430,4128,"too_many_trials_removed"
"682a50d2769e21e578e1c3d4",21,600,14,16,20,"blue",2056,3937,"low_corr"
"682a50d2769e21e578e1c3d4",22,400,21,14,10,"blue",1706,3938,"low_corr"
"682a50d2769e21e578e1c3d4",24,400,32,20,20,"blue",2449,3940,"low_corr"
"682a50d2769e21e578e1c3d4",25,600,25,19,2,"blue",1722,3941,"low_corr"
"682a50d2769e21e578e1c3d4",26,600,33,30,10,"blue",2192,3942,"low_corr"
"682a50d2769e21e578e1c3d4",28,500,23,23,10,"blue",2559,3944,"low_corr"
"682a50d2769e21e578e1c3d4",29,400,33,21,10,"blue",2317,3945,"low_corr"
"682a50d2769e21e578e1c3d4",30,500,17,20,20,"blue",2223,3946,"low_corr"
"682a50d2769e21e578e1c3d4",31,600,26,15,20,"blue",2488,3947,"low_corr"
"682a50d2769e21e578e1c3d4",32,600,20,18,10,"blue",2118,3948,"low_corr"
"682a50d2769e21e578e1c3d4",33,400,26,14,10,"blue",2052,3949,"low_corr"
"682a50d2769e21e578e1c3d4",34,600,31,17,2,"blue",1700,3950,"low_corr"
"682a50d2769e21e578e1c3d4",35,600,14,13,2,"blue",2733,3951,"low_corr"
"682a50d2769e21e578e1c3d4",36,600,36,24,2,"blue",2721,3952,"low_corr"
"682a50d2769e21e578e1c3d4",37,400,29,21,20,"blue",2327,3953,"low_corr"
"682a50d2769e21e578e1c3d4",38,400,27,14,2,"blue",3356,3954,"low_corr"
"682a50d2769e21e578e1c3d4",40,400,26,22,2,"blue",1642,3956,"low_corr"
"682a50d2769e21e578e1c3d4",41,600,27,13,10,"blue",2266,3957,"low_corr"
"682a50d2769e21e578e1c3d4",42,600,33,20,20,"blue",2906,3958,"low_corr"
"682a50d2769e21e578e1c3d4",43,400,23,18,20,"blue",1531,3959,"low_corr"
"682a50d2769e21e578e1c3d4",44,600,29,7,2,"blue",1715,3960,"low_corr"
"682a50d2769e21e578e1c3d4",45,400,16,5,2,"blue",2221,3961,"low_corr"
"682a50d2769e21e578e1c3d4",46,400,25,18,2,"blue",2509,3962,"low_corr"
"682a50d2769e21e578e1c3d4",47,600,17,31,10,"blue",1971,3963,"low_corr"
"682a50d2769e21e578e1c3d4",48,600,20,26,10,"blue",2401,3964,"low_corr"
"682a50d2769e21e578e1c3d4",49,600,35,27,10,"blue",2697,3965,"low_corr"
"682a50d2769e21e578e1c3d4",50,600,23,25,2,"blue",1846,3966,"low_corr"
"682a50d2769e21e578e1c3d4",51,600,21,30,20,"blue",2341,3967,"low_corr"
"682a50d2769e21e578e1c3d4",53,600,22,38,20,"blue",2302,3969,"low_corr"
"682a50d2769e21e578e1c3d4",54,600,26,30,10,"blue",2850,3970,"low_corr"
"682a50d2769e21e578e1c3d4",55,400,24,31,2,"blue",2057,3971,"low_corr"
"682a50d2769e21e578e1c3d4",56,600,19,33,2,"blue",2093,3972,"low_corr"
"682a50d2769e21e578e1c3d4",57,600,18,27,20,"blue",2270,3973,"low_corr"
"682a50d2769e21e578e1c3d4",58,400,26,22,10,"blue",2961,3974,"low_corr"
"682a50d2769e21e578e1c3d4",59,500,19,6,2,"blue",1680,3975,"low_corr"
"682a50d2769e21e578e1c3d4",60,500,21,16,20,"blue",1957,3976,"low_corr"
"682a50d2769e21e578e1c3d4",61,600,35,19,2,"blue",1538,3977,"low_corr"
"682a50d2769e21e578e1c3d4",62,400,33,24,20,"blue",2145,3978,"low_corr"
"682a50d2769e21e578e1c3d4",63,400,17,18,20,"blue",1815,3979,"low_corr"
"682a50d2769e21e578e1c3d4",64,500,24,21,2,"blue",1936,3980,"low_corr"
"682a50d2769e21e578e1c3d4",65,600,34,17,10,"blue",2302,3981,"low_corr"
"682a50d2769e21e578e1c3d4",66,600,26,22,10,"blue",2295,3982,"low_corr"
"682a50d2769e21e578e1c3d4",67,400,15,13,2,"blue",2366,3983,"low_corr"
"682a50d2769e21e578e1c3d4",68,600,19,16,20,"blue",2099,3984,"low_corr"
"682a50d2769e21e578e1c3d4",69,400,16,14,10,"red",1888,3985,"low_corr"
"682a50d2769e21e578e1c3d4",70,500,29,20,2,"red",2283,3986,"low_corr"
"682a50d2769e21e578e1c3d4",71,500,21,14,20,"red",1631,3987,"low_corr"
"682a50d2769e21e578e1c3d4",72,400,32,21,10,"red",1764,3988,"low_corr"
"682a50d2769e21e578e1c3d4",73,600,21,17,2,"red",1832,3989,"low_corr"
"682a50d2769e21e578e1c3d4",74,500,23,39,20,"red",1501,3990,"low_corr"
"682a50d2769e21e578e1c3d4",75,600,27,8,2,"red",1588,3991,"low_corr"
"682a50d2769e21e578e1c3d4",76,600,34,23,10,"red",1904,3992,"low_corr"
"682a50d2769e21e578e1c3d4",77,400,36,6,2,"red",1813,3993,"low_corr"
"682a50d2769e21e578e1c3d4",78,400,25,24,10,"red",2059,3994,"low_corr"
"682a50d2769e21e578e1c3d4",80,600,35,16,2,"red",1622,3996,"low_corr"
"682a50d2769e21e578e1c3d4",81,500,36,48,20,"red",1666,3997,"low_corr"
"682a50d2769e21e578e1c3d4",82,600,26,21,20,"red",2222,3998,"low_corr"
"682a50d2769e21e578e1c3d4",83,600,26,23,20,"red",1369,3999,"low_corr"
"682a50d2769e21e578e1c3d4",84,600,24,7,10,"red",1696,4000,"low_corr"
"682a50d2769e21e578e1c3d4",85,600,25,34,10,"red",1842,4001,"low_corr"
"682a50d2769e21e578e1c3d4",86,400,31,25,20,"red",1837,4002,"low_corr"
"682a50d2769e21e578e1c3d4",87,500,20,33,10,"red",2169,4003,"low_corr"
"682a50d2769e21e578e1c3d4",88,600,16,27,10,"red",1957,4004,"low_corr"
"682a50d2769e21e578e1c3d4",89,600,24,38,20,"red",1967,4005,"low_corr"
"682a50d2769e21e578e1c3d4",90,400,32,38,20,"red",1750,4006,"low_corr"
"682a50d2769e21e578e1c3d4",91,500,29,27,2,"red",1666,4007,"low_corr"
"682a50d2769e21e578e1c3d4",92,600,23,20,10,"red",1968,4008,"low_corr"
"682a50d2769e21e578e1c3d4",93,600,16,13,20,"red",3013,4009,"low_corr"
"682a50d2769e21e578e1c3d4",94,400,19,23,2,"red",1767,4010,"low_corr"
"682a50d2769e21e578e1c3d4",95,600,14,8,2,"red",1715,4011,"low_corr"
"682a50d2769e21e578e1c3d4",96,500,28,22,20,"red",2997,4012,"low_corr"
"682a50d2769e21e578e1c3d4",97,600,27,31,20,"red",1485,4013,"low_corr"
"682a50d2769e21e578e1c3d4",98,500,20,21,10,"red",2992,4014,"low_corr"
"682a50d2769e21e578e1c3d4",99,500,23,7,2,"red",2245,4015,"low_corr"
"682a50d2769e21e578e1c3d4",100,600,16,9,10,"red",2389,4016,"low_corr"
"682a50d2769e21e578e1c3d4",101,400,30,15,10,"red",1471,4017,"low_corr"
"682a50d2769e21e578e1c3d4",102,400,30,14,2,"red",3126,4018,"low_corr"
"682a50d2769e21e578e1c3d4",103,500,31,22,10,"red",2422,4019,"low_corr"
"682a50d2769e21e578e1c3d4",104,500,18,17,2,"red",1756,4020,"low_corr"
"682a50d2769e21e578e1c3d4",105,400,25,19,10,"red",2746,4021,"low_corr"
"682a50d2769e21e578e1c3d4",106,500,32,15,20,"red",3181,4022,"low_corr"
"682a50d2769e21e578e1c3d4",107,400,26,20,2,"red",1976,4023,"low_corr"
"682a50d2769e21e578e1c3d4",108,400,25,12,20,"red",2253,4024,"low_corr"
"682a50d2769e21e578e1c3d4",109,500,34,13,2,"red",2651,4025,"low_corr"
"682a50d2769e21e578e1c3d4",110,400,17,14,20,"red",1905,4026,"low_corr"
"682a50d2769e21e578e1c3d4",111,600,15,21,10,"red",3313,4027,"low_corr"
"682a50d2769e21e578e1c3d4",112,500,26,16,2,"red",1687,4028,"low_corr"
"682a50d2769e21e578e1c3d4",113,400,23,25,20,"red",2138,4029,"low_corr"
"682a50d2769e21e578e1c3d4",114,600,24,29,10,"red",3054,4030,"low_corr"
"682a50d2769e21e578e1c3d4",115,400,23,32,2,"red",1318,4031,"low_corr"
"682a50d2769e21e578e1c3d4",116,600,32,18,2,"red",2191,4032,"low_corr"
