"experiment","group","level","n_trials","mean_item_sd","r","sd_objective","sd_report","sd_ratio","slope","split_from","split_to","log_change_slope","log_change_from_r","log_change_from_sd_ratio","share_from_r","share_from_sd_ratio","paired_n","paired_p_r","paired_p_sd_ratio"
"exp2_batch2","all",2,3196,4,0.775559176260275,6.55923814349364,7.52262381817291,1.14687462988897,0.8894691432305,"2","20",-0.0762148082144628,-0.0483404375903979,-0.0278743706240651,0.634265685670578,0.365734314329424,104,0.0006202019973813,0.056591264483844
"exp2_batch2","all",10,3214,5.9464274989274,0.715121949266562,6.59438268777802,6.90971309082514,1.0478180321005,0.74931767359236,"2","20",-0.0762148082144628,-0.0483404375903979,-0.0278743706240651,0.634265685670578,0.365734314329424,104,0.0006202019973813,0.056591264483844
"exp2_batch2","all",20,3199,5.5,0.738960042168745,6.57104537979048,7.32900008752971,1.11534765991274,0.824197353801928,"2","20",-0.0762148082144628,-0.0483404375903979,-0.0278743706240651,0.634265685670578,0.365734314329424,104,0.0006202019973813,0.056591264483844
"exp2_batch2","average",2,1746,4,0.778538928468087,6.64472584972506,7.05910728528248,1.06236245782429,0.827090529559242,"2","20",-0.0856402399080516,-0.0531274000758215,-0.0325128398322301,0.620355572717477,0.379644427282522,57,0.00158233453326299,0.072359014452921
"exp2_batch2","average",10,1762,5.9464274989274,0.706912105142836,6.57306824171441,6.40131453616908,0.97387008635399,0.688440552880135,"2","20",-0.0856402399080516,-0.0531274000758215,-0.0325128398322301,0.620355572717477,0.379644427282522,57,0.00158233453326299,0.072359014452921
"exp2_batch2","average",20,1758,5.5,0.738256698747628,6.65226610192504,6.84104081484713,1.02837750475247,0.759206581724883,"2","20",-0.0856402399080516,-0.0531274000758215,-0.0325128398322301,0.620355572717477,0.379644427282522,57,0.00158233453326299,0.072359014452921
"exp2_batch2","experience",2,1450,4,0.777646822907001,6.45502261020233,8.0325548764521,1.24438834091091,0.967694639771884,"2","20",-0.0635800751493568,-0.0419080875498931,-0.0216719875994637,0.659138691664744,0.340861308335256,47,0.0989558731222583,0.420200263359433
"exp2_batch2","experience",10,1452,5.9464274989274,0.727352360775773,6.61990852277882,7.47841538592007,1.12968560822059,0.821679494073662,"2","20",-0.0635800751493568,-0.0419080875498931,-0.0216719875994637,0.659138691664744,0.340861308335256,47,0.0989558731222583,0.420200263359433
"exp2_batch2","experience",20,1441,5.5,0.745730577218366,6.47284727140595,7.88205150863715,1.21771010162041,0.908083656966025,"2","20",-0.0635800751493568,-0.0419080875498931,-0.0216719875994637,0.659138691664744,0.340861308335256,47,0.0989558731222583,0.420200263359433
