"participant_id","condition","array_length","n_sides","n_low","n_high","inward_low","inward_high","inward"
"experience.55ecd6ff748092000daa9f5f","experience","2",2,8,7,-3,5.28571428571429,1.14285714285714
"experience.55ecd6ff748092000daa9f5f","experience","10",2,12,10,-0.699999999999999,3,1.15
"experience.55ecd6ff748092000daa9f5f","experience","20",2,8,11,-1.625,2.77272727272727,0.573863636363636
"experience.56b53292a9d33a000c8981a6","experience","2",2,9,7,-0.111111111111111,5.57142857142857,2.73015873015873
"experience.56b53292a9d33a000c8981a6","experience","10",2,11,7,3.8,2.05714285714286,2.92857142857143
"experience.56b53292a9d33a000c8981a6","experience","20",2,11,6,1.59090909090909,0.833333333333333,1.21212121212121
"experience.59205f5005b0ce000123c6e6","experience","2",2,6,7,-1.83333333333333,0,-0.916666666666667
"experience.59205f5005b0ce000123c6e6","experience","10",2,9,11,-3.86666666666667,4.10909090909091,0.121212121212122
"experience.59205f5005b0ce000123c6e6","experience","20",2,10,9,-1.7,2.5,0.4
"experience.5b6db9e0580154000153cc64","experience","2",2,5,8,4.2,2,3.1
"experience.5b6db9e0580154000153cc64","experience","10",2,9,5,4.57777777777778,-0.399999999999997,2.08888888888889
"experience.5b6db9e0580154000153cc64","experience","20",2,12,6,4,-3.5,0.25
"experience.5d6b2515783298001a763157","experience","2",2,6,8,-1.66666666666667,2.625,0.479166666666667
"experience.5d6b2515783298001a763157","experience","10",2,10,11,5.32907051820075e-16,1.56363636363637,0.781818181818183
"experience.5d6b2515783298001a763157","experience","20",2,12,9,-0.916666666666667,1.72222222222222,0.402777777777778
"experience.5e03e20e4cac68ec33187d80","experience","2",2,11,11,-0.090909090909091,0.818181818181818,0.363636363636364
"experience.5e03e20e4cac68ec33187d80","experience","10",2,9,10,2.35555555555556,1.5,1.92777777777778
"experience.5e03e20e4cac68ec33187d80","experience","20",2,8,8,2.875,0,1.4375
"experience.5e076480c4e1550e2114f006","experience","2",2,4,9,-1,1.22222222222222,0.111111111111111
"experience.5e076480c4e1550e2114f006","experience","10",2,7,11,1.37142857142857,2.2,1.78571428571429
"experience.5e076480c4e1550e2114f006","experience","20",2,13,6,0.884615384615384,0.833333333333333,0.858974358974359
"experience.5e3adfc595ff562fbdd130fa","experience","2",2,9,10,-2.22222222222222,3.9,0.838888888888889
"experience.5e3adfc595ff562fbdd130fa","experience","10",2,5,10,-0.399999999999999,5.7,2.65
"experience.5e3adfc595ff562fbdd130fa","experience","20",2,10,6,0.1,4,2.05
"experience.5e437d7404eaba215eafbd2a","experience","2",2,7,9,1.85714285714286,1.77777777777778,1.81746031746032
"experience.5e437d7404eaba215eafbd2a","experience","10",2,7,11,0.942857142857144,-0.890909090909088,0.0259740259740277
"experience.5e437d7404eaba215eafbd2a","experience","20",2,11,2,3.77272727272727,0,1.88636363636364
"experience.5f4813c94e8b081877fb26a6","experience","2",2,8,5,0,-5.8,-2.9
"experience.5f4813c94e8b081877fb26a6","experience","10",2,10,9,1.5,-5.46666666666667,-1.98333333333333
"experience.5f4813c94e8b081877fb26a6","experience","20",2,8,7,-2,-5.64285714285714,-3.82142857142857
"experience.5ff07b5ee7a1d23e719e421e","experience","2",2,10,8,2.1,2.875,2.4875
"experience.5ff07b5ee7a1d23e719e421e","experience","10",2,8,13,8.175,-1.95384615384615,3.11057692307692
"experience.5ff07b5ee7a1d23e719e421e","experience","20",2,15,7,8.96666666666667,2.78571428571429,5.87619047619048
"experience.603006ea5f6c24dfc908f835","experience","2",2,10,10,-1,0.7,-0.15
"experience.603006ea5f6c24dfc908f835","experience","10",2,9,8,3.68888888888889,-1.55,1.06944444444445
"experience.603006ea5f6c24dfc908f835","experience","20",2,8,4,5.375,-4.25,0.5625
"experience.607668ac450fc6e3025a131d","experience","2",2,8,8,-2.875,4.875,1
"experience.607668ac450fc6e3025a131d","experience","10",2,8,8,2.425,4.075,3.25
"experience.607668ac450fc6e3025a131d","experience","20",2,17,4,2.67647058823529,3.5,3.08823529411765
"experience.609551c1ade88f8463666fb8","experience","2",2,3,9,3.33333333333333,0.333333333333333,1.83333333333333
"experience.609551c1ade88f8463666fb8","experience","10",2,12,9,2.46666666666667,0.200000000000001,1.33333333333333
"experience.609551c1ade88f8463666fb8","experience","20",2,9,8,1.16666666666667,-2.625,-0.729166666666667
"experience.61bb392e40db417c1a138dcb","experience","2",2,12,7,0.916666666666667,-6.57142857142857,-2.82738095238095
"experience.61bb392e40db417c1a138dcb","experience","10",2,10,6,6.7,-7.13333333333333,-0.216666666666665
"experience.61bb392e40db417c1a138dcb","experience","20",2,11,8,2.59090909090909,-4.75,-1.07954545454545
"experience.622a42c21de0c55ba18a2acb","experience","2",2,8,11,0.875,4.09090909090909,2.48295454545455
"experience.622a42c21de0c55ba18a2acb","experience","10",2,18,4,2.91111111111111,0.450000000000002,1.68055555555556
"experience.622a42c21de0c55ba18a2acb","experience","20",2,14,6,2.92857142857143,1.16666666666667,2.04761904761905
"experience.633485c40e46cf7e9a2f2ca1","experience","2",2,6,11,-4.66666666666667,3,-0.833333333333333
"experience.633485c40e46cf7e9a2f2ca1","experience","10",2,9,13,0.022222222222223,-0.26153846153846,-0.119658119658118
"experience.633485c40e46cf7e9a2f2ca1","experience","20",2,12,6,-2.83333333333333,-1.16666666666667,-2
"experience.641e62a8191451d08e6c08f7","experience","2",2,4,13,0.25,10.4615384615385,5.35576923076923
"experience.641e62a8191451d08e6c08f7","experience","10",2,12,11,3.05,10.5636363636364,6.80681818181818
"experience.641e62a8191451d08e6c08f7","experience","20",2,13,6,-0.269230769230769,4.5,2.11538461538462
"experience.651b29ff3a6cadf518640abe","experience","2",2,9,15,-3.33333333333333,9.73333333333333,3.2
"experience.651b29ff3a6cadf518640abe","experience","10",2,5,12,0.800000000000001,6.78333333333333,3.79166666666667
"experience.651b29ff3a6cadf518640abe","experience","20",2,8,9,1.375,7.5,4.4375
"experience.651c4484ba17050f6b716614","experience","2",2,12,8,-1.25,1.75,0.25
"experience.651c4484ba17050f6b716614","experience","10",2,9,9,0.466666666666667,0.422222222222224,0.444444444444446
"experience.651c4484ba17050f6b716614","experience","20",2,14,7,5.21428571428571,5.07142857142857,5.14285714285714
"experience.65a2bc0d60b1e46f4e1d3cc8","experience","2",2,6,7,0.166666666666667,-0.285714285714286,-0.0595238095238096
"experience.65a2bc0d60b1e46f4e1d3cc8","experience","10",2,6,4,5.8,-2.3,1.75
"experience.65a2bc0d60b1e46f4e1d3cc8","experience","20",2,9,7,4.38888888888889,-3.92857142857143,0.23015873015873
"experience.65b98fe25e75b5acc3f44626","experience","2",2,7,4,-6.28571428571429,-3,-4.64285714285714
"experience.65b98fe25e75b5acc3f44626","experience","10",2,12,10,0.0500000000000007,-2.2,-1.075
"experience.65b98fe25e75b5acc3f44626","experience","20",2,9,6,-3.27777777777778,6.33333333333333,1.52777777777778
"experience.662a5d4dabae70ece2dfcc21","experience","2",2,9,6,-3.55555555555556,6.66666666666667,1.55555555555556
"experience.662a5d4dabae70ece2dfcc21","experience","10",2,6,11,-1.2,2.2,0.500000000000001
"experience.662a5d4dabae70ece2dfcc21","experience","20",2,9,9,0.166666666666667,-0.277777777777778,-0.0555555555555556
"experience.662c1b87d84d0f2111bb3a56","experience","2",2,5,15,-3.4,3.26666666666667,-0.0666666666666664
"experience.662c1b87d84d0f2111bb3a56","experience","10",2,10,8,2.6,1.075,1.8375
"experience.662c1b87d84d0f2111bb3a56","experience","20",2,8,8,2.5,0.25,1.375
"experience.6644cf0a2e641bfd221ac4af","experience","2",2,7,9,-1.14285714285714,4,1.42857142857143
"experience.6644cf0a2e641bfd221ac4af","experience","10",2,8,6,1.925,1.7,1.8125
"experience.6644cf0a2e641bfd221ac4af","experience","20",2,13,7,1.73076923076923,1.5,1.61538461538462
"experience.6674d66310b6684b86ddf7b9","experience","2",2,9,9,0.222222222222222,7.66666666666667,3.94444444444444
"experience.6674d66310b6684b86ddf7b9","experience","10",2,11,6,0.70909090909091,6.53333333333334,3.62121212121212
"experience.6674d66310b6684b86ddf7b9","experience","20",2,7,11,-1.07142857142857,8.5,3.71428571428571
"experience.669aed56568d11bad784de3b","experience","2",2,6,8,5.83333333333333,-1.625,2.10416666666667
"experience.669aed56568d11bad784de3b","experience","10",2,7,12,3.22857142857143,-7.21666666666667,-1.99404761904762
"experience.669aed56568d11bad784de3b","experience","20",2,6,10,6.16666666666667,-5.1,0.533333333333333
"experience.66b68e2b2c21a7ed557cf866","experience","2",2,5,11,-7.4,1.63636363636364,-2.88181818181818
"experience.66b68e2b2c21a7ed557cf866","experience","10",2,9,6,0.244444444444445,-3.13333333333333,-1.44444444444444
"experience.66b68e2b2c21a7ed557cf866","experience","20",2,10,6,1.3,-1.33333333333333,-0.0166666666666665
"experience.66d1a34290c0181302a08f66","experience","2",2,8,7,-0.625,3.14285714285714,1.25892857142857
"experience.66d1a34290c0181302a08f66","experience","10",2,7,6,1.94285714285714,-2.96666666666667,-0.51190476190476
"experience.66d1a34290c0181302a08f66","experience","20",2,9,8,3.61111111111111,-2.375,0.618055555555556
"experience.66e9cc5fb04f5ba6d8b5a3f1","experience","2",2,9,10,-0.111111111111111,8.8,4.34444444444444
"experience.66e9cc5fb04f5ba6d8b5a3f1","experience","10",2,9,5,3.68888888888889,7.6,5.64444444444445
"experience.66e9cc5fb04f5ba6d8b5a3f1","experience","20",2,13,4,1.26923076923077,3.25,2.25961538461538
"experience.676f2ff678d74407b518207d","experience","2",2,7,10,-1.28571428571429,7.7,3.20714285714286
"experience.676f2ff678d74407b518207d","experience","10",2,6,7,5.63333333333333,2.62857142857143,4.13095238095238
"experience.676f2ff678d74407b518207d","experience","20",2,12,7,2.75,2.5,2.625
"experience.6941735b3d4f8229158290ea","experience","2",2,10,8,-2.1,4,0.95
"experience.6941735b3d4f8229158290ea","experience","10",2,8,7,-0.199999999999999,5.2,2.5
"experience.6941735b3d4f8229158290ea","experience","20",2,9,6,-1.61111111111111,-0.833333333333333,-1.22222222222222
"experience.694179d88301c400c4bbdb4d","experience","2",2,8,5,-3.625,-0.6,-2.1125
"experience.694179d88301c400c4bbdb4d","experience","10",2,11,8,0.345454545454546,-2.425,-1.03977272727273
"experience.694179d88301c400c4bbdb4d","experience","20",2,11,6,-2.5,-2.5,-2.5
"experience.6942e378d0c8a15ff6b1f81e","experience","2",2,15,5,-2.86666666666667,6,1.56666666666667
"experience.6942e378d0c8a15ff6b1f81e","experience","10",2,12,13,-0.783333333333332,2.27692307692308,0.746794871794873
"experience.6942e378d0c8a15ff6b1f81e","experience","20",2,14,6,-1.07142857142857,5.66666666666667,2.29761904761905
"experience.6945b7f9c69fe2317b25e4a2","experience","2",2,11,8,2.72727272727273,-2.875,-0.0738636363636362
"experience.6945b7f9c69fe2317b25e4a2","experience","10",2,12,6,5.21666666666667,-2.3,1.45833333333334
"experience.6945b7f9c69fe2317b25e4a2","experience","20",2,10,8,11.7,-3.5,4.1
"experience.6957ec3547d1923f4fa00638","experience","2",2,9,8,-5.33333333333333,0.375,-2.47916666666667
"experience.6957ec3547d1923f4fa00638","experience","10",2,9,10,0.0222222222222228,-0.599999999999998,-0.288888888888888
"experience.6957ec3547d1923f4fa00638","experience","20",2,12,7,3.66666666666667,-3.64285714285714,0.0119047619047619
"experience.695c8ba574771ee1382bed66","experience","2",2,9,8,-3,5.75,1.375
"experience.695c8ba574771ee1382bed66","experience","10",2,9,9,4.35555555555556,0.200000000000002,2.27777777777778
"experience.695c8ba574771ee1382bed66","experience","20",2,12,5,3.5,-0.5,1.5
