"participant_id","trial","fixationTime","meanVal","indexSelected","array_length","color","rt"
"653703627539f3a8b2ed4af3",21,400,20,18,6,"red",2025
"653703627539f3a8b2ed4af3",22,400,31,25,6,"red",2519
"653703627539f3a8b2ed4af3",23,400,24,27,8,"red",2131
"653703627539f3a8b2ed4af3",24,600,14,15,8,"red",2267
"653703627539f3a8b2ed4af3",26,400,20,15,2,"red",2348
"653703627539f3a8b2ed4af3",27,600,23,16,2,"red",1808
"653703627539f3a8b2ed4af3",28,500,16,18,6,"red",2838
"653703627539f3a8b2ed4af3",29,600,32,25,12,"red",1777
"653703627539f3a8b2ed4af3",30,400,23,22,6,"red",1685
"653703627539f3a8b2ed4af3",31,500,27,29,12,"red",1898
"653703627539f3a8b2ed4af3",32,500,30,31,6,"red",1961
"653703627539f3a8b2ed4af3",33,600,27,24,2,"red",2089
"653703627539f3a8b2ed4af3",34,400,33,25,2,"red",2026
"653703627539f3a8b2ed4af3",35,600,21,15,2,"red",1794
"653703627539f3a8b2ed4af3",36,600,15,13,8,"red",1512
"653703627539f3a8b2ed4af3",37,600,23,18,2,"red",1992
"653703627539f3a8b2ed4af3",38,400,25,21,6,"red",2153
"653703627539f3a8b2ed4af3",39,400,25,23,8,"red",1848
"653703627539f3a8b2ed4af3",40,600,28,25,2,"red",2272
"653703627539f3a8b2ed4af3",41,400,18,21,12,"red",2053
"653703627539f3a8b2ed4af3",42,600,34,29,2,"red",1920
"653703627539f3a8b2ed4af3",43,400,15,16,6,"red",1297
"653703627539f3a8b2ed4af3",46,600,19,25,8,"red",2163
"653703627539f3a8b2ed4af3",47,400,29,22,12,"red",1567
"653703627539f3a8b2ed4af3",48,400,18,17,8,"red",1703
"653703627539f3a8b2ed4af3",49,400,24,16,8,"red",1523
"653703627539f3a8b2ed4af3",50,600,21,15,2,"red",1688
"653703627539f3a8b2ed4af3",51,500,29,25,12,"red",1891
"653703627539f3a8b2ed4af3",52,400,32,23,2,"red",1837
"653703627539f3a8b2ed4af3",54,400,22,22,12,"red",2391
"653703627539f3a8b2ed4af3",55,400,15,14,8,"red",1444
"653703627539f3a8b2ed4af3",56,400,21,11,2,"red",1794
"653703627539f3a8b2ed4af3",57,400,32,22,8,"red",1491
"653703627539f3a8b2ed4af3",58,400,24,17,6,"red",1450
"653703627539f3a8b2ed4af3",59,600,28,28,12,"red",1534
"653703627539f3a8b2ed4af3",60,500,27,22,8,"red",1559
"653703627539f3a8b2ed4af3",61,400,32,25,12,"red",1588
"653703627539f3a8b2ed4af3",62,600,34,27,6,"red",1482
"653703627539f3a8b2ed4af3",63,400,27,21,8,"red",1824
"653703627539f3a8b2ed4af3",64,600,22,14,6,"red",1724
"653703627539f3a8b2ed4af3",65,500,17,12,12,"red",1557
"653703627539f3a8b2ed4af3",66,400,25,15,6,"red",1519
"653703627539f3a8b2ed4af3",67,400,21,13,8,"red",1799
"653703627539f3a8b2ed4af3",68,400,23,18,12,"red",2282
"653703627539f3a8b2ed4af3",69,600,21,23,8,"blue",2746
"653703627539f3a8b2ed4af3",70,500,18,15,2,"blue",2359
"653703627539f3a8b2ed4af3",71,500,22,18,2,"blue",1995
"653703627539f3a8b2ed4af3",72,600,16,17,8,"blue",1536
"653703627539f3a8b2ed4af3",73,400,26,25,8,"blue",1737
"653703627539f3a8b2ed4af3",74,600,34,29,6,"blue",1538
"653703627539f3a8b2ed4af3",75,400,15,10,2,"blue",1357
"653703627539f3a8b2ed4af3",76,500,23,19,8,"blue",1416
"653703627539f3a8b2ed4af3",77,400,23,17,6,"blue",1293
"653703627539f3a8b2ed4af3",78,500,33,33,12,"blue",2022
"653703627539f3a8b2ed4af3",79,400,22,14,2,"blue",1530
"653703627539f3a8b2ed4af3",80,400,14,11,8,"blue",2094
"653703627539f3a8b2ed4af3",81,500,14,10,12,"blue",1605
"653703627539f3a8b2ed4af3",82,600,14,9,2,"blue",2320
"653703627539f3a8b2ed4af3",83,500,24,19,12,"blue",1664
"653703627539f3a8b2ed4af3",84,600,26,21,12,"blue",2504
"653703627539f3a8b2ed4af3",85,500,21,14,2,"blue",1528
"653703627539f3a8b2ed4af3",86,500,27,22,12,"blue",1738
"653703627539f3a8b2ed4af3",87,600,20,20,8,"blue",1751
"653703627539f3a8b2ed4af3",88,400,15,11,12,"blue",1823
"653703627539f3a8b2ed4af3",89,500,18,13,6,"blue",1532
"653703627539f3a8b2ed4af3",90,500,24,19,6,"blue",1624
"653703627539f3a8b2ed4af3",91,400,16,11,6,"blue",1604
"653703627539f3a8b2ed4af3",92,600,14,13,6,"blue",1499
"653703627539f3a8b2ed4af3",93,600,16,16,8,"blue",1331
"653703627539f3a8b2ed4af3",94,500,14,9,8,"blue",1592
"653703627539f3a8b2ed4af3",95,600,35,33,6,"blue",1638
"653703627539f3a8b2ed4af3",96,400,16,14,8,"blue",1915
"653703627539f3a8b2ed4af3",97,400,14,10,2,"blue",1406
"653703627539f3a8b2ed4af3",98,600,28,18,6,"blue",1297
"653703627539f3a8b2ed4af3",99,600,20,19,12,"blue",1547
"653703627539f3a8b2ed4af3",100,400,28,16,6,"blue",1444
"653703627539f3a8b2ed4af3",101,600,23,17,2,"blue",1955
"653703627539f3a8b2ed4af3",102,600,21,18,12,"blue",1661
"653703627539f3a8b2ed4af3",103,500,35,27,2,"blue",1561
"653703627539f3a8b2ed4af3",104,600,28,26,12,"blue",1872
"653703627539f3a8b2ed4af3",105,400,19,14,2,"blue",1482
"653703627539f3a8b2ed4af3",106,400,15,7,6,"blue",1688
"653703627539f3a8b2ed4af3",107,400,15,8,2,"blue",1438
"653703627539f3a8b2ed4af3",108,500,31,27,12,"blue",1492
"653703627539f3a8b2ed4af3",109,400,29,21,6,"blue",2005
"653703627539f3a8b2ed4af3",110,500,28,23,12,"blue",1367
"653703627539f3a8b2ed4af3",111,600,34,29,8,"blue",1748
"653703627539f3a8b2ed4af3",112,400,36,31,8,"blue",1795
"653703627539f3a8b2ed4af3",113,400,15,12,12,"blue",1664
"653703627539f3a8b2ed4af3",114,600,26,15,6,"blue",2066
"653703627539f3a8b2ed4af3",115,600,36,29,2,"blue",1741
"653703627539f3a8b2ed4af3",116,500,23,19,8,"blue",1484
"67de239c06b421f44e118eaf",21,400,32,17,2,"blue",2395
"67de239c06b421f44e118eaf",22,600,27,21,2,"blue",2771
"67de239c06b421f44e118eaf",23,500,26,24,12,"blue",2657
"67de239c06b421f44e118eaf",24,400,36,34,6,"blue",1873
"67de239c06b421f44e118eaf",25,500,15,15,2,"blue",2270
"67de239c06b421f44e118eaf",26,400,25,22,12,"blue",2907
"67de239c06b421f44e118eaf",27,500,36,34,2,"blue",1902
"67de239c06b421f44e118eaf",28,600,34,32,8,"blue",2762
"67de239c06b421f44e118eaf",29,500,18,14,8,"blue",2610
"67de239c06b421f44e118eaf",30,500,23,17,6,"blue",2265
"67de239c06b421f44e118eaf",31,400,17,16,8,"blue",2364
"67de239c06b421f44e118eaf",33,500,29,23,2,"blue",2049
"67de239c06b421f44e118eaf",34,400,18,15,6,"blue",1602
"67de239c06b421f44e118eaf",35,400,19,16,12,"blue",3479
"67de239c06b421f44e118eaf",36,500,18,13,6,"blue",2709
"67de239c06b421f44e118eaf",37,500,18,12,2,"blue",2341
"67de239c06b421f44e118eaf",38,500,22,18,12,"blue",2632
"67de239c06b421f44e118eaf",40,400,26,25,6,"blue",3413
"67de239c06b421f44e118eaf",41,500,33,30,8,"blue",2707
"67de239c06b421f44e118eaf",42,600,31,36,8,"blue",3294
"67de239c06b421f44e118eaf",43,500,29,28,12,"blue",2408
"67de239c06b421f44e118eaf",44,600,32,23,12,"blue",3025
"67de239c06b421f44e118eaf",45,400,16,12,12,"blue",2073
"67de239c06b421f44e118eaf",46,600,20,17,2,"blue",2325
"67de239c06b421f44e118eaf",47,400,28,22,2,"blue",2329
"67de239c06b421f44e118eaf",48,400,19,13,12,"blue",2208
"67de239c06b421f44e118eaf",49,600,32,33,12,"blue",2047
"67de239c06b421f44e118eaf",50,400,20,17,8,"blue",2176
"67de239c06b421f44e118eaf",51,500,28,24,8,"blue",1666
"67de239c06b421f44e118eaf",52,600,34,22,6,"blue",2641
"67de239c06b421f44e118eaf",53,400,33,29,8,"blue",1798
"67de239c06b421f44e118eaf",54,500,22,22,8,"blue",1765
"67de239c06b421f44e118eaf",55,600,25,20,6,"blue",2603
"67de239c06b421f44e118eaf",56,400,34,28,8,"blue",1942
"67de239c06b421f44e118eaf",57,600,26,27,2,"blue",2368
"67de239c06b421f44e118eaf",58,600,14,14,8,"blue",1896
"67de239c06b421f44e118eaf",59,400,24,22,6,"blue",2171
"67de239c06b421f44e118eaf",60,500,26,25,8,"blue",2678
"67de239c06b421f44e118eaf",61,600,14,9,2,"blue",1878
"67de239c06b421f44e118eaf",62,600,36,44,12,"blue",2819
"67de239c06b421f44e118eaf",63,600,31,32,6,"blue",2438
"67de239c06b421f44e118eaf",64,400,31,32,6,"blue",2660
"67de239c06b421f44e118eaf",65,500,28,43,12,"blue",2560
"67de239c06b421f44e118eaf",66,600,18,13,2,"blue",1703
"67de239c06b421f44e118eaf",67,600,35,30,6,"blue",1913
"67de239c06b421f44e118eaf",68,500,31,41,2,"blue",2597
"67de239c06b421f44e118eaf",69,500,32,20,6,"red",2677
"67de239c06b421f44e118eaf",70,600,22,19,6,"red",2057
"67de239c06b421f44e118eaf",71,400,36,32,8,"red",1696
"67de239c06b421f44e118eaf",72,600,32,27,6,"red",2565
"67de239c06b421f44e118eaf",73,400,24,21,8,"red",1412
"67de239c06b421f44e118eaf",74,600,22,18,8,"red",2056
"67de239c06b421f44e118eaf",75,600,22,14,6,"red",1885
"67de239c06b421f44e118eaf",76,600,35,32,6,"red",2140
"67de239c06b421f44e118eaf",77,600,20,15,8,"red",2124
"67de239c06b421f44e118eaf",78,600,15,10,12,"red",2607
"67de239c06b421f44e118eaf",79,500,14,10,2,"red",2067
"67de239c06b421f44e118eaf",80,500,28,26,12,"red",1841
"67de239c06b421f44e118eaf",81,500,35,34,8,"red",1469
"67de239c06b421f44e118eaf",82,400,28,28,2,"red",1830
"67de239c06b421f44e118eaf",83,400,29,27,2,"red",2301
"67de239c06b421f44e118eaf",84,500,15,15,2,"red",1912
"67de239c06b421f44e118eaf",85,500,33,34,2,"red",1776
"67de239c06b421f44e118eaf",86,400,36,43,2,"red",2056
"67de239c06b421f44e118eaf",87,400,35,35,8,"red",2203
"67de239c06b421f44e118eaf",88,400,29,31,6,"red",2804
"67de239c06b421f44e118eaf",89,600,15,10,6,"red",1850
"67de239c06b421f44e118eaf",90,400,34,40,12,"red",1875
"67de239c06b421f44e118eaf",91,600,22,19,2,"red",1803
"67de239c06b421f44e118eaf",92,500,17,13,2,"red",1648
"67de239c06b421f44e118eaf",93,600,28,29,12,"red",2919
"67de239c06b421f44e118eaf",94,400,35,46,12,"red",1937
"67de239c06b421f44e118eaf",95,500,30,34,8,"red",2219
"67de239c06b421f44e118eaf",96,500,17,12,12,"red",1868
"67de239c06b421f44e118eaf",97,600,14,8,2,"red",1600
"67de239c06b421f44e118eaf",98,400,14,8,2,"red",1829
"67de239c06b421f44e118eaf",99,500,15,13,12,"red",2266
"67de239c06b421f44e118eaf",100,400,31,31,8,"red",1953
"67de239c06b421f44e118eaf",101,400,15,15,6,"red",2046
"67de239c06b421f44e118eaf",102,400,26,23,12,"red",1526
"67de239c06b421f44e118eaf",103,400,27,20,8,"red",1774
"67de239c06b421f44e118eaf",104,600,19,16,2,"red",2051
"67de239c06b421f44e118eaf",105,500,30,27,6,"red",1459
"67de239c06b421f44e118eaf",106,400,35,45,6,"red",1786
"67de239c06b421f44e118eaf",107,600,18,18,8,"red",3062
"67de239c06b421f44e118eaf",108,500,27,27,12,"red",1780
"67de239c06b421f44e118eaf",109,600,16,17,12,"red",2921
"67de239c06b421f44e118eaf",110,400,15,16,8,"red",2118
"67de239c06b421f44e118eaf",111,500,34,40,6,"red",2053
"67de239c06b421f44e118eaf",112,500,27,34,8,"red",2411
"67de239c06b421f44e118eaf",113,500,34,45,12,"red",1858
"67de239c06b421f44e118eaf",114,400,26,31,12,"red",2027
"67de239c06b421f44e118eaf",115,600,26,20,6,"red",1909
"67de239c06b421f44e118eaf",116,500,26,18,2,"red",2647
"66a337531d9c242e4a71267a",21,400,25,6,2,"red",2033
"66a337531d9c242e4a71267a",23,400,26,23,12,"red",1751
"66a337531d9c242e4a71267a",24,400,36,26,8,"red",1663
"66a337531d9c242e4a71267a",25,500,26,22,12,"red",2122
"66a337531d9c242e4a71267a",26,400,21,15,6,"red",2253
"66a337531d9c242e4a71267a",27,400,17,11,2,"red",2464
"66a337531d9c242e4a71267a",28,400,22,12,12,"red",1700
"66a337531d9c242e4a71267a",29,600,25,10,8,"red",1686
"66a337531d9c242e4a71267a",30,400,23,15,6,"red",1578
"66a337531d9c242e4a71267a",31,400,30,17,6,"red",1797
"66a337531d9c242e4a71267a",32,600,25,14,2,"red",1341
"66a337531d9c242e4a71267a",33,400,16,17,8,"red",1840
"66a337531d9c242e4a71267a",34,600,20,25,12,"red",1191
"66a337531d9c242e4a71267a",35,600,23,13,6,"red",1750
"66a337531d9c242e4a71267a",36,400,36,20,2,"red",2119
"66a337531d9c242e4a71267a",37,400,35,28,12,"red",1653
"66a337531d9c242e4a71267a",38,400,19,16,12,"red",1618
"66a337531d9c242e4a71267a",39,600,36,29,6,"red",2159
"66a337531d9c242e4a71267a",40,400,18,15,2,"red",1790
"66a337531d9c242e4a71267a",41,400,36,31,6,"red",1855
"66a337531d9c242e4a71267a",42,500,15,19,8,"red",2118
"66a337531d9c242e4a71267a",43,400,35,26,2,"red",1976
"66a337531d9c242e4a71267a",44,500,21,18,6,"red",2284
"66a337531d9c242e4a71267a",45,400,34,33,2,"red",2081
"66a337531d9c242e4a71267a",46,500,31,33,8,"red",1967
"66a337531d9c242e4a71267a",47,600,16,10,2,"red",2032
"66a337531d9c242e4a71267a",48,500,20,13,8,"red",1486
"66a337531d9c242e4a71267a",49,400,19,14,8,"red",2307
"66a337531d9c242e4a71267a",50,600,31,29,12,"red",1898
"66a337531d9c242e4a71267a",51,600,31,32,6,"red",1993
"66a337531d9c242e4a71267a",52,500,32,25,6,"red",1834
"66a337531d9c242e4a71267a",53,400,28,33,6,"red",2036
"66a337531d9c242e4a71267a",54,500,23,18,2,"red",1923
"66a337531d9c242e4a71267a",55,600,30,32,2,"red",2128
"66a337531d9c242e4a71267a",56,400,35,33,8,"red",2164
"66a337531d9c242e4a71267a",57,600,20,20,12,"red",1768
"66a337531d9c242e4a71267a",58,400,25,33,8,"red",1541
"66a337531d9c242e4a71267a",59,500,33,36,6,"red",1991
"66a337531d9c242e4a71267a",60,600,36,39,12,"red",1680
"66a337531d9c242e4a71267a",61,600,22,36,12,"red",1964
"66a337531d9c242e4a71267a",62,500,19,28,8,"red",1952
"66a337531d9c242e4a71267a",63,600,32,15,8,"red",1688
"66a337531d9c242e4a71267a",64,600,17,13,12,"red",1882
"66a337531d9c242e4a71267a",65,500,22,16,12,"red",1652
"66a337531d9c242e4a71267a",66,500,17,14,2,"red",1188
"66a337531d9c242e4a71267a",67,400,23,16,8,"red",1674
"66a337531d9c242e4a71267a",68,500,30,22,6,"red",1427
"66a337531d9c242e4a71267a",69,600,14,9,2,"blue",1597
"66a337531d9c242e4a71267a",70,400,36,22,6,"blue",1431
"66a337531d9c242e4a71267a",71,500,30,28,12,"blue",1384
"66a337531d9c242e4a71267a",72,400,15,16,2,"blue",2171
"66a337531d9c242e4a71267a",73,500,34,20,6,"blue",1891
"66a337531d9c242e4a71267a",74,400,35,22,8,"blue",1684
"66a337531d9c242e4a71267a",75,600,33,26,6,"blue",1717
"66a337531d9c242e4a71267a",76,500,26,26,8,"blue",1948
"66a337531d9c242e4a71267a",77,600,17,20,12,"blue",2097
"66a337531d9c242e4a71267a",78,500,30,19,2,"blue",1969
"66a337531d9c242e4a71267a",79,500,14,20,6,"blue",1398
"66a337531d9c242e4a71267a",80,500,21,22,2,"blue",1135
"66a337531d9c242e4a71267a",81,600,16,15,6,"blue",1235
"66a337531d9c242e4a71267a",82,600,29,22,2,"blue",1543
"66a337531d9c242e4a71267a",83,500,27,25,12,"blue",1563
"66a337531d9c242e4a71267a",84,400,27,19,12,"blue",1303
"66a337531d9c242e4a71267a",85,500,15,10,2,"blue",1086
"66a337531d9c242e4a71267a",86,600,15,27,6,"blue",2245
"66a337531d9c242e4a71267a",87,400,21,15,2,"blue",1095
"66a337531d9c242e4a71267a",88,400,36,26,6,"blue",1301
"66a337531d9c242e4a71267a",89,600,18,13,8,"blue",2197
"66a337531d9c242e4a71267a",90,400,24,18,12,"blue",1292
"66a337531d9c242e4a71267a",91,600,35,18,2,"blue",1602
"66a337531d9c242e4a71267a",92,600,18,20,6,"blue",1345
"66a337531d9c242e4a71267a",93,400,35,23,2,"blue",1560
"66a337531d9c242e4a71267a",94,500,30,13,8,"blue",1316
"66a337531d9c242e4a71267a",95,500,24,25,8,"blue",1351
"66a337531d9c242e4a71267a",96,500,20,28,8,"blue",1523
"66a337531d9c242e4a71267a",97,400,17,14,8,"blue",1347
"66a337531d9c242e4a71267a",98,600,16,10,8,"blue",1231
"66a337531d9c242e4a71267a",99,400,31,24,2,"blue",1872
"66a337531d9c242e4a71267a",100,500,21,28,12,"blue",1614
"66a337531d9c242e4a71267a",101,500,31,32,12,"blue",1688
"66a337531d9c242e4a71267a",102,600,24,34,12,"blue",2189
"66a337531d9c242e4a71267a",103,600,16,19,6,"blue",937
"66a337531d9c242e4a71267a",104,500,14,10,12,"blue",2163
"66a337531d9c242e4a71267a",105,600,31,15,2,"blue",1994
"66a337531d9c242e4a71267a",106,500,19,11,6,"blue",1359
"66a337531d9c242e4a71267a",107,600,32,33,8,"blue",2618
"66a337531d9c242e4a71267a",108,500,35,26,2,"blue",2262
"66a337531d9c242e4a71267a",109,400,27,24,12,"blue",1953
"66a337531d9c242e4a71267a",110,400,18,22,8,"blue",1864
"66a337531d9c242e4a71267a",111,500,18,13,6,"blue",1615
"66a337531d9c242e4a71267a",112,600,14,16,12,"blue",1954
"66a337531d9c242e4a71267a",113,400,24,16,8,"blue",1496
"66a337531d9c242e4a71267a",114,600,34,27,6,"blue",1430
"66a337531d9c242e4a71267a",115,500,36,36,12,"blue",1354
"66a337531d9c242e4a71267a",116,400,16,18,8,"blue",1010
"67d086393f43728f3325b593",26,400,34,25,12,"blue",3146
"67d086393f43728f3325b593",30,600,28,19,2,"blue",4638
"67d086393f43728f3325b593",31,500,16,11,6,"blue",2737
"67d086393f43728f3325b593",32,600,15,11,2,"blue",3910
"67d086393f43728f3325b593",33,500,18,18,2,"blue",3576
"67d086393f43728f3325b593",34,400,34,30,8,"blue",3097
"67d086393f43728f3325b593",35,500,22,20,8,"blue",3512
"67d086393f43728f3325b593",36,500,15,14,12,"blue",4545
"67d086393f43728f3325b593",37,500,17,18,12,"blue",2906
"67d086393f43728f3325b593",38,500,21,11,2,"blue",2677
"67d086393f43728f3325b593",40,500,28,13,2,"blue",2731
"67d086393f43728f3325b593",41,500,33,24,6,"blue",2996
"67d086393f43728f3325b593",42,600,33,21,2,"blue",2607
"67d086393f43728f3325b593",43,400,22,17,8,"blue",2776
"67d086393f43728f3325b593",44,500,25,20,6,"blue",3363
"67d086393f43728f3325b593",45,600,23,14,8,"blue",3090
"67d086393f43728f3325b593",47,600,20,18,6,"blue",3528
"67d086393f43728f3325b593",48,600,31,22,6,"blue",4039
"67d086393f43728f3325b593",49,400,31,25,12,"blue",3295
"67d086393f43728f3325b593",50,400,17,14,2,"blue",3352
"67d086393f43728f3325b593",51,600,27,22,12,"blue",3022
"67d086393f43728f3325b593",52,500,22,15,6,"blue",3391
"67d086393f43728f3325b593",53,400,28,23,6,"blue",2622
"67d086393f43728f3325b593",54,600,28,24,12,"blue",2707
"67d086393f43728f3325b593",55,600,20,23,8,"blue",2424
"67d086393f43728f3325b593",56,400,31,25,6,"blue",2885
"67d086393f43728f3325b593",57,400,30,26,8,"blue",2184
"67d086393f43728f3325b593",58,500,32,20,12,"blue",2221
"67d086393f43728f3325b593",59,500,22,25,6,"blue",3521
"67d086393f43728f3325b593",60,500,23,21,12,"blue",2812
"67d086393f43728f3325b593",61,500,24,24,12,"blue",2297
"67d086393f43728f3325b593",62,400,27,14,2,"blue",2248
"67d086393f43728f3325b593",63,400,31,21,2,"blue",3657
"67d086393f43728f3325b593",64,600,16,15,6,"blue",2099
"67d086393f43728f3325b593",65,600,24,22,2,"blue",1816
"67d086393f43728f3325b593",66,600,29,28,8,"blue",1973
"67d086393f43728f3325b593",67,600,28,17,12,"blue",3844
"67d086393f43728f3325b593",68,600,25,24,6,"blue",2560
"67d086393f43728f3325b593",70,500,23,20,8,"red",1810
"67d086393f43728f3325b593",71,400,19,16,2,"red",3057
"67d086393f43728f3325b593",72,600,18,17,8,"red",2327
"67d086393f43728f3325b593",73,600,34,27,8,"red",4506
"67d086393f43728f3325b593",74,500,34,35,8,"red",2120
"67d086393f43728f3325b593",75,500,15,20,6,"red",2086
"67d086393f43728f3325b593",76,400,24,23,2,"red",2530
"67d086393f43728f3325b593",77,600,15,20,8,"red",2061
"67d086393f43728f3325b593",78,500,28,24,6,"red",3355
"67d086393f43728f3325b593",79,500,15,24,12,"red",2091
"67d086393f43728f3325b593",80,500,35,28,2,"red",3070
"67d086393f43728f3325b593",81,400,35,22,2,"red",1955
"67d086393f43728f3325b593",82,400,36,26,2,"red",2016
"67d086393f43728f3325b593",83,400,24,26,6,"red",1907
"67d086393f43728f3325b593",84,600,31,29,12,"red",1611
"67d086393f43728f3325b593",85,600,18,14,2,"red",1738
"67d086393f43728f3325b593",86,500,17,18,6,"red",2757
"67d086393f43728f3325b593",87,400,36,25,2,"red",2260
"67d086393f43728f3325b593",88,600,20,16,2,"red",2334
"67d086393f43728f3325b593",89,600,32,28,6,"red",2330
"67d086393f43728f3325b593",90,600,23,15,2,"red",1898
"67d086393f43728f3325b593",91,600,16,20,12,"red",2890
"67d086393f43728f3325b593",92,500,26,20,2,"red",4420
"67d086393f43728f3325b593",93,500,26,26,12,"red",2217
"67d086393f43728f3325b593",94,600,17,21,12,"red",2046
"67d086393f43728f3325b593",95,400,31,20,6,"red",2625
"67d086393f43728f3325b593",96,600,32,31,6,"red",2250
"67d086393f43728f3325b593",97,500,27,26,8,"red",2323
"67d086393f43728f3325b593",98,500,26,26,6,"red",2349
"67d086393f43728f3325b593",99,500,31,35,12,"red",2209
"67d086393f43728f3325b593",100,600,17,19,12,"red",2510
"67d086393f43728f3325b593",101,600,25,25,6,"red",1964
"67d086393f43728f3325b593",102,400,35,32,12,"red",2431
"67d086393f43728f3325b593",103,600,30,26,12,"red",2360
"67d086393f43728f3325b593",104,500,23,23,8,"red",1931
"67d086393f43728f3325b593",105,600,30,25,8,"red",2319
"67d086393f43728f3325b593",106,400,26,19,8,"red",3995
"67d086393f43728f3325b593",107,600,36,26,2,"red",2895
"67d086393f43728f3325b593",108,600,36,35,12,"red",2044
"67d086393f43728f3325b593",109,500,17,27,8,"red",2535
"67d086393f43728f3325b593",110,500,36,29,8,"red",2886
"67d086393f43728f3325b593",111,600,27,26,8,"red",2714
"67d086393f43728f3325b593",112,600,27,25,6,"red",2598
"67d086393f43728f3325b593",113,500,24,20,6,"red",2427
"67d086393f43728f3325b593",114,400,36,31,12,"red",2161
"67d086393f43728f3325b593",115,500,16,32,6,"red",2612
"67d086393f43728f3325b593",116,500,15,15,2,"red",1607
"67ad12becac3e4abb99c57b0",21,400,21,11,2,"blue",2288
"67ad12becac3e4abb99c57b0",22,600,28,19,8,"blue",3164
"67ad12becac3e4abb99c57b0",23,500,34,32,2,"blue",2327
"67ad12becac3e4abb99c57b0",24,500,20,17,6,"blue",1762
"67ad12becac3e4abb99c57b0",25,400,19,18,6,"blue",2386
"67ad12becac3e4abb99c57b0",26,600,36,34,8,"blue",2622
"67ad12becac3e4abb99c57b0",27,400,31,27,8,"blue",2671
"67ad12becac3e4abb99c57b0",28,600,29,27,6,"blue",2027
"67ad12becac3e4abb99c57b0",29,400,16,8,6,"blue",2686
"67ad12becac3e4abb99c57b0",30,500,27,14,2,"blue",2779
"67ad12becac3e4abb99c57b0",31,400,34,32,8,"blue",1882
"67ad12becac3e4abb99c57b0",32,400,14,15,6,"blue",2144
"67ad12becac3e4abb99c57b0",33,600,23,22,8,"blue",2049
"67ad12becac3e4abb99c57b0",34,600,15,13,8,"blue",1601
"67ad12becac3e4abb99c57b0",35,400,26,19,2,"blue",1294
"67ad12becac3e4abb99c57b0",37,400,35,25,6,"blue",2283
"67ad12becac3e4abb99c57b0",38,600,35,37,2,"blue",2436
"67ad12becac3e4abb99c57b0",39,600,17,18,8,"blue",2507
"67ad12becac3e4abb99c57b0",40,600,30,29,6,"blue",2153
"67ad12becac3e4abb99c57b0",41,500,26,30,12,"blue",2147
"67ad12becac3e4abb99c57b0",42,400,23,22,2,"blue",2306
"67ad12becac3e4abb99c57b0",43,500,21,16,12,"blue",2509
"67ad12becac3e4abb99c57b0",44,400,25,40,12,"blue",2200
"67ad12becac3e4abb99c57b0",45,600,34,36,6,"blue",1884
"67ad12becac3e4abb99c57b0",46,400,33,26,2,"blue",1970
"67ad12becac3e4abb99c57b0",48,400,14,12,12,"blue",2374
"67ad12becac3e4abb99c57b0",49,600,28,22,2,"blue",2915
"67ad12becac3e4abb99c57b0",50,400,32,43,12,"blue",2039
"67ad12becac3e4abb99c57b0",51,400,27,32,2,"blue",1525
"67ad12becac3e4abb99c57b0",52,600,36,43,2,"blue",1604
"67ad12becac3e4abb99c57b0",53,600,33,48,12,"blue",1966
"67ad12becac3e4abb99c57b0",54,500,26,34,8,"blue",1775
"67ad12becac3e4abb99c57b0",55,400,21,14,2,"blue",1681
"67ad12becac3e4abb99c57b0",58,600,26,38,12,"blue",2934
"67ad12becac3e4abb99c57b0",59,500,32,34,6,"blue",2240
"67ad12becac3e4abb99c57b0",60,400,26,31,8,"blue",2046
"67ad12becac3e4abb99c57b0",62,400,20,15,6,"blue",1874
"67ad12becac3e4abb99c57b0",63,600,15,13,12,"blue",2418
"67ad12becac3e4abb99c57b0",64,400,21,17,6,"blue",2212
"67ad12becac3e4abb99c57b0",65,600,31,36,8,"blue",1952
"67ad12becac3e4abb99c57b0",66,600,32,40,12,"blue",2124
"67ad12becac3e4abb99c57b0",67,400,19,25,12,"blue",2240
"67ad12becac3e4abb99c57b0",68,400,22,27,8,"blue",1846
"67ad12becac3e4abb99c57b0",70,600,19,23,8,"red",1877
"67ad12becac3e4abb99c57b0",71,400,23,15,6,"red",2056
"67ad12becac3e4abb99c57b0",72,400,36,40,6,"red",1770
"67ad12becac3e4abb99c57b0",73,400,21,17,2,"red",1937
"67ad12becac3e4abb99c57b0",74,400,19,18,2,"red",1589
"67ad12becac3e4abb99c57b0",75,500,29,34,6,"red",1860
"67ad12becac3e4abb99c57b0",76,400,19,25,8,"red",3222
"67ad12becac3e4abb99c57b0",77,600,14,24,12,"red",1585
"67ad12becac3e4abb99c57b0",78,600,24,10,8,"red",1954
"67ad12becac3e4abb99c57b0",79,500,28,23,12,"red",1789
"67ad12becac3e4abb99c57b0",80,400,25,18,2,"red",2116
"67ad12becac3e4abb99c57b0",81,600,32,37,12,"red",2151
"67ad12becac3e4abb99c57b0",82,600,21,16,2,"red",3100
"67ad12becac3e4abb99c57b0",83,400,23,26,12,"red",2856
"67ad12becac3e4abb99c57b0",84,600,34,33,6,"red",3164
"67ad12becac3e4abb99c57b0",85,400,28,27,8,"red",3119
"67ad12becac3e4abb99c57b0",86,500,14,13,6,"red",1851
"67ad12becac3e4abb99c57b0",87,500,32,37,8,"red",2355
"67ad12becac3e4abb99c57b0",88,500,15,7,2,"red",1976
"67ad12becac3e4abb99c57b0",89,600,17,13,8,"red",2712
"67ad12becac3e4abb99c57b0",90,400,30,29,12,"red",3764
"67ad12becac3e4abb99c57b0",91,400,22,15,2,"red",2151
"67ad12becac3e4abb99c57b0",92,600,27,26,12,"red",2077
"67ad12becac3e4abb99c57b0",93,400,27,24,8,"red",1921
"67ad12becac3e4abb99c57b0",94,400,15,9,6,"red",2118
"67ad12becac3e4abb99c57b0",95,600,21,21,8,"red",3278
"67ad12becac3e4abb99c57b0",96,600,20,26,12,"red",2415
"67ad12becac3e4abb99c57b0",97,600,18,10,2,"red",1777
"67ad12becac3e4abb99c57b0",98,400,30,20,2,"red",2582
"67ad12becac3e4abb99c57b0",99,600,28,33,8,"red",1717
"67ad12becac3e4abb99c57b0",100,400,27,25,6,"red",2344
"67ad12becac3e4abb99c57b0",101,400,29,27,2,"red",2173
"67ad12becac3e4abb99c57b0",102,400,16,10,2,"red",2256
"67ad12becac3e4abb99c57b0",103,400,31,37,6,"red",2364
"67ad12becac3e4abb99c57b0",104,600,19,17,2,"red",1730
"67ad12becac3e4abb99c57b0",105,400,28,35,12,"red",1806
"67ad12becac3e4abb99c57b0",106,500,19,22,6,"red",1820
"67ad12becac3e4abb99c57b0",107,400,30,33,2,"red",2441
"67ad12becac3e4abb99c57b0",108,400,20,24,12,"red",2512
"67ad12becac3e4abb99c57b0",109,500,24,30,8,"red",2647
"67ad12becac3e4abb99c57b0",110,600,32,22,8,"red",3030
"67ad12becac3e4abb99c57b0",111,400,25,31,6,"red",2532
"67ad12becac3e4abb99c57b0",112,600,34,43,12,"red",2346
"67ad12becac3e4abb99c57b0",113,400,19,23,12,"red",2207
"67ad12becac3e4abb99c57b0",114,400,36,40,12,"red",2020
"67ad12becac3e4abb99c57b0",115,400,19,26,6,"red",2620
"67ad12becac3e4abb99c57b0",116,400,30,34,6,"red",1710
"67b6e6cd3ff52d5036ecc0f9",21,600,35,45,6,"red",3161
"67b6e6cd3ff52d5036ecc0f9",22,400,30,45,6,"red",2940
"67b6e6cd3ff52d5036ecc0f9",23,600,14,40,8,"red",3891
"67b6e6cd3ff52d5036ecc0f9",24,400,21,32,8,"red",3775
"67b6e6cd3ff52d5036ecc0f9",27,500,27,32,2,"red",4645
"67b6e6cd3ff52d5036ecc0f9",28,600,16,27,6,"red",2751
"67b6e6cd3ff52d5036ecc0f9",29,600,19,19,6,"red",2007
"67b6e6cd3ff52d5036ecc0f9",30,500,33,43,12,"red",2658
"67b6e6cd3ff52d5036ecc0f9",31,500,18,25,12,"red",2862
"67b6e6cd3ff52d5036ecc0f9",32,400,24,26,2,"red",4019
"67b6e6cd3ff52d5036ecc0f9",33,500,20,23,2,"red",3023
"67b6e6cd3ff52d5036ecc0f9",34,600,35,46,12,"red",2502
"67b6e6cd3ff52d5036ecc0f9",35,500,31,37,12,"red",3233
"67b6e6cd3ff52d5036ecc0f9",36,600,34,44,8,"red",2953
"67b6e6cd3ff52d5036ecc0f9",37,500,22,44,8,"red",4047
"67b6e6cd3ff52d5036ecc0f9",38,600,32,18,2,"red",2598
"67b6e6cd3ff52d5036ecc0f9",39,400,36,48,8,"red",2108
"67b6e6cd3ff52d5036ecc0f9",40,600,17,22,2,"red",2763
"67b6e6cd3ff52d5036ecc0f9",41,600,30,46,12,"red",2874
"67b6e6cd3ff52d5036ecc0f9",42,500,35,48,8,"red",3191
"67b6e6cd3ff52d5036ecc0f9",43,600,15,15,8,"red",1957
"67b6e6cd3ff52d5036ecc0f9",44,500,29,16,2,"red",4580
"67b6e6cd3ff52d5036ecc0f9",46,400,21,29,6,"red",4383
"67b6e6cd3ff52d5036ecc0f9",47,600,32,43,12,"red",2576
"67b6e6cd3ff52d5036ecc0f9",48,500,22,35,8,"red",2345
"67b6e6cd3ff52d5036ecc0f9",49,600,30,30,6,"red",1799
"67b6e6cd3ff52d5036ecc0f9",50,600,17,17,6,"red",2023
"67b6e6cd3ff52d5036ecc0f9",51,600,15,11,12,"red",2698
"67b6e6cd3ff52d5036ecc0f9",53,400,29,33,8,"red",2894
"67b6e6cd3ff52d5036ecc0f9",54,500,23,20,2,"red",3135
"67b6e6cd3ff52d5036ecc0f9",55,600,29,34,2,"red",3178
"67b6e6cd3ff52d5036ecc0f9",56,400,24,39,12,"red",1988
"67b6e6cd3ff52d5036ecc0f9",57,400,16,20,6,"red",3919
"67b6e6cd3ff52d5036ecc0f9",58,400,29,23,6,"red",3686
"67b6e6cd3ff52d5036ecc0f9",59,600,29,43,12,"red",2104
"67b6e6cd3ff52d5036ecc0f9",60,500,32,40,2,"red",2027
"67b6e6cd3ff52d5036ecc0f9",61,400,23,32,12,"red",3067
"67b6e6cd3ff52d5036ecc0f9",62,400,24,30,8,"red",2484
"67b6e6cd3ff52d5036ecc0f9",63,400,32,28,6,"red",3775
"67b6e6cd3ff52d5036ecc0f9",64,600,24,21,6,"red",2007
"67b6e6cd3ff52d5036ecc0f9",65,400,19,6,8,"red",2396
"67b6e6cd3ff52d5036ecc0f9",66,400,26,31,12,"red",3300
"67b6e6cd3ff52d5036ecc0f9",67,400,22,26,2,"red",3416
"67b6e6cd3ff52d5036ecc0f9",68,400,36,27,2,"red",4682
"67b6e6cd3ff52d5036ecc0f9",69,500,29,17,12,"blue",3612
"67b6e6cd3ff52d5036ecc0f9",70,400,34,42,2,"blue",3308
"67b6e6cd3ff52d5036ecc0f9",71,500,19,26,12,"blue",3964
"67b6e6cd3ff52d5036ecc0f9",72,600,26,36,8,"blue",1630
"67b6e6cd3ff52d5036ecc0f9",73,400,34,35,6,"blue",1887
"67b6e6cd3ff52d5036ecc0f9",74,500,35,27,6,"blue",4180
"67b6e6cd3ff52d5036ecc0f9",75,400,24,20,12,"blue",2947
"67b6e6cd3ff52d5036ecc0f9",76,500,23,12,2,"blue",3561
"67b6e6cd3ff52d5036ecc0f9",77,600,17,16,12,"blue",2860
"67b6e6cd3ff52d5036ecc0f9",78,600,23,23,2,"blue",2630
"67b6e6cd3ff52d5036ecc0f9",79,400,29,28,2,"blue",4477
"67b6e6cd3ff52d5036ecc0f9",81,500,26,23,6,"blue",3286
"67b6e6cd3ff52d5036ecc0f9",82,500,34,36,12,"blue",3079
"67b6e6cd3ff52d5036ecc0f9",83,500,20,22,2,"blue",4295
"67b6e6cd3ff52d5036ecc0f9",84,500,22,21,8,"blue",3110
"67b6e6cd3ff52d5036ecc0f9",85,600,26,27,8,"blue",2231
"67b6e6cd3ff52d5036ecc0f9",86,400,25,22,6,"blue",4337
"67b6e6cd3ff52d5036ecc0f9",87,400,34,25,6,"blue",3758
"67b6e6cd3ff52d5036ecc0f9",88,400,15,24,8,"blue",3760
"67b6e6cd3ff52d5036ecc0f9",90,600,24,19,2,"blue",2203
"67b6e6cd3ff52d5036ecc0f9",91,500,18,24,12,"blue",3841
"67b6e6cd3ff52d5036ecc0f9",92,400,17,19,8,"blue",2469
"67b6e6cd3ff52d5036ecc0f9",93,500,20,24,8,"blue",4684
"67b6e6cd3ff52d5036ecc0f9",94,400,35,31,6,"blue",2882
"67b6e6cd3ff52d5036ecc0f9",95,600,23,21,12,"blue",1980
"67b6e6cd3ff52d5036ecc0f9",96,600,21,26,2,"blue",2253
"67b6e6cd3ff52d5036ecc0f9",97,600,35,25,2,"blue",3595
"67b6e6cd3ff52d5036ecc0f9",98,400,35,23,6,"blue",3310
"67b6e6cd3ff52d5036ecc0f9",99,600,31,22,12,"blue",4471
"67b6e6cd3ff52d5036ecc0f9",100,500,35,27,2,"blue",3157
"67b6e6cd3ff52d5036ecc0f9",102,500,33,28,8,"blue",3567
"67b6e6cd3ff52d5036ecc0f9",103,600,36,29,8,"blue",3646
"67b6e6cd3ff52d5036ecc0f9",104,400,35,28,8,"blue",3711
"67b6e6cd3ff52d5036ecc0f9",105,400,14,9,2,"blue",3190
"67b6e6cd3ff52d5036ecc0f9",106,600,18,23,12,"blue",3206
"67b6e6cd3ff52d5036ecc0f9",107,400,22,23,6,"blue",2553
"67b6e6cd3ff52d5036ecc0f9",108,400,28,33,8,"blue",2113
"67b6e6cd3ff52d5036ecc0f9",109,400,14,9,12,"blue",1972
"67b6e6cd3ff52d5036ecc0f9",110,500,31,34,8,"blue",1672
"67b6e6cd3ff52d5036ecc0f9",111,500,36,43,6,"blue",2355
"67b6e6cd3ff52d5036ecc0f9",112,400,30,10,6,"blue",2025
"67b6e6cd3ff52d5036ecc0f9",113,400,17,18,2,"blue",1782
"67b6e6cd3ff52d5036ecc0f9",114,500,31,25,2,"blue",2962
"67b6e6cd3ff52d5036ecc0f9",115,600,33,12,6,"blue",2927
"67b6e6cd3ff52d5036ecc0f9",116,500,27,34,12,"blue",2427
"62b628e4351d179f1ff6cc59",21,500,35,43,12,"red",1087
"62b628e4351d179f1ff6cc59",22,600,29,19,2,"red",791
"62b628e4351d179f1ff6cc59",23,400,36,37,12,"red",1034
"62b628e4351d179f1ff6cc59",24,500,24,27,12,"red",936
"62b628e4351d179f1ff6cc59",25,600,28,26,8,"red",904
"62b628e4351d179f1ff6cc59",26,600,15,16,6,"red",1088
"62b628e4351d179f1ff6cc59",27,600,20,22,12,"red",1000
"62b628e4351d179f1ff6cc59",28,500,36,35,8,"red",1215
"62b628e4351d179f1ff6cc59",29,400,28,30,8,"red",1104
"62b628e4351d179f1ff6cc59",30,400,34,38,8,"red",842
"62b628e4351d179f1ff6cc59",31,600,35,41,12,"red",973
"62b628e4351d179f1ff6cc59",32,500,34,39,8,"red",1182
"62b628e4351d179f1ff6cc59",33,600,20,21,6,"red",849
"62b628e4351d179f1ff6cc59",34,600,32,37,2,"red",1087
"62b628e4351d179f1ff6cc59",35,400,15,20,2,"red",896
"62b628e4351d179f1ff6cc59",36,400,25,25,6,"red",1209
"62b628e4351d179f1ff6cc59",37,400,16,17,6,"red",979
"62b628e4351d179f1ff6cc59",38,400,31,37,8,"red",961
"62b628e4351d179f1ff6cc59",39,400,28,33,2,"red",960
"62b628e4351d179f1ff6cc59",40,400,34,34,2,"red",1104
"62b628e4351d179f1ff6cc59",41,600,36,42,6,"red",1043
"62b628e4351d179f1ff6cc59",42,500,27,38,12,"red",980
"62b628e4351d179f1ff6cc59",43,600,14,9,2,"red",1133
"62b628e4351d179f1ff6cc59",44,400,28,31,2,"red",1214
"62b628e4351d179f1ff6cc59",45,400,27,28,12,"red",941
"62b628e4351d179f1ff6cc59",46,500,23,21,8,"red",1018
"62b628e4351d179f1ff6cc59",47,400,20,19,6,"red",917
"62b628e4351d179f1ff6cc59",48,500,28,30,2,"red",1096
"62b628e4351d179f1ff6cc59",49,400,34,35,6,"red",1042
"62b628e4351d179f1ff6cc59",50,500,31,35,12,"red",1092
"62b628e4351d179f1ff6cc59",51,600,25,25,2,"red",1234
"62b628e4351d179f1ff6cc59",52,500,23,20,8,"red",965
"62b628e4351d179f1ff6cc59",53,500,24,20,8,"red",800
"62b628e4351d179f1ff6cc59",55,600,25,18,8,"red",1044
"62b628e4351d179f1ff6cc59",56,400,14,8,12,"red",907
"62b628e4351d179f1ff6cc59",57,600,16,16,6,"red",873
"62b628e4351d179f1ff6cc59",58,600,21,18,6,"red",1006
"62b628e4351d179f1ff6cc59",59,600,17,11,8,"red",886
"62b628e4351d179f1ff6cc59",60,600,35,43,12,"red",1027
"62b628e4351d179f1ff6cc59",61,400,33,42,12,"red",946
"62b628e4351d179f1ff6cc59",62,400,16,18,6,"red",857
"62b628e4351d179f1ff6cc59",63,400,25,24,6,"red",831
"62b628e4351d179f1ff6cc59",64,500,33,35,2,"red",1170
"62b628e4351d179f1ff6cc59",65,400,25,31,12,"red",947
"62b628e4351d179f1ff6cc59",66,600,27,31,2,"red",1066
"62b628e4351d179f1ff6cc59",67,600,22,17,6,"red",885
"62b628e4351d179f1ff6cc59",68,400,24,20,2,"red",850
"62b628e4351d179f1ff6cc59",69,600,18,29,8,"blue",1003
"62b628e4351d179f1ff6cc59",71,600,17,17,2,"blue",891
"62b628e4351d179f1ff6cc59",72,500,32,38,2,"blue",850
"62b628e4351d179f1ff6cc59",73,500,36,42,2,"blue",1022
"62b628e4351d179f1ff6cc59",74,600,19,19,12,"blue",979
"62b628e4351d179f1ff6cc59",75,500,29,32,6,"blue",945
"62b628e4351d179f1ff6cc59",76,600,30,37,8,"blue",910
"62b628e4351d179f1ff6cc59",77,600,21,20,8,"blue",729
"62b628e4351d179f1ff6cc59",78,400,35,43,8,"blue",895
"62b628e4351d179f1ff6cc59",79,600,25,34,8,"blue",860
"62b628e4351d179f1ff6cc59",80,500,32,31,12,"blue",1011
"62b628e4351d179f1ff6cc59",81,500,32,40,6,"blue",817
"62b628e4351d179f1ff6cc59",82,400,32,34,8,"blue",1077
"62b628e4351d179f1ff6cc59",83,500,28,20,12,"blue",824
"62b628e4351d179f1ff6cc59",84,600,19,11,6,"blue",921
"62b628e4351d179f1ff6cc59",85,400,28,27,8,"blue",961
"62b628e4351d179f1ff6cc59",86,500,29,34,6,"blue",936
"62b628e4351d179f1ff6cc59",87,600,18,15,2,"blue",787
"62b628e4351d179f1ff6cc59",88,500,24,20,8,"blue",1018
"62b628e4351d179f1ff6cc59",89,500,24,20,12,"blue",774
"62b628e4351d179f1ff6cc59",90,600,33,34,6,"blue",1083
"62b628e4351d179f1ff6cc59",91,500,21,10,2,"blue",810
"62b628e4351d179f1ff6cc59",92,500,31,34,12,"blue",821
"62b628e4351d179f1ff6cc59",93,600,28,35,6,"blue",893
"62b628e4351d179f1ff6cc59",94,600,26,35,8,"blue",783
"62b628e4351d179f1ff6cc59",95,500,31,31,2,"blue",862
"62b628e4351d179f1ff6cc59",96,600,19,17,6,"blue",928
"62b628e4351d179f1ff6cc59",97,500,31,36,12,"blue",895
"62b628e4351d179f1ff6cc59",99,400,21,16,12,"blue",1000
"62b628e4351d179f1ff6cc59",100,500,14,8,8,"blue",1348
"62b628e4351d179f1ff6cc59",101,600,29,35,2,"blue",963
"62b628e4351d179f1ff6cc59",102,600,21,16,6,"blue",726
"62b628e4351d179f1ff6cc59",103,500,27,27,8,"blue",1016
"62b628e4351d179f1ff6cc59",104,500,15,13,12,"blue",928
"62b628e4351d179f1ff6cc59",105,500,28,28,12,"blue",878
"62b628e4351d179f1ff6cc59",106,400,31,33,2,"blue",893
"62b628e4351d179f1ff6cc59",107,400,29,36,2,"blue",958
"62b628e4351d179f1ff6cc59",108,600,22,20,12,"blue",868
"62b628e4351d179f1ff6cc59",109,500,22,21,8,"blue",1280
"62b628e4351d179f1ff6cc59",110,400,25,26,2,"blue",1022
"62b628e4351d179f1ff6cc59",111,400,25,24,2,"blue",982
"62b628e4351d179f1ff6cc59",112,600,34,33,6,"blue",1099
"62b628e4351d179f1ff6cc59",114,500,18,13,6,"blue",1096
"62b628e4351d179f1ff6cc59",115,500,16,11,6,"blue",1176
"62b628e4351d179f1ff6cc59",116,600,36,43,12,"blue",1424
"636da58a0d76bbb9167dbf3e",22,500,19,21,12,"red",3630
"636da58a0d76bbb9167dbf3e",23,400,23,23,12,"red",1782
"636da58a0d76bbb9167dbf3e",24,600,20,23,2,"red",1701
"636da58a0d76bbb9167dbf3e",25,600,31,26,2,"red",2058
"636da58a0d76bbb9167dbf3e",26,400,34,31,2,"red",2466
"636da58a0d76bbb9167dbf3e",28,400,27,29,2,"red",2259
"636da58a0d76bbb9167dbf3e",29,500,14,16,6,"red",2358
"636da58a0d76bbb9167dbf3e",30,400,25,22,6,"red",1861
"636da58a0d76bbb9167dbf3e",31,600,27,26,12,"red",1851
"636da58a0d76bbb9167dbf3e",32,600,20,22,12,"red",2387
"636da58a0d76bbb9167dbf3e",33,400,36,33,8,"red",2584
"636da58a0d76bbb9167dbf3e",34,400,22,23,12,"red",2471
"636da58a0d76bbb9167dbf3e",35,600,24,21,8,"red",2618
"636da58a0d76bbb9167dbf3e",36,600,27,32,8,"red",2040
"636da58a0d76bbb9167dbf3e",37,600,17,21,8,"red",1660
"636da58a0d76bbb9167dbf3e",39,400,35,38,8,"red",2386
"636da58a0d76bbb9167dbf3e",40,400,29,31,2,"red",3202
"636da58a0d76bbb9167dbf3e",41,500,17,18,2,"red",1875
"636da58a0d76bbb9167dbf3e",42,600,14,14,2,"red",1524
"636da58a0d76bbb9167dbf3e",43,400,22,18,6,"red",1969
"636da58a0d76bbb9167dbf3e",44,400,21,15,6,"red",2693
"636da58a0d76bbb9167dbf3e",45,600,19,21,12,"red",1983
"636da58a0d76bbb9167dbf3e",46,500,26,23,6,"red",2014
"636da58a0d76bbb9167dbf3e",47,600,20,28,12,"red",1464
"636da58a0d76bbb9167dbf3e",48,500,21,23,6,"red",3146
"636da58a0d76bbb9167dbf3e",49,600,33,39,2,"red",3113
"636da58a0d76bbb9167dbf3e",50,500,29,35,6,"red",1938
"636da58a0d76bbb9167dbf3e",51,600,14,15,12,"red",2810
"636da58a0d76bbb9167dbf3e",52,500,24,20,8,"red",1459
"636da58a0d76bbb9167dbf3e",53,500,34,37,12,"red",1438
"636da58a0d76bbb9167dbf3e",54,400,27,15,8,"red",2561
"636da58a0d76bbb9167dbf3e",55,400,28,26,12,"red",2641
"636da58a0d76bbb9167dbf3e",56,500,34,35,2,"red",1969
"636da58a0d76bbb9167dbf3e",57,500,18,16,8,"red",2313
"636da58a0d76bbb9167dbf3e",58,400,19,31,12,"red",2586
"636da58a0d76bbb9167dbf3e",59,400,26,20,6,"red",2380
"636da58a0d76bbb9167dbf3e",60,400,29,29,6,"red",2729
"636da58a0d76bbb9167dbf3e",61,400,33,30,8,"red",2250
"636da58a0d76bbb9167dbf3e",62,400,16,14,2,"red",2273
"636da58a0d76bbb9167dbf3e",63,600,36,31,2,"red",1591
"636da58a0d76bbb9167dbf3e",64,400,15,17,8,"red",2330
"636da58a0d76bbb9167dbf3e",65,500,33,33,8,"red",2756
"636da58a0d76bbb9167dbf3e",66,400,14,9,8,"red",1711
"636da58a0d76bbb9167dbf3e",67,400,19,16,6,"red",2546
"636da58a0d76bbb9167dbf3e",68,500,34,28,6,"red",2518
"636da58a0d76bbb9167dbf3e",69,400,17,0,2,"blue",1909
"636da58a0d76bbb9167dbf3e",70,500,36,27,2,"blue",2681
"636da58a0d76bbb9167dbf3e",71,600,35,32,12,"blue",2779
"636da58a0d76bbb9167dbf3e",72,500,22,22,2,"blue",3013
"636da58a0d76bbb9167dbf3e",73,400,24,20,8,"blue",2720
"636da58a0d76bbb9167dbf3e",74,600,30,27,6,"blue",2357
"636da58a0d76bbb9167dbf3e",75,400,19,19,12,"blue",2767
"636da58a0d76bbb9167dbf3e",76,500,22,16,2,"blue",1527
"636da58a0d76bbb9167dbf3e",77,500,15,17,8,"blue",3483
"636da58a0d76bbb9167dbf3e",78,500,14,18,12,"blue",2772
"636da58a0d76bbb9167dbf3e",80,500,18,24,8,"blue",2233
"636da58a0d76bbb9167dbf3e",81,500,26,24,2,"blue",2111
"636da58a0d76bbb9167dbf3e",82,600,24,28,8,"blue",2319
"636da58a0d76bbb9167dbf3e",83,400,21,22,12,"blue",1914
"636da58a0d76bbb9167dbf3e",84,400,22,16,12,"blue",2838
"636da58a0d76bbb9167dbf3e",85,400,16,16,2,"blue",2792
"636da58a0d76bbb9167dbf3e",86,600,23,21,6,"blue",1476
"636da58a0d76bbb9167dbf3e",87,500,21,24,6,"blue",2304
"636da58a0d76bbb9167dbf3e",88,400,34,33,12,"blue",3240
"636da58a0d76bbb9167dbf3e",89,600,21,19,6,"blue",2412
"636da58a0d76bbb9167dbf3e",90,400,20,18,2,"blue",2494
"636da58a0d76bbb9167dbf3e",91,500,34,34,12,"blue",2433
"636da58a0d76bbb9167dbf3e",92,600,35,38,6,"blue",2931
"636da58a0d76bbb9167dbf3e",93,500,35,34,2,"blue",2923
"636da58a0d76bbb9167dbf3e",94,400,24,17,6,"blue",3306
"636da58a0d76bbb9167dbf3e",95,400,23,11,12,"blue",2079
"636da58a0d76bbb9167dbf3e",96,500,23,15,6,"blue",1653
"636da58a0d76bbb9167dbf3e",98,600,33,33,12,"blue",2066
"636da58a0d76bbb9167dbf3e",99,600,21,15,2,"blue",1948
"636da58a0d76bbb9167dbf3e",100,500,34,25,6,"blue",1757
"636da58a0d76bbb9167dbf3e",101,600,25,27,6,"blue",1562
"636da58a0d76bbb9167dbf3e",102,500,28,26,2,"blue",3459
"636da58a0d76bbb9167dbf3e",103,600,25,26,8,"blue",2832
"636da58a0d76bbb9167dbf3e",104,600,24,28,8,"blue",1554
"636da58a0d76bbb9167dbf3e",106,500,27,25,6,"blue",2061
"636da58a0d76bbb9167dbf3e",107,600,21,14,8,"blue",3915
"636da58a0d76bbb9167dbf3e",109,500,32,35,8,"blue",2644
"636da58a0d76bbb9167dbf3e",111,400,27,17,8,"blue",2464
"636da58a0d76bbb9167dbf3e",112,600,15,14,2,"blue",3433
"636da58a0d76bbb9167dbf3e",113,600,30,24,6,"blue",2765
"636da58a0d76bbb9167dbf3e",114,500,25,25,12,"blue",1764
"636da58a0d76bbb9167dbf3e",116,400,32,29,12,"blue",1523
"5b523bdc608e18000184d8a6",21,600,19,9,2,"red",1628
"5b523bdc608e18000184d8a6",22,600,31,26,12,"red",1021
"5b523bdc608e18000184d8a6",23,400,16,9,8,"red",1330
"5b523bdc608e18000184d8a6",24,500,32,27,12,"red",1487
"5b523bdc608e18000184d8a6",25,500,22,13,2,"red",1622
"5b523bdc608e18000184d8a6",26,500,23,17,2,"red",1185
"5b523bdc608e18000184d8a6",27,500,17,15,12,"red",1094
"5b523bdc608e18000184d8a6",28,600,30,22,12,"red",1414
"5b523bdc608e18000184d8a6",29,600,20,16,2,"red",1321
"5b523bdc608e18000184d8a6",30,500,31,19,8,"red",1471
"5b523bdc608e18000184d8a6",31,400,25,11,2,"red",1193
"5b523bdc608e18000184d8a6",32,600,29,24,12,"red",990
"5b523bdc608e18000184d8a6",33,500,21,16,6,"red",983
"5b523bdc608e18000184d8a6",34,500,29,21,2,"red",1149
"5b523bdc608e18000184d8a6",35,400,28,27,6,"red",1178
"5b523bdc608e18000184d8a6",36,500,33,24,2,"red",1336
"5b523bdc608e18000184d8a6",37,400,28,19,12,"red",1035
"5b523bdc608e18000184d8a6",38,600,17,14,8,"red",1263
"5b523bdc608e18000184d8a6",39,600,28,18,2,"red",1545
"5b523bdc608e18000184d8a6",40,500,26,14,6,"red",1701
"5b523bdc608e18000184d8a6",41,600,28,21,6,"red",1588
"5b523bdc608e18000184d8a6",42,500,30,26,12,"red",1482
"5b523bdc608e18000184d8a6",43,500,36,27,8,"red",1404
"5b523bdc608e18000184d8a6",44,600,27,15,8,"red",1327
"5b523bdc608e18000184d8a6",45,600,35,25,8,"red",1461
"5b523bdc608e18000184d8a6",46,500,26,19,8,"red",1494
"5b523bdc608e18000184d8a6",47,400,24,13,8,"red",1415
"5b523bdc608e18000184d8a6",48,500,32,26,12,"red",1046
"5b523bdc608e18000184d8a6",49,400,35,26,12,"red",1437
"5b523bdc608e18000184d8a6",50,500,24,20,8,"red",975
"5b523bdc608e18000184d8a6",51,500,28,17,6,"red",1249
"5b523bdc608e18000184d8a6",52,400,24,19,8,"red",1098
"5b523bdc608e18000184d8a6",53,600,18,14,2,"red",1124
"5b523bdc608e18000184d8a6",54,500,19,11,6,"red",956
"5b523bdc608e18000184d8a6",55,500,17,12,8,"red",1068
"5b523bdc608e18000184d8a6",56,600,29,21,6,"red",1008
"5b523bdc608e18000184d8a6",57,500,19,12,12,"red",1073
"5b523bdc608e18000184d8a6",58,500,30,26,8,"red",2087
"5b523bdc608e18000184d8a6",59,600,30,23,6,"red",1530
"5b523bdc608e18000184d8a6",60,400,33,28,6,"red",1068
"5b523bdc608e18000184d8a6",62,400,35,39,6,"red",1141
"5b523bdc608e18000184d8a6",63,400,32,40,12,"red",1030
"5b523bdc608e18000184d8a6",64,600,16,9,2,"red",1421
"5b523bdc608e18000184d8a6",65,400,34,40,6,"red",1271
"5b523bdc608e18000184d8a6",66,600,33,31,12,"red",1092
"5b523bdc608e18000184d8a6",67,500,31,25,2,"red",1232
"5b523bdc608e18000184d8a6",68,400,30,34,6,"red",1121
"5b523bdc608e18000184d8a6",69,600,27,27,6,"blue",1581
"5b523bdc608e18000184d8a6",70,500,16,17,12,"blue",1468
"5b523bdc608e18000184d8a6",71,400,15,14,8,"blue",1120
"5b523bdc608e18000184d8a6",72,600,32,29,6,"blue",1564
"5b523bdc608e18000184d8a6",73,400,32,32,12,"blue",1191
"5b523bdc608e18000184d8a6",74,400,18,23,8,"blue",1233
"5b523bdc608e18000184d8a6",75,600,30,32,6,"blue",884
"5b523bdc608e18000184d8a6",76,600,14,20,2,"blue",1419
"5b523bdc608e18000184d8a6",77,400,15,14,12,"blue",2058
"5b523bdc608e18000184d8a6",78,400,16,12,8,"blue",1523
"5b523bdc608e18000184d8a6",79,500,15,16,6,"blue",1139
"5b523bdc608e18000184d8a6",80,500,25,28,12,"blue",953
"5b523bdc608e18000184d8a6",81,400,20,18,8,"blue",1195
"5b523bdc608e18000184d8a6",82,400,36,46,6,"blue",666
"5b523bdc608e18000184d8a6",83,400,27,22,2,"blue",1593
"5b523bdc608e18000184d8a6",84,400,21,22,8,"blue",1286
"5b523bdc608e18000184d8a6",85,600,17,22,8,"blue",1611
"5b523bdc608e18000184d8a6",86,500,33,40,2,"blue",843
"5b523bdc608e18000184d8a6",89,500,19,21,6,"blue",1375
"5b523bdc608e18000184d8a6",92,500,14,17,6,"blue",1229
"5b523bdc608e18000184d8a6",93,600,27,29,6,"blue",1418
"5b523bdc608e18000184d8a6",95,400,24,20,2,"blue",1062
"5b523bdc608e18000184d8a6",96,400,17,13,12,"blue",1616
"5b523bdc608e18000184d8a6",97,500,27,28,2,"blue",2031
"5b523bdc608e18000184d8a6",98,600,21,12,6,"blue",1499
"5b523bdc608e18000184d8a6",99,500,16,18,8,"blue",1014
"5b523bdc608e18000184d8a6",100,400,36,26,2,"blue",1321
"5b523bdc608e18000184d8a6",101,400,29,28,12,"blue",1004
"5b523bdc608e18000184d8a6",102,500,22,24,12,"blue",906
"5b523bdc608e18000184d8a6",103,400,32,23,6,"blue",1948
"5b523bdc608e18000184d8a6",104,400,24,23,8,"blue",1928
"5b523bdc608e18000184d8a6",105,400,24,16,8,"blue",1093
"5b523bdc608e18000184d8a6",106,600,31,23,2,"blue",768
"5b523bdc608e18000184d8a6",107,400,18,18,8,"blue",788
"5b523bdc608e18000184d8a6",108,400,14,10,12,"blue",934
"5b523bdc608e18000184d8a6",109,500,21,34,12,"blue",788
"5b523bdc608e18000184d8a6",110,600,33,39,8,"blue",851
"5b523bdc608e18000184d8a6",111,500,35,30,2,"blue",854
"5b523bdc608e18000184d8a6",112,600,18,20,2,"blue",896
"5b523bdc608e18000184d8a6",113,400,35,44,2,"blue",1381
"5b523bdc608e18000184d8a6",114,500,17,10,2,"blue",973
"5b523bdc608e18000184d8a6",115,400,35,28,6,"blue",849
"5b523bdc608e18000184d8a6",116,600,14,13,12,"blue",929
"67d84f3ae6e2db3ba2b69b5e",21,600,30,29,12,"blue",3612
"67d84f3ae6e2db3ba2b69b5e",22,500,32,31,6,"blue",2478
"67d84f3ae6e2db3ba2b69b5e",23,500,29,29,2,"blue",3335
"67d84f3ae6e2db3ba2b69b5e",24,400,15,16,6,"blue",2144
"67d84f3ae6e2db3ba2b69b5e",25,400,36,20,8,"blue",2514
"67d84f3ae6e2db3ba2b69b5e",26,500,22,28,8,"blue",2937
"67d84f3ae6e2db3ba2b69b5e",27,600,16,14,6,"blue",3626
"67d84f3ae6e2db3ba2b69b5e",28,400,24,21,6,"blue",2689
"67d84f3ae6e2db3ba2b69b5e",30,400,28,35,12,"blue",3204
"67d84f3ae6e2db3ba2b69b5e",31,500,19,24,12,"blue",2388
"67d84f3ae6e2db3ba2b69b5e",33,500,23,17,6,"blue",1981
"67d84f3ae6e2db3ba2b69b5e",34,600,35,23,2,"blue",2658
"67d84f3ae6e2db3ba2b69b5e",35,400,25,27,12,"blue",2757
"67d84f3ae6e2db3ba2b69b5e",36,400,34,32,6,"blue",2564
"67d84f3ae6e2db3ba2b69b5e",37,600,14,31,6,"blue",2664
"67d84f3ae6e2db3ba2b69b5e",38,600,22,32,12,"blue",2826
"67d84f3ae6e2db3ba2b69b5e",39,500,25,30,12,"blue",3263
"67d84f3ae6e2db3ba2b69b5e",40,600,28,26,2,"blue",3203
"67d84f3ae6e2db3ba2b69b5e",41,500,36,28,6,"blue",3649
"67d84f3ae6e2db3ba2b69b5e",42,600,17,21,12,"blue",2892
"67d84f3ae6e2db3ba2b69b5e",43,500,19,21,2,"blue",3688
"67d84f3ae6e2db3ba2b69b5e",44,400,36,26,8,"blue",2815
"67d84f3ae6e2db3ba2b69b5e",45,500,19,22,2,"blue",3545
"67d84f3ae6e2db3ba2b69b5e",46,600,35,29,2,"blue",4159
"67d84f3ae6e2db3ba2b69b5e",47,600,24,27,2,"blue",3150
"67d84f3ae6e2db3ba2b69b5e",48,400,19,30,8,"blue",2753
"67d84f3ae6e2db3ba2b69b5e",49,400,22,21,8,"blue",2782
"67d84f3ae6e2db3ba2b69b5e",50,600,32,21,12,"blue",1941
"67d84f3ae6e2db3ba2b69b5e",51,400,32,21,2,"blue",2382
"67d84f3ae6e2db3ba2b69b5e",52,400,35,22,6,"blue",3295
"67d84f3ae6e2db3ba2b69b5e",53,600,33,23,12,"blue",2901
"67d84f3ae6e2db3ba2b69b5e",54,400,33,26,8,"blue",3732
"67d84f3ae6e2db3ba2b69b5e",55,500,19,28,2,"blue",2609
"67d84f3ae6e2db3ba2b69b5e",56,600,18,18,8,"blue",2515
"67d84f3ae6e2db3ba2b69b5e",57,500,21,21,8,"blue",2809
"67d84f3ae6e2db3ba2b69b5e",58,500,22,17,2,"blue",2086
"67d84f3ae6e2db3ba2b69b5e",59,400,20,18,8,"blue",2982
"67d84f3ae6e2db3ba2b69b5e",60,600,21,22,12,"blue",2936
"67d84f3ae6e2db3ba2b69b5e",61,600,35,22,8,"blue",2513
"67d84f3ae6e2db3ba2b69b5e",62,500,30,18,6,"blue",3033
"67d84f3ae6e2db3ba2b69b5e",63,500,35,22,6,"blue",3396
"67d84f3ae6e2db3ba2b69b5e",65,500,31,20,6,"blue",3302
"67d84f3ae6e2db3ba2b69b5e",66,500,19,22,2,"blue",3717
"67d84f3ae6e2db3ba2b69b5e",67,500,17,20,12,"blue",3736
"67d84f3ae6e2db3ba2b69b5e",68,500,24,19,2,"blue",2397
"67d84f3ae6e2db3ba2b69b5e",69,600,28,26,2,"red",2489
"67d84f3ae6e2db3ba2b69b5e",70,400,18,27,6,"red",2209
"67d84f3ae6e2db3ba2b69b5e",71,600,23,22,2,"red",3072
"67d84f3ae6e2db3ba2b69b5e",72,400,29,28,8,"red",2232
"67d84f3ae6e2db3ba2b69b5e",73,400,18,23,8,"red",2535
"67d84f3ae6e2db3ba2b69b5e",74,400,35,34,6,"red",2948
"67d84f3ae6e2db3ba2b69b5e",75,500,17,30,12,"red",3406
"67d84f3ae6e2db3ba2b69b5e",76,500,25,32,6,"red",2572
"67d84f3ae6e2db3ba2b69b5e",77,400,19,15,2,"red",2952
"67d84f3ae6e2db3ba2b69b5e",78,600,19,16,6,"red",2336
"67d84f3ae6e2db3ba2b69b5e",79,500,22,22,12,"red",2421
"67d84f3ae6e2db3ba2b69b5e",80,500,35,26,8,"red",1997
"67d84f3ae6e2db3ba2b69b5e",81,600,33,31,12,"red",2310
"67d84f3ae6e2db3ba2b69b5e",82,600,23,26,6,"red",2488
"67d84f3ae6e2db3ba2b69b5e",83,400,22,27,12,"red",2681
"67d84f3ae6e2db3ba2b69b5e",84,600,35,26,2,"red",2652
"67d84f3ae6e2db3ba2b69b5e",85,400,23,23,2,"red",2137
"67d84f3ae6e2db3ba2b69b5e",86,600,21,20,2,"red",2501
"67d84f3ae6e2db3ba2b69b5e",87,500,34,28,6,"red",2251
"67d84f3ae6e2db3ba2b69b5e",88,500,28,27,8,"red",2817
"67d84f3ae6e2db3ba2b69b5e",89,500,14,16,2,"red",1781
"67d84f3ae6e2db3ba2b69b5e",90,400,30,27,6,"red",2729
"67d84f3ae6e2db3ba2b69b5e",91,500,20,28,6,"red",3367
"67d84f3ae6e2db3ba2b69b5e",92,400,14,19,6,"red",2081
"67d84f3ae6e2db3ba2b69b5e",94,500,25,18,8,"red",2514
"67d84f3ae6e2db3ba2b69b5e",95,500,19,21,6,"red",2266
"67d84f3ae6e2db3ba2b69b5e",96,600,14,21,2,"red",2775
"67d84f3ae6e2db3ba2b69b5e",97,400,19,21,8,"red",2294
"67d84f3ae6e2db3ba2b69b5e",98,400,33,23,8,"red",2122
"67d84f3ae6e2db3ba2b69b5e",99,600,18,21,12,"red",2123
"67d84f3ae6e2db3ba2b69b5e",100,400,27,20,2,"red",2641
"67d84f3ae6e2db3ba2b69b5e",101,600,36,32,12,"red",2295
"67d84f3ae6e2db3ba2b69b5e",102,400,19,25,12,"red",2317
"67d84f3ae6e2db3ba2b69b5e",103,500,24,27,12,"red",2959
"67d84f3ae6e2db3ba2b69b5e",104,600,29,28,12,"red",2583
"67d84f3ae6e2db3ba2b69b5e",105,400,28,24,2,"red",2457
"67d84f3ae6e2db3ba2b69b5e",106,500,19,30,12,"red",2178
"67d84f3ae6e2db3ba2b69b5e",107,600,24,24,12,"red",2456
"67d84f3ae6e2db3ba2b69b5e",108,500,16,19,2,"red",4299
"67d84f3ae6e2db3ba2b69b5e",109,500,20,31,8,"red",2563
"67d84f3ae6e2db3ba2b69b5e",110,500,36,24,6,"red",2286
"67d84f3ae6e2db3ba2b69b5e",111,400,19,25,8,"red",2677
"67d84f3ae6e2db3ba2b69b5e",112,500,32,28,8,"red",2926
"67d84f3ae6e2db3ba2b69b5e",113,600,30,30,6,"red",2487
"67d84f3ae6e2db3ba2b69b5e",114,400,22,29,8,"red",2546
"67d84f3ae6e2db3ba2b69b5e",115,600,21,19,2,"red",2266
"67d84f3ae6e2db3ba2b69b5e",116,600,17,18,12,"red",1953
"659daa1ed4e13d6428103c1f",21,400,27,24,6,"blue",2401
"659daa1ed4e13d6428103c1f",22,600,33,23,2,"blue",3144
"659daa1ed4e13d6428103c1f",23,400,35,27,2,"blue",1748
"659daa1ed4e13d6428103c1f",24,400,33,28,6,"blue",2063
"659daa1ed4e13d6428103c1f",25,600,19,19,6,"blue",1889
"659daa1ed4e13d6428103c1f",26,500,16,17,6,"blue",2325
"659daa1ed4e13d6428103c1f",27,600,30,24,12,"blue",2392
"659daa1ed4e13d6428103c1f",28,500,25,23,8,"blue",1990
"659daa1ed4e13d6428103c1f",29,500,31,29,8,"blue",1993
"659daa1ed4e13d6428103c1f",30,600,31,31,8,"blue",1747
"659daa1ed4e13d6428103c1f",31,400,24,25,6,"blue",2301
"659daa1ed4e13d6428103c1f",32,600,20,21,2,"blue",2112
"659daa1ed4e13d6428103c1f",33,600,36,34,12,"blue",2551
"659daa1ed4e13d6428103c1f",34,600,16,22,8,"blue",1970
"659daa1ed4e13d6428103c1f",35,600,14,14,12,"blue",3227
"659daa1ed4e13d6428103c1f",36,600,23,23,8,"blue",2157
"659daa1ed4e13d6428103c1f",37,500,20,17,6,"blue",2301
"659daa1ed4e13d6428103c1f",40,500,22,17,2,"blue",2749
"659daa1ed4e13d6428103c1f",41,600,36,34,12,"blue",2100
"659daa1ed4e13d6428103c1f",42,600,34,38,8,"blue",2082
"659daa1ed4e13d6428103c1f",43,500,15,18,6,"blue",2265
"659daa1ed4e13d6428103c1f",44,500,19,18,2,"blue",2353
"659daa1ed4e13d6428103c1f",45,500,35,28,2,"blue",2248
"659daa1ed4e13d6428103c1f",46,500,29,29,8,"blue",1822
"659daa1ed4e13d6428103c1f",47,600,34,36,2,"blue",1741
"659daa1ed4e13d6428103c1f",48,500,34,34,6,"blue",1620
"659daa1ed4e13d6428103c1f",49,400,20,26,6,"blue",1704
"659daa1ed4e13d6428103c1f",50,400,22,26,8,"blue",3670
"659daa1ed4e13d6428103c1f",51,500,23,27,8,"blue",3464
"659daa1ed4e13d6428103c1f",52,600,21,28,6,"blue",2513
"659daa1ed4e13d6428103c1f",53,600,26,22,2,"blue",1763
"659daa1ed4e13d6428103c1f",54,400,28,26,12,"blue",2062
"659daa1ed4e13d6428103c1f",57,400,15,18,12,"blue",3653
"659daa1ed4e13d6428103c1f",58,500,34,34,2,"blue",2270
"659daa1ed4e13d6428103c1f",59,400,30,35,12,"blue",2465
"659daa1ed4e13d6428103c1f",60,500,19,30,8,"blue",3003
"659daa1ed4e13d6428103c1f",61,500,29,30,12,"blue",1667
"659daa1ed4e13d6428103c1f",62,600,34,35,12,"blue",1565
"659daa1ed4e13d6428103c1f",63,400,18,26,12,"blue",2810
"659daa1ed4e13d6428103c1f",64,500,36,22,8,"blue",2151
"659daa1ed4e13d6428103c1f",65,600,36,36,2,"blue",3659
"659daa1ed4e13d6428103c1f",66,400,31,29,6,"blue",1568
"659daa1ed4e13d6428103c1f",68,600,20,22,12,"blue",2580
"659daa1ed4e13d6428103c1f",69,500,31,24,6,"red",2274
"659daa1ed4e13d6428103c1f",70,600,33,20,2,"red",1782
"659daa1ed4e13d6428103c1f",71,400,32,28,2,"red",2401
"659daa1ed4e13d6428103c1f",72,500,31,35,8,"red",3088
"659daa1ed4e13d6428103c1f",73,600,35,37,8,"red",2225
"659daa1ed4e13d6428103c1f",74,600,25,20,12,"red",2119
"659daa1ed4e13d6428103c1f",75,600,21,16,8,"red",2245
"659daa1ed4e13d6428103c1f",76,400,30,21,8,"red",1918
"659daa1ed4e13d6428103c1f",77,400,20,12,6,"red",2093
"659daa1ed4e13d6428103c1f",78,400,23,14,12,"red",1976
"659daa1ed4e13d6428103c1f",79,600,32,23,6,"red",2789
"659daa1ed4e13d6428103c1f",80,600,23,22,12,"red",1724
"659daa1ed4e13d6428103c1f",81,500,33,24,2,"red",3537
"659daa1ed4e13d6428103c1f",82,600,18,18,2,"red",2343
"659daa1ed4e13d6428103c1f",83,500,23,9,12,"red",2211
"659daa1ed4e13d6428103c1f",84,500,20,11,8,"red",2164
"659daa1ed4e13d6428103c1f",85,600,30,14,2,"red",1861
"659daa1ed4e13d6428103c1f",86,600,18,8,2,"red",1883
"659daa1ed4e13d6428103c1f",87,600,33,11,6,"red",2714
"659daa1ed4e13d6428103c1f",88,600,35,17,6,"red",1784
"659daa1ed4e13d6428103c1f",89,500,26,28,12,"red",1865
"659daa1ed4e13d6428103c1f",90,500,24,19,8,"red",1795
"659daa1ed4e13d6428103c1f",91,600,26,18,2,"red",1740
"659daa1ed4e13d6428103c1f",92,500,32,31,2,"red",2354
"659daa1ed4e13d6428103c1f",93,500,23,14,2,"red",1790
"659daa1ed4e13d6428103c1f",94,500,20,8,6,"red",1866
"659daa1ed4e13d6428103c1f",95,600,36,24,8,"red",1835
"659daa1ed4e13d6428103c1f",96,600,30,24,12,"red",1819
"659daa1ed4e13d6428103c1f",97,400,32,26,6,"red",1981
"659daa1ed4e13d6428103c1f",98,400,29,17,8,"red",2118
"659daa1ed4e13d6428103c1f",99,500,32,27,12,"red",2139
"659daa1ed4e13d6428103c1f",100,500,26,21,8,"red",2396
"659daa1ed4e13d6428103c1f",101,400,14,11,6,"red",1950
"659daa1ed4e13d6428103c1f",102,400,30,27,2,"red",2070
"659daa1ed4e13d6428103c1f",103,600,24,25,12,"red",1949
"659daa1ed4e13d6428103c1f",104,400,16,9,8,"red",1890
"659daa1ed4e13d6428103c1f",105,500,20,11,12,"red",2361
"659daa1ed4e13d6428103c1f",106,500,24,9,8,"red",1640
"659daa1ed4e13d6428103c1f",107,400,16,9,6,"red",1643
"659daa1ed4e13d6428103c1f",108,600,23,16,12,"red",1672
"659daa1ed4e13d6428103c1f",109,600,34,23,6,"red",1930
"659daa1ed4e13d6428103c1f",110,600,34,18,2,"red",2946
"659daa1ed4e13d6428103c1f",111,500,32,34,6,"red",2415
"659daa1ed4e13d6428103c1f",112,600,29,31,12,"red",2259
"659daa1ed4e13d6428103c1f",113,400,33,21,2,"red",1664
"659daa1ed4e13d6428103c1f",114,400,20,23,6,"red",2007
"659daa1ed4e13d6428103c1f",115,500,20,13,8,"red",2112
"659daa1ed4e13d6428103c1f",116,500,17,10,12,"red",2585
"67ef4c37f1e3a6b457d0e046",23,600,32,16,6,"blue",3132
"67ef4c37f1e3a6b457d0e046",24,600,32,32,2,"blue",2670
"67ef4c37f1e3a6b457d0e046",25,400,32,31,8,"blue",2037
"67ef4c37f1e3a6b457d0e046",26,500,36,33,8,"blue",3682
"67ef4c37f1e3a6b457d0e046",27,500,19,18,6,"blue",2467
"67ef4c37f1e3a6b457d0e046",28,600,27,21,12,"blue",2251
"67ef4c37f1e3a6b457d0e046",30,400,34,40,12,"blue",3364
"67ef4c37f1e3a6b457d0e046",31,600,23,13,12,"blue",3505
"67ef4c37f1e3a6b457d0e046",32,600,33,31,2,"blue",1798
"67ef4c37f1e3a6b457d0e046",33,500,15,7,2,"blue",1939
"67ef4c37f1e3a6b457d0e046",34,500,21,17,12,"blue",2035
"67ef4c37f1e3a6b457d0e046",35,600,19,12,2,"blue",2102
"67ef4c37f1e3a6b457d0e046",36,400,22,19,8,"blue",3346
"67ef4c37f1e3a6b457d0e046",37,400,30,26,12,"blue",1696
"67ef4c37f1e3a6b457d0e046",38,600,14,9,12,"blue",1578
"67ef4c37f1e3a6b457d0e046",39,500,29,20,8,"blue",1711
"67ef4c37f1e3a6b457d0e046",40,400,32,48,8,"blue",1826
"67ef4c37f1e3a6b457d0e046",41,400,28,15,8,"blue",2002
"67ef4c37f1e3a6b457d0e046",43,400,17,16,2,"blue",3697
"67ef4c37f1e3a6b457d0e046",44,500,35,24,12,"blue",1970
"67ef4c37f1e3a6b457d0e046",45,400,21,29,8,"blue",1520
"67ef4c37f1e3a6b457d0e046",46,500,33,17,6,"blue",2202
"67ef4c37f1e3a6b457d0e046",47,500,23,9,8,"blue",3129
"67ef4c37f1e3a6b457d0e046",48,500,15,14,2,"blue",2231
"67ef4c37f1e3a6b457d0e046",49,600,32,26,6,"blue",3487
"67ef4c37f1e3a6b457d0e046",50,400,20,18,2,"blue",4183
"67ef4c37f1e3a6b457d0e046",51,600,35,31,6,"blue",4121
"67ef4c37f1e3a6b457d0e046",52,600,22,17,2,"blue",3799
"67ef4c37f1e3a6b457d0e046",53,500,26,29,6,"blue",3031
"67ef4c37f1e3a6b457d0e046",54,600,28,30,2,"blue",4033
"67ef4c37f1e3a6b457d0e046",55,400,16,15,8,"blue",3608
"67ef4c37f1e3a6b457d0e046",56,500,15,16,6,"blue",2931
"67ef4c37f1e3a6b457d0e046",57,400,26,20,12,"blue",2634
"67ef4c37f1e3a6b457d0e046",58,600,19,21,8,"blue",1748
"67ef4c37f1e3a6b457d0e046",59,400,24,16,8,"blue",1612
"67ef4c37f1e3a6b457d0e046",60,500,24,24,2,"blue",2054
"67ef4c37f1e3a6b457d0e046",61,500,19,21,2,"blue",2364
"67ef4c37f1e3a6b457d0e046",62,400,20,22,6,"blue",2349
"67ef4c37f1e3a6b457d0e046",63,600,28,48,6,"blue",2874
"67ef4c37f1e3a6b457d0e046",65,500,23,17,6,"blue",3160
"67ef4c37f1e3a6b457d0e046",66,500,22,19,12,"blue",2298
"67ef4c37f1e3a6b457d0e046",67,400,16,11,8,"blue",2973
"67ef4c37f1e3a6b457d0e046",68,600,29,25,12,"blue",3319
"67ef4c37f1e3a6b457d0e046",69,500,36,26,6,"red",3575
"67ef4c37f1e3a6b457d0e046",70,500,20,8,2,"red",2781
"67ef4c37f1e3a6b457d0e046",71,500,24,18,8,"red",2403
"67ef4c37f1e3a6b457d0e046",72,600,29,16,2,"red",1515
"67ef4c37f1e3a6b457d0e046",73,500,36,35,12,"red",3823
"67ef4c37f1e3a6b457d0e046",75,400,22,15,8,"red",2204
"67ef4c37f1e3a6b457d0e046",76,500,25,16,12,"red",2532
"67ef4c37f1e3a6b457d0e046",78,400,22,21,12,"red",1856
"67ef4c37f1e3a6b457d0e046",79,400,28,20,12,"red",3446
"67ef4c37f1e3a6b457d0e046",81,600,17,11,6,"red",2561
"67ef4c37f1e3a6b457d0e046",82,400,17,8,6,"red",2048
"67ef4c37f1e3a6b457d0e046",83,600,30,30,6,"red",2745
"67ef4c37f1e3a6b457d0e046",84,500,30,34,6,"red",2424
"67ef4c37f1e3a6b457d0e046",85,400,27,27,2,"red",3619
"67ef4c37f1e3a6b457d0e046",86,600,36,40,12,"red",2705
"67ef4c37f1e3a6b457d0e046",87,500,32,35,12,"red",2554
"67ef4c37f1e3a6b457d0e046",88,600,21,18,2,"red",2975
"67ef4c37f1e3a6b457d0e046",89,400,29,24,8,"red",1692
"67ef4c37f1e3a6b457d0e046",90,400,26,18,2,"red",3242
"67ef4c37f1e3a6b457d0e046",91,500,29,23,8,"red",1994
"67ef4c37f1e3a6b457d0e046",92,500,26,25,6,"red",2443
"67ef4c37f1e3a6b457d0e046",93,500,27,17,12,"red",4670
"67ef4c37f1e3a6b457d0e046",94,600,36,25,8,"red",1852
"67ef4c37f1e3a6b457d0e046",95,400,23,16,6,"red",2512
"67ef4c37f1e3a6b457d0e046",96,500,16,9,2,"red",1716
"67ef4c37f1e3a6b457d0e046",97,600,36,34,8,"red",1811
"67ef4c37f1e3a6b457d0e046",98,500,35,38,12,"red",2161
"67ef4c37f1e3a6b457d0e046",99,600,30,26,12,"red",2586
"67ef4c37f1e3a6b457d0e046",100,600,23,14,8,"red",2091
"67ef4c37f1e3a6b457d0e046",101,400,27,29,2,"red",3777
"67ef4c37f1e3a6b457d0e046",102,500,35,37,6,"red",2368
"67ef4c37f1e3a6b457d0e046",103,400,25,28,2,"red",3342
"67ef4c37f1e3a6b457d0e046",104,600,14,20,6,"red",2903
"67ef4c37f1e3a6b457d0e046",105,600,25,28,2,"red",3587
"67ef4c37f1e3a6b457d0e046",106,400,22,24,8,"red",3050
"67ef4c37f1e3a6b457d0e046",107,500,18,13,6,"red",2219
"67ef4c37f1e3a6b457d0e046",108,500,15,15,8,"red",2312
"67ef4c37f1e3a6b457d0e046",109,500,23,14,12,"red",2552
"67ef4c37f1e3a6b457d0e046",110,500,17,15,2,"red",2303
"67ef4c37f1e3a6b457d0e046",111,600,19,12,2,"red",2583
"67ef4c37f1e3a6b457d0e046",112,600,36,31,8,"red",2988
"67ef4c37f1e3a6b457d0e046",113,600,17,24,6,"red",2877
"67ef4c37f1e3a6b457d0e046",114,400,33,34,8,"red",3680
"67ef4c37f1e3a6b457d0e046",115,600,30,35,12,"red",1589
"67ef4c37f1e3a6b457d0e046",116,600,22,17,6,"red",1642
"671d0d96e4bdbdca47815da2",21,500,19,14,2,"blue",3005
"671d0d96e4bdbdca47815da2",22,500,21,22,8,"blue",2047
"671d0d96e4bdbdca47815da2",23,400,17,19,12,"blue",2701
"671d0d96e4bdbdca47815da2",24,500,15,14,2,"blue",1779
"671d0d96e4bdbdca47815da2",25,400,29,28,12,"blue",2242
"671d0d96e4bdbdca47815da2",26,500,22,26,8,"blue",1947
"671d0d96e4bdbdca47815da2",27,400,26,24,6,"blue",1837
"671d0d96e4bdbdca47815da2",28,500,20,26,12,"blue",2541
"671d0d96e4bdbdca47815da2",29,400,31,31,6,"blue",1553
"671d0d96e4bdbdca47815da2",30,400,35,29,2,"blue",1943
"671d0d96e4bdbdca47815da2",31,600,34,29,2,"blue",3324
"671d0d96e4bdbdca47815da2",32,400,16,13,2,"blue",1892
"671d0d96e4bdbdca47815da2",33,400,31,30,6,"blue",1740
"671d0d96e4bdbdca47815da2",34,600,36,33,2,"blue",2673
"671d0d96e4bdbdca47815da2",35,500,15,18,2,"blue",2217
"671d0d96e4bdbdca47815da2",36,500,36,34,6,"blue",1556
"671d0d96e4bdbdca47815da2",37,400,26,32,8,"blue",1979
"671d0d96e4bdbdca47815da2",38,600,33,33,8,"blue",2679
"671d0d96e4bdbdca47815da2",39,600,14,23,12,"blue",2557
"671d0d96e4bdbdca47815da2",40,600,32,38,12,"blue",2151
"671d0d96e4bdbdca47815da2",41,400,36,39,6,"blue",2209
"671d0d96e4bdbdca47815da2",42,400,35,41,8,"blue",1891
"671d0d96e4bdbdca47815da2",43,600,31,33,2,"blue",1874
"671d0d96e4bdbdca47815da2",44,400,26,29,8,"blue",1837
"671d0d96e4bdbdca47815da2",45,500,21,23,6,"blue",1854
"671d0d96e4bdbdca47815da2",46,600,21,26,8,"blue",1766
"671d0d96e4bdbdca47815da2",47,400,28,30,6,"blue",1801
"671d0d96e4bdbdca47815da2",48,500,27,29,12,"blue",1699
"671d0d96e4bdbdca47815da2",49,400,26,27,2,"blue",3306
"671d0d96e4bdbdca47815da2",50,400,25,26,6,"blue",1951
"671d0d96e4bdbdca47815da2",51,500,17,20,6,"blue",2241
"671d0d96e4bdbdca47815da2",52,400,20,17,2,"blue",2863
"671d0d96e4bdbdca47815da2",53,500,16,18,6,"blue",1767
"671d0d96e4bdbdca47815da2",54,400,17,18,12,"blue",2671
"671d0d96e4bdbdca47815da2",57,600,29,28,6,"blue",1792
"671d0d96e4bdbdca47815da2",58,500,17,17,2,"blue",1700
"671d0d96e4bdbdca47815da2",59,400,17,18,12,"blue",1984
"671d0d96e4bdbdca47815da2",60,400,34,48,12,"blue",1543
"671d0d96e4bdbdca47815da2",61,500,17,21,6,"blue",1871
"671d0d96e4bdbdca47815da2",62,600,21,22,8,"blue",1752
"671d0d96e4bdbdca47815da2",63,400,15,18,12,"blue",1571
"671d0d96e4bdbdca47815da2",64,500,17,18,12,"blue",1706
"671d0d96e4bdbdca47815da2",65,400,25,21,8,"blue",1729
"671d0d96e4bdbdca47815da2",66,400,14,12,8,"blue",1524
"671d0d96e4bdbdca47815da2",67,500,30,26,8,"blue",3251
"671d0d96e4bdbdca47815da2",68,500,35,44,12,"blue",1917
"671d0d96e4bdbdca47815da2",69,500,17,12,2,"red",1783
"671d0d96e4bdbdca47815da2",70,400,19,20,12,"red",2346
"671d0d96e4bdbdca47815da2",71,600,20,17,2,"red",1635
"671d0d96e4bdbdca47815da2",72,400,14,10,6,"red",1661
"671d0d96e4bdbdca47815da2",73,600,36,28,8,"red",1952
"671d0d96e4bdbdca47815da2",74,400,27,28,12,"red",2117
"671d0d96e4bdbdca47815da2",75,400,21,21,6,"red",2317
"671d0d96e4bdbdca47815da2",76,600,33,29,8,"red",1683
"671d0d96e4bdbdca47815da2",77,400,32,31,6,"red",1949
"671d0d96e4bdbdca47815da2",78,600,25,23,2,"red",1550
"671d0d96e4bdbdca47815da2",79,400,32,30,12,"red",2110
"671d0d96e4bdbdca47815da2",80,400,22,20,6,"red",1754
"671d0d96e4bdbdca47815da2",81,500,18,16,6,"red",1595
"671d0d96e4bdbdca47815da2",82,600,18,13,8,"red",1638
"671d0d96e4bdbdca47815da2",83,500,16,10,6,"red",1933
"671d0d96e4bdbdca47815da2",84,500,33,28,8,"red",2970
"671d0d96e4bdbdca47815da2",85,500,22,18,2,"red",2176
"671d0d96e4bdbdca47815da2",87,400,26,22,2,"red",1705
"671d0d96e4bdbdca47815da2",88,500,26,21,8,"red",1536
"671d0d96e4bdbdca47815da2",89,400,22,22,12,"red",1716
"671d0d96e4bdbdca47815da2",90,500,35,29,6,"red",1758
"671d0d96e4bdbdca47815da2",91,500,33,32,6,"red",2312
"671d0d96e4bdbdca47815da2",92,500,19,24,12,"red",1706
"671d0d96e4bdbdca47815da2",93,400,15,18,12,"red",2033
"671d0d96e4bdbdca47815da2",94,600,29,28,8,"red",1698
"671d0d96e4bdbdca47815da2",95,500,21,20,2,"red",1951
"671d0d96e4bdbdca47815da2",96,500,30,33,12,"red",1617
"671d0d96e4bdbdca47815da2",99,600,14,10,12,"red",1690
"671d0d96e4bdbdca47815da2",100,400,24,18,6,"red",1461
"671d0d96e4bdbdca47815da2",101,500,19,14,2,"red",1793
"671d0d96e4bdbdca47815da2",102,500,33,32,8,"red",1568
"671d0d96e4bdbdca47815da2",103,500,36,35,12,"red",2121
"671d0d96e4bdbdca47815da2",104,600,25,28,8,"red",1719
"671d0d96e4bdbdca47815da2",105,500,30,33,12,"red",1640
"671d0d96e4bdbdca47815da2",106,600,26,24,2,"red",1687
"671d0d96e4bdbdca47815da2",107,500,29,27,2,"red",2541
"671d0d96e4bdbdca47815da2",108,500,36,30,2,"red",1746
"671d0d96e4bdbdca47815da2",109,600,33,41,12,"red",1262
"671d0d96e4bdbdca47815da2",110,600,15,15,8,"red",1531
"671d0d96e4bdbdca47815da2",111,600,14,7,8,"red",1651
"671d0d96e4bdbdca47815da2",112,400,32,25,2,"red",1929
"671d0d96e4bdbdca47815da2",113,600,18,11,2,"red",1474
"671d0d96e4bdbdca47815da2",114,600,31,28,6,"red",1558
"671d0d96e4bdbdca47815da2",115,600,19,18,6,"red",1705
"671d0d96e4bdbdca47815da2",116,500,16,15,8,"red",2456
"66a9f9fffd341dfea501d53b",21,500,15,20,8,"red",3116
"66a9f9fffd341dfea501d53b",22,500,23,26,2,"red",3817
"66a9f9fffd341dfea501d53b",24,600,15,20,6,"red",3373
"66a9f9fffd341dfea501d53b",25,600,23,21,6,"red",4616
"66a9f9fffd341dfea501d53b",26,600,25,25,2,"red",3305
"66a9f9fffd341dfea501d53b",27,400,18,23,8,"red",3425
"66a9f9fffd341dfea501d53b",28,600,31,32,12,"red",4518
"66a9f9fffd341dfea501d53b",29,600,26,32,8,"red",4890
"66a9f9fffd341dfea501d53b",30,500,18,21,2,"red",4604
"66a9f9fffd341dfea501d53b",31,500,19,26,6,"red",3345
"66a9f9fffd341dfea501d53b",32,400,18,21,6,"red",4214
"66a9f9fffd341dfea501d53b",33,400,24,23,12,"red",4242
"66a9f9fffd341dfea501d53b",34,400,24,28,2,"red",3325
"66a9f9fffd341dfea501d53b",35,500,22,28,8,"red",4009
"66a9f9fffd341dfea501d53b",36,500,20,23,6,"red",3145
"66a9f9fffd341dfea501d53b",38,400,25,23,2,"red",4451
"66a9f9fffd341dfea501d53b",39,600,15,21,8,"red",4064
"66a9f9fffd341dfea501d53b",40,400,31,33,6,"red",3263
"66a9f9fffd341dfea501d53b",41,400,35,35,12,"red",3855
"66a9f9fffd341dfea501d53b",42,500,20,29,6,"red",3373
"66a9f9fffd341dfea501d53b",43,400,35,38,6,"red",3778
"66a9f9fffd341dfea501d53b",44,400,35,40,12,"red",4137
"66a9f9fffd341dfea501d53b",45,500,32,20,2,"red",2472
"66a9f9fffd341dfea501d53b",46,400,21,0,8,"red",4402
"66a9f9fffd341dfea501d53b",50,400,36,40,8,"red",4187
"66a9f9fffd341dfea501d53b",51,600,26,32,8,"red",4143
"66a9f9fffd341dfea501d53b",52,600,24,26,6,"red",4305
"66a9f9fffd341dfea501d53b",54,400,26,29,12,"red",4284
"66a9f9fffd341dfea501d53b",55,600,32,30,2,"red",3311
"66a9f9fffd341dfea501d53b",56,600,27,27,12,"red",4490
"66a9f9fffd341dfea501d53b",57,500,27,27,2,"red",3220
"66a9f9fffd341dfea501d53b",58,500,26,29,6,"red",3263
"66a9f9fffd341dfea501d53b",59,600,25,23,12,"red",4087
"66a9f9fffd341dfea501d53b",60,600,32,26,2,"red",3769
"66a9f9fffd341dfea501d53b",61,500,20,23,6,"red",4290
"66a9f9fffd341dfea501d53b",62,500,23,29,8,"red",3066
"66a9f9fffd341dfea501d53b",63,500,25,26,8,"red",2848
"66a9f9fffd341dfea501d53b",64,500,16,18,2,"red",4249
"66a9f9fffd341dfea501d53b",65,400,33,37,6,"red",3247
"66a9f9fffd341dfea501d53b",66,600,36,40,12,"red",3033
"66a9f9fffd341dfea501d53b",67,400,14,18,12,"red",2959
"66a9f9fffd341dfea501d53b",68,600,30,31,12,"red",3355
"66a9f9fffd341dfea501d53b",69,400,21,24,2,"blue",4680
"66a9f9fffd341dfea501d53b",70,500,33,38,2,"blue",2493
"66a9f9fffd341dfea501d53b",71,400,29,36,8,"blue",2984
"66a9f9fffd341dfea501d53b",72,500,17,23,12,"blue",3705
"66a9f9fffd341dfea501d53b",73,500,35,34,6,"blue",3143
"66a9f9fffd341dfea501d53b",75,600,33,39,12,"blue",2779
"66a9f9fffd341dfea501d53b",76,400,32,34,6,"blue",2793
"66a9f9fffd341dfea501d53b",77,500,16,26,6,"blue",4523
"66a9f9fffd341dfea501d53b",78,600,27,28,12,"blue",3604
"66a9f9fffd341dfea501d53b",79,400,30,30,2,"blue",4233
"66a9f9fffd341dfea501d53b",80,400,17,19,6,"blue",2785
"66a9f9fffd341dfea501d53b",81,500,33,32,2,"blue",2415
"66a9f9fffd341dfea501d53b",82,400,19,19,6,"blue",4161
"66a9f9fffd341dfea501d53b",83,600,27,29,8,"blue",3453
"66a9f9fffd341dfea501d53b",84,400,22,21,8,"blue",4506
"66a9f9fffd341dfea501d53b",85,600,36,29,8,"blue",4431
"66a9f9fffd341dfea501d53b",87,400,30,33,8,"blue",3058
"66a9f9fffd341dfea501d53b",88,500,22,21,12,"blue",3433
"66a9f9fffd341dfea501d53b",89,500,23,27,8,"blue",3067
"66a9f9fffd341dfea501d53b",90,400,23,29,12,"blue",4001
"66a9f9fffd341dfea501d53b",91,400,21,27,6,"blue",4712
"66a9f9fffd341dfea501d53b",92,500,36,39,6,"blue",3412
"66a9f9fffd341dfea501d53b",93,500,33,35,12,"blue",3006
"66a9f9fffd341dfea501d53b",94,500,21,28,8,"blue",3860
"66a9f9fffd341dfea501d53b",95,600,28,31,12,"blue",2566
"66a9f9fffd341dfea501d53b",96,400,21,18,2,"blue",4450
"66a9f9fffd341dfea501d53b",97,500,20,14,8,"blue",3434
"66a9f9fffd341dfea501d53b",98,600,33,28,2,"blue",4055
"66a9f9fffd341dfea501d53b",99,400,19,22,12,"blue",3746
"66a9f9fffd341dfea501d53b",100,600,15,20,8,"blue",3928
"66a9f9fffd341dfea501d53b",101,600,14,18,2,"blue",3661
"66a9f9fffd341dfea501d53b",102,500,32,34,2,"blue",3849
"66a9f9fffd341dfea501d53b",103,600,29,34,6,"blue",2758
"66a9f9fffd341dfea501d53b",105,500,27,33,12,"blue",3547
"66a9f9fffd341dfea501d53b",106,400,33,41,8,"blue",4478
"66a9f9fffd341dfea501d53b",108,500,31,33,12,"blue",3836
"66a9f9fffd341dfea501d53b",109,400,24,27,8,"blue",3697
"66a9f9fffd341dfea501d53b",110,500,22,24,2,"blue",3883
"66a9f9fffd341dfea501d53b",111,400,20,17,6,"blue",3700
"66a9f9fffd341dfea501d53b",113,600,24,21,6,"blue",3113
"66a9f9fffd341dfea501d53b",114,400,28,23,12,"blue",4374
"66a9f9fffd341dfea501d53b",115,500,32,35,12,"blue",2757
"66a9f9fffd341dfea501d53b",116,400,26,33,6,"blue",3046
"678f6e1f6a3d68ee8c1533f5",21,600,19,27,8,"blue",2402
"678f6e1f6a3d68ee8c1533f5",22,600,36,34,8,"blue",2556
"678f6e1f6a3d68ee8c1533f5",23,600,34,36,2,"blue",2558
"678f6e1f6a3d68ee8c1533f5",24,400,18,22,2,"blue",2727
"678f6e1f6a3d68ee8c1533f5",25,500,14,25,8,"blue",2279
"678f6e1f6a3d68ee8c1533f5",26,500,36,34,8,"blue",1901
"678f6e1f6a3d68ee8c1533f5",27,500,27,34,6,"blue",2467
"678f6e1f6a3d68ee8c1533f5",28,400,21,23,6,"blue",1967
"678f6e1f6a3d68ee8c1533f5",29,500,33,33,8,"blue",1866
"678f6e1f6a3d68ee8c1533f5",30,600,23,29,6,"blue",1801
"678f6e1f6a3d68ee8c1533f5",31,600,18,21,2,"blue",3015
"678f6e1f6a3d68ee8c1533f5",32,500,25,28,6,"blue",2043
"678f6e1f6a3d68ee8c1533f5",33,400,25,29,8,"blue",2091
"678f6e1f6a3d68ee8c1533f5",34,500,33,36,8,"blue",2411
"678f6e1f6a3d68ee8c1533f5",35,400,26,35,12,"blue",1662
"678f6e1f6a3d68ee8c1533f5",36,500,16,18,2,"blue",2389
"678f6e1f6a3d68ee8c1533f5",37,400,27,33,8,"blue",2115
"678f6e1f6a3d68ee8c1533f5",38,600,21,24,6,"blue",2285
"678f6e1f6a3d68ee8c1533f5",39,500,19,29,12,"blue",2068
"678f6e1f6a3d68ee8c1533f5",40,500,30,32,6,"blue",1974
"678f6e1f6a3d68ee8c1533f5",41,600,24,26,2,"blue",1973
"678f6e1f6a3d68ee8c1533f5",42,400,29,30,2,"blue",1863
"678f6e1f6a3d68ee8c1533f5",43,500,28,33,6,"blue",1528
"678f6e1f6a3d68ee8c1533f5",44,500,19,29,12,"blue",2295
"678f6e1f6a3d68ee8c1533f5",45,400,27,32,12,"blue",2428
"678f6e1f6a3d68ee8c1533f5",46,500,28,32,2,"blue",2319
"678f6e1f6a3d68ee8c1533f5",47,400,18,29,8,"blue",2134
"678f6e1f6a3d68ee8c1533f5",48,600,35,35,12,"blue",1483
"678f6e1f6a3d68ee8c1533f5",49,400,31,33,6,"blue",1734
"678f6e1f6a3d68ee8c1533f5",50,600,33,37,8,"blue",2407
"678f6e1f6a3d68ee8c1533f5",51,400,19,30,12,"blue",2555
"678f6e1f6a3d68ee8c1533f5",52,400,21,22,2,"blue",1491
"678f6e1f6a3d68ee8c1533f5",53,600,20,26,6,"blue",1766
"678f6e1f6a3d68ee8c1533f5",54,400,33,41,12,"blue",2258
"678f6e1f6a3d68ee8c1533f5",55,400,27,34,8,"blue",1370
"678f6e1f6a3d68ee8c1533f5",56,600,18,20,2,"blue",2543
"678f6e1f6a3d68ee8c1533f5",57,400,17,27,12,"blue",2051
"678f6e1f6a3d68ee8c1533f5",58,500,32,35,2,"blue",1969
"678f6e1f6a3d68ee8c1533f5",59,600,15,16,2,"blue",1774
"678f6e1f6a3d68ee8c1533f5",60,400,30,26,6,"blue",2439
"678f6e1f6a3d68ee8c1533f5",61,500,36,33,6,"blue",1676
"678f6e1f6a3d68ee8c1533f5",62,500,25,31,12,"blue",2337
"678f6e1f6a3d68ee8c1533f5",63,500,29,29,2,"blue",1770
"678f6e1f6a3d68ee8c1533f5",64,500,16,24,6,"blue",2425
"678f6e1f6a3d68ee8c1533f5",65,600,30,32,12,"blue",1309
"678f6e1f6a3d68ee8c1533f5",66,600,26,30,12,"blue",1930
"678f6e1f6a3d68ee8c1533f5",67,400,36,30,8,"blue",2051
"678f6e1f6a3d68ee8c1533f5",68,600,31,33,12,"blue",2386
"678f6e1f6a3d68ee8c1533f5",69,400,25,29,12,"red",2313
"678f6e1f6a3d68ee8c1533f5",70,400,32,31,2,"red",1439
"678f6e1f6a3d68ee8c1533f5",71,400,15,23,12,"red",919
"678f6e1f6a3d68ee8c1533f5",72,400,23,27,2,"red",2735
"678f6e1f6a3d68ee8c1533f5",73,500,33,26,2,"red",1332
"678f6e1f6a3d68ee8c1533f5",74,400,17,21,8,"red",2206
"678f6e1f6a3d68ee8c1533f5",75,400,31,29,2,"red",1710
"678f6e1f6a3d68ee8c1533f5",76,400,15,16,2,"red",2635
"678f6e1f6a3d68ee8c1533f5",77,500,29,27,2,"red",1675
"678f6e1f6a3d68ee8c1533f5",78,600,21,21,6,"red",1616
"678f6e1f6a3d68ee8c1533f5",79,500,34,29,6,"red",1513
"678f6e1f6a3d68ee8c1533f5",80,600,33,31,6,"red",1954
"678f6e1f6a3d68ee8c1533f5",81,600,29,29,6,"red",2047
"678f6e1f6a3d68ee8c1533f5",82,400,18,18,12,"red",1590
"678f6e1f6a3d68ee8c1533f5",83,600,30,29,12,"red",1995
"678f6e1f6a3d68ee8c1533f5",84,400,17,23,6,"red",2432
"678f6e1f6a3d68ee8c1533f5",85,500,14,18,8,"red",1373
"678f6e1f6a3d68ee8c1533f5",86,400,21,23,6,"red",1544
"678f6e1f6a3d68ee8c1533f5",87,500,27,30,12,"red",1575
"678f6e1f6a3d68ee8c1533f5",88,400,28,32,6,"red",2350
"678f6e1f6a3d68ee8c1533f5",89,400,19,28,8,"red",1443
"678f6e1f6a3d68ee8c1533f5",90,400,20,25,2,"red",1584
"678f6e1f6a3d68ee8c1533f5",91,400,34,30,12,"red",1519
"678f6e1f6a3d68ee8c1533f5",92,600,30,32,12,"red",2112
"678f6e1f6a3d68ee8c1533f5",93,400,17,22,8,"red",2561
"678f6e1f6a3d68ee8c1533f5",94,400,33,29,8,"red",1704
"678f6e1f6a3d68ee8c1533f5",95,400,23,28,6,"red",1527
"678f6e1f6a3d68ee8c1533f5",96,600,34,31,8,"red",1612
"678f6e1f6a3d68ee8c1533f5",97,500,18,20,6,"red",1765
"678f6e1f6a3d68ee8c1533f5",98,400,25,27,8,"red",1598
"678f6e1f6a3d68ee8c1533f5",99,500,21,21,2,"red",1581
"678f6e1f6a3d68ee8c1533f5",100,500,33,30,12,"red",1479
"678f6e1f6a3d68ee8c1533f5",101,500,29,25,2,"red",2634
"678f6e1f6a3d68ee8c1533f5",102,500,36,30,8,"red",1323
"678f6e1f6a3d68ee8c1533f5",103,500,29,33,8,"red",1617
"678f6e1f6a3d68ee8c1533f5",104,400,24,26,6,"red",1474
"678f6e1f6a3d68ee8c1533f5",105,500,35,26,2,"red",2362
"678f6e1f6a3d68ee8c1533f5",106,600,20,25,8,"red",2075
"678f6e1f6a3d68ee8c1533f5",107,500,19,18,2,"red",2514
"678f6e1f6a3d68ee8c1533f5",108,600,18,25,12,"red",1545
"678f6e1f6a3d68ee8c1533f5",109,600,23,25,6,"red",1847
"678f6e1f6a3d68ee8c1533f5",110,600,29,29,12,"red",1393
"678f6e1f6a3d68ee8c1533f5",111,500,27,25,6,"red",2290
"678f6e1f6a3d68ee8c1533f5",112,400,34,32,8,"red",2329
"678f6e1f6a3d68ee8c1533f5",113,400,23,25,8,"red",2005
"678f6e1f6a3d68ee8c1533f5",114,500,31,29,12,"red",1827
"678f6e1f6a3d68ee8c1533f5",115,400,35,34,12,"red",1306
"678f6e1f6a3d68ee8c1533f5",116,400,28,33,2,"red",2650
