"participant_id","condition","variance_level","n_sides","n_low","n_high","inward_low","inward_high","inward"
"average.55b5f6b6fdf99b713277dc94","average","3",2,20,15,-1.2,2.4,0.6
"average.55b5f6b6fdf99b713277dc94","average","5",2,18,18,0.666666666666667,3.66666666666667,2.16666666666667
"average.55b5f6b6fdf99b713277dc94","average","7",2,19,12,2.78947368421053,4.08333333333333,3.43640350877193
"average.58ed2be2a083320001a13783","average","3",2,23,16,-2.73913043478261,0.25,-1.2445652173913
"average.58ed2be2a083320001a13783","average","5",2,14,17,-0.928571428571428,1.11764705882353,0.0945378151260506
"average.58ed2be2a083320001a13783","average","7",2,19,13,1.47368421052632,1.84615384615385,1.65991902834008
"average.5d27dc6b46dea800184f8bfa","average","3",2,21,18,1.66666666666667,7.16666666666667,4.41666666666667
"average.5d27dc6b46dea800184f8bfa","average","5",2,17,10,2.29411764705882,8.3,5.29705882352941
"average.5d27dc6b46dea800184f8bfa","average","7",2,21,16,1.0952380952381,6.3125,3.70386904761905
"average.5eb278ce4602871c6d7e335d","average","3",2,21,15,-6.28571428571429,0.2,-3.04285714285714
"average.5eb278ce4602871c6d7e335d","average","5",2,18,19,-4.77777777777778,2.57894736842105,-1.09941520467836
"average.5eb278ce4602871c6d7e335d","average","7",2,19,12,-1.21052631578947,5.33333333333333,2.06140350877193
"average.5f0a7dec44c42c19a6c9f6d9","average","3",2,12,14,-0.666666666666667,-2.85714285714286,-1.76190476190476
"average.5f0a7dec44c42c19a6c9f6d9","average","5",2,19,15,-2.36842105263158,-0.933333333333333,-1.65087719298246
"average.5f0a7dec44c42c19a6c9f6d9","average","7",2,27,16,0.111111111111111,-0.6875,-0.288194444444444
"average.5f3898caed1478189b8462a0","average","3",2,17,15,-4.94117647058824,0.2,-2.37058823529412
"average.5f3898caed1478189b8462a0","average","5",2,20,11,-3.95,5.09090909090909,0.570454545454545
"average.5f3898caed1478189b8462a0","average","7",2,14,18,-4.14285714285714,7.66666666666667,1.76190476190476
"average.5f9fdfd04296cb0102563f84","average","3",2,18,13,0.444444444444445,5.07692307692308,2.76068376068376
"average.5f9fdfd04296cb0102563f84","average","5",2,31,15,0.838709677419355,3.26666666666667,2.05268817204301
"average.5f9fdfd04296cb0102563f84","average","7",2,9,18,-0.333333333333333,-0.0555555555555556,-0.194444444444444
"average.606f9bca353fc36aba9ccb8b","average","3",2,22,10,-2.09090909090909,1.4,-0.345454545454545
"average.606f9bca353fc36aba9ccb8b","average","5",2,14,20,-1.14285714285714,3.1,0.978571428571429
"average.606f9bca353fc36aba9ccb8b","average","7",2,20,16,0.25,4.25,2.25
"average.61fa94015719bc09cb834e2e","average","3",2,16,12,-1.5625,-3.75,-2.65625
"average.61fa94015719bc09cb834e2e","average","5",2,23,15,0.695652173913044,-0.6,0.0478260869565218
"average.61fa94015719bc09cb834e2e","average","7",2,19,19,0.842105263157895,-0.947368421052631,-0.0526315789473682
"average.620bdd10a922fc3f247f6b6b","average","3",2,19,16,0.736842105263158,0.9375,0.837171052631579
"average.620bdd10a922fc3f247f6b6b","average","5",2,22,10,2.68181818181818,2.7,2.69090909090909
"average.620bdd10a922fc3f247f6b6b","average","7",2,16,18,2.5625,3.72222222222222,3.14236111111111
"average.63d40c3695dd423166c7c83d","average","3",2,19,8,-0.736842105263158,-1.875,-1.30592105263158
"average.63d40c3695dd423166c7c83d","average","5",2,17,17,2.82352941176471,-1.35294117647059,0.735294117647059
"average.63d40c3695dd423166c7c83d","average","7",2,18,19,0.888888888888889,-3.31578947368421,-1.21345029239766
"average.63e55e08efd239a8c8b9d39e","average","3",2,24,15,0,-6.4,-3.2
"average.63e55e08efd239a8c8b9d39e","average","5",2,15,14,2.46666666666667,-2.85714285714286,-0.195238095238095
"average.63e55e08efd239a8c8b9d39e","average","7",2,17,15,7.76470588235294,-4.6,1.58235294117647
"average.63fa812428f289c772131458","average","3",2,18,19,-1.61111111111111,-4.1578947368421,-2.88450292397661
"average.63fa812428f289c772131458","average","5",2,22,13,3.86363636363636,-0.769230769230769,1.5472027972028
"average.63fa812428f289c772131458","average","7",2,19,12,5.73684210526316,-3.16666666666667,1.28508771929825
"average.65dfbf73ec3a047b5653add8","average","3",2,23,12,-1.04347826086957,1.25,0.103260869565217
"average.65dfbf73ec3a047b5653add8","average","5",2,21,18,0.476190476190476,0.5,0.488095238095238
"average.65dfbf73ec3a047b5653add8","average","7",2,13,16,-0.076923076923077,2.8125,1.36778846153846
"average.65ebbd5d9188410923b21986","average","3",2,22,10,-0.227272727272728,-2.5,-1.36363636363636
"average.65ebbd5d9188410923b21986","average","5",2,15,21,3.66666666666667,-2.23809523809524,0.714285714285714
"average.65ebbd5d9188410923b21986","average","7",2,21,15,4.33333333333333,2.13333333333333,3.23333333333333
"average.66295cf0dbecaeeb1cddb852","average","3",2,28,6,-2.53571428571429,-1.5,-2.01785714285714
"average.66295cf0dbecaeeb1cddb852","average","5",2,18,12,0.722222222222222,-1.83333333333333,-0.555555555555556
"average.66295cf0dbecaeeb1cddb852","average","7",2,14,28,1.5,0.892857142857143,1.19642857142857
"average.66c0f464e0ff62798027b486","average","3",2,22,11,-2.22727272727273,-2.18181818181818,-2.20454545454545
"average.66c0f464e0ff62798027b486","average","5",2,16,15,0.5,2.13333333333333,1.31666666666667
"average.66c0f464e0ff62798027b486","average","7",2,20,18,0.95,3.72222222222222,2.33611111111111
"average.66e89b61d7709ff7f27a76be","average","3",2,44,9,0.181818181818183,3.44444444444444,1.81313131313131
"average.66e89b61d7709ff7f27a76be","average","5",2,11,12,-0.818181818181818,4.16666666666667,1.67424242424242
"average.66e89b61d7709ff7f27a76be","average","7",2,4,25,-0.75,3.48,1.365
"average.66f0c81ea46a554aeb92cd04","average","3",2,13,15,-0.384615384615384,1.73333333333333,0.674358974358974
"average.66f0c81ea46a554aeb92cd04","average","5",2,19,14,3,4.35714285714286,3.67857142857143
"average.66f0c81ea46a554aeb92cd04","average","7",2,18,15,2.88888888888889,4.06666666666667,3.47777777777778
"average.6711ee336b91eb0fcf53841f","average","3",2,19,17,-2.8421052631579,-1.23529411764706,-2.03869969040248
"average.6711ee336b91eb0fcf53841f","average","5",2,23,13,0.478260869565217,-0.923076923076923,-0.222408026755853
"average.6711ee336b91eb0fcf53841f","average","7",2,15,15,-0.533333333333333,1.13333333333333,0.3
"average.67265982eb0c3fc495c6e33a","average","3",2,23,11,-0.17391304347826,-0.454545454545454,-0.314229249011857
"average.67265982eb0c3fc495c6e33a","average","5",2,20,16,2.35,-0.3125,1.01875
"average.67265982eb0c3fc495c6e33a","average","7",2,13,17,2,0.705882352941176,1.35294117647059
"average.672a8544e38b571bd7d4fb71","average","3",2,21,20,0.952380952380952,2.1,1.52619047619048
"average.672a8544e38b571bd7d4fb71","average","5",2,24,14,2.54166666666667,1.42857142857143,1.98511904761905
"average.672a8544e38b571bd7d4fb71","average","7",2,14,12,3.78571428571429,3.41666666666667,3.60119047619048
"average.67382e41c232d1004b052fc4","average","3",2,16,17,-0.3125,3.11764705882353,1.40257352941176
"average.67382e41c232d1004b052fc4","average","5",2,18,19,0.388888888888889,4.10526315789474,2.24707602339181
"average.67382e41c232d1004b052fc4","average","7",2,23,10,1,6.1,3.55
"average.673feeafa80a279f5cc63e33","average","3",2,14,16,-0.285714285714286,-5.125,-2.70535714285714
"average.673feeafa80a279f5cc63e33","average","5",2,15,13,1.6,-6.76923076923077,-2.58461538461538
"average.673feeafa80a279f5cc63e33","average","7",2,20,16,0.95,-4.8125,-1.93125
"average.696a97da7648c7e49fa8eb36","average","3",2,19,17,1.10526315789474,-3.41176470588235,-1.15325077399381
"average.696a97da7648c7e49fa8eb36","average","5",2,21,13,-1.14285714285714,-1,-1.07142857142857
"average.696a97da7648c7e49fa8eb36","average","7",2,19,15,2.36842105263158,-0.333333333333333,1.01754385964912
"average.6980f50102e1cb37d5b3464a","average","3",2,18,12,-0.944444444444444,2.08333333333333,0.569444444444444
"average.6980f50102e1cb37d5b3464a","average","5",2,22,15,0.818181818181818,3.26666666666667,2.04242424242424
"average.6980f50102e1cb37d5b3464a","average","7",2,19,19,0.31578947368421,3.52631578947368,1.92105263157895
"average.69854f587004c7ca1ef67ab5","average","3",2,12,20,0,-0.0499999999999998,-0.0249999999999999
"average.69854f587004c7ca1ef67ab5","average","5",2,25,10,1.68,0.3,0.99
"average.69854f587004c7ca1ef67ab5","average","7",2,20,16,4.25,1.3125,2.78125
"average.69864918d688ba39aab5c4a9","average","3",2,18,17,-2.11111111111111,1.52941176470588,-0.290849673202614
"average.69864918d688ba39aab5c4a9","average","5",2,20,13,1.2,2,1.6
"average.69864918d688ba39aab5c4a9","average","7",2,20,13,2.25,4.61538461538461,3.43269230769231
"average.698a3d827015c99ab3f87957","average","3",2,18,18,-2.16666666666667,8.38888888888889,3.11111111111111
"average.698a3d827015c99ab3f87957","average","5",2,18,15,-2.94444444444444,9,3.02777777777778
"average.698a3d827015c99ab3f87957","average","7",2,23,11,-0.478260869565217,10.6363636363636,5.07905138339921
"average.699288bfa36a91c33ada5723","average","3",2,20,16,-4.05,4.125,0.0375000000000001
"average.699288bfa36a91c33ada5723","average","5",2,19,12,-2.57894736842105,5.91666666666667,1.66885964912281
"average.699288bfa36a91c33ada5723","average","7",2,20,17,-1.3,10.1176470588235,4.40882352941176
"average.6998845b8b98b147215b19e5","average","3",2,17,20,-0.0588235294117649,-0.8,-0.429411764705882
"average.6998845b8b98b147215b19e5","average","5",2,17,17,0.588235294117647,-1.23529411764706,-0.323529411764706
"average.6998845b8b98b147215b19e5","average","7",2,26,8,1.11538461538462,2.125,1.62019230769231
"average.699f3d1a77d51612aeaf5766","average","3",2,14,16,-2.92857142857143,-3.625,-3.27678571428571
"average.699f3d1a77d51612aeaf5766","average","5",2,20,14,-0.25,0.428571428571428,0.0892857142857142
"average.699f3d1a77d51612aeaf5766","average","7",2,24,16,-1.54166666666667,3.3125,0.885416666666667
"average.699fc622b54af00bf1380eba","average","3",2,23,12,-4.65217391304348,-3.41666666666667,-4.03442028985507
"average.699fc622b54af00bf1380eba","average","5",2,22,9,-2.90909090909091,-0.111111111111111,-1.51010101010101
"average.699fc622b54af00bf1380eba","average","7",2,13,25,-1.07692307692308,-0.76,-0.918461538461538
"average.69a30af34cf4575fd785090b","average","3",2,15,15,-2.66666666666667,-6.06666666666667,-4.36666666666667
"average.69a30af34cf4575fd785090b","average","5",2,21,18,0.857142857142857,-1.72222222222222,-0.432539682539683
"average.69a30af34cf4575fd785090b","average","7",2,22,11,0.0909090909090908,-2.45454545454545,-1.18181818181818
"average.69a4b67351c86f1665010c28","average","3",2,15,15,1.73333333333333,-0.333333333333333,0.7
"average.69a4b67351c86f1665010c28","average","5",2,21,16,2.66666666666667,0.125,1.39583333333333
"average.69a4b67351c86f1665010c28","average","7",2,19,15,3.89473684210526,1.93333333333333,2.9140350877193
"average.69a54b53983c2fc21935a276","average","3",2,16,19,-6.8125,0.631578947368421,-3.09046052631579
"average.69a54b53983c2fc21935a276","average","5",2,18,8,-5,-2.25,-3.625
"average.69a54b53983c2fc21935a276","average","7",2,23,14,-2.69565217391304,-0.5,-1.59782608695652
"average.69aa203bc67c0093e96b9875","average","3",2,15,18,-1.06666666666667,-1.27777777777778,-1.17222222222222
"average.69aa203bc67c0093e96b9875","average","5",2,19,14,-0.263157894736842,-2.71428571428571,-1.48872180451128
"average.69aa203bc67c0093e96b9875","average","7",2,25,13,0.16,-1.38461538461538,-0.612307692307692
"average.69ac80094c5494db959077d6","average","3",2,22,17,-0.454545454545455,2.88235294117647,1.21390374331551
"average.69ac80094c5494db959077d6","average","5",2,17,10,1.64705882352941,6.3,3.97352941176471
"average.69ac80094c5494db959077d6","average","7",2,17,18,-0.294117647058824,7.61111111111111,3.65849673202614
"average.69acffd5ce1304cfa474a22f","average","3",2,25,14,-2.04,-4.07142857142857,-3.05571428571429
"average.69acffd5ce1304cfa474a22f","average","5",2,18,10,-0.166666666666666,-0.8,-0.483333333333333
"average.69acffd5ce1304cfa474a22f","average","7",2,14,20,-0.0714285714285715,3.6,1.76428571428571
"average.69af386aa115c4cb66894fb8","average","3",2,24,14,8.08333333333333,-2.5,2.79166666666667
"average.69af386aa115c4cb66894fb8","average","5",2,18,11,7.88888888888889,-2.09090909090909,2.8989898989899
"average.69af386aa115c4cb66894fb8","average","7",2,14,17,9.28571428571429,4,6.64285714285714
"average.69b4b502fec38544c443c643","average","3",2,18,13,0.444444444444444,-0.615384615384616,-0.0854700854700857
"average.69b4b502fec38544c443c643","average","5",2,21,15,4,-0.533333333333333,1.73333333333333
"average.69b4b502fec38544c443c643","average","7",2,20,16,4.55,-0.3125,2.11875
"average.69b702926fc53d9dd8eeaa52","average","3",2,20,7,4.85,-7.28571428571429,-1.21785714285714
"average.69b702926fc53d9dd8eeaa52","average","5",2,33,9,5.15151515151515,-6.66666666666667,-0.757575757575758
"average.69b702926fc53d9dd8eeaa52","average","7",2,5,29,3,-2.62068965517241,0.189655172413793
"average.69b885c83f7ae2b8458c6624","average","3",2,22,13,-6.22727272727273,2.53846153846154,-1.84440559440559
"average.69b885c83f7ae2b8458c6624","average","5",2,12,17,-5.66666666666667,0.235294117647059,-2.7156862745098
"average.69b885c83f7ae2b8458c6624","average","7",2,20,15,-1.05,-0.533333333333334,-0.791666666666667
"average.69b8c2e2a791bd09e0041dd7","average","3",2,13,16,-1.46153846153846,2.75,0.644230769230769
"average.69b8c2e2a791bd09e0041dd7","average","5",2,25,18,1.68,5.66666666666667,3.67333333333333
"average.69b8c2e2a791bd09e0041dd7","average","7",2,21,10,4.23809523809524,1,2.61904761904762
"average.69b9174a05fa2db6d0a8b4ff","average","3",2,24,19,-9.66666666666667,9.1578947368421,-0.254385964912282
"average.69b9174a05fa2db6d0a8b4ff","average","5",2,19,13,-4.05263157894737,8.15384615384615,2.05060728744939
"average.69b9174a05fa2db6d0a8b4ff","average","7",2,17,12,-1.82352941176471,10.5833333333333,4.37990196078431
"average.69bb5d0e58b8b38af6ea30eb","average","3",2,20,13,-2.15,1.61538461538462,-0.267307692307692
"average.69bb5d0e58b8b38af6ea30eb","average","5",2,25,13,-1.76,3.23076923076923,0.735384615384615
"average.69bb5d0e58b8b38af6ea30eb","average","7",2,14,18,3.42857142857143,3.11111111111111,3.26984126984127
"average.69bc4a5a75e354d36da3b4df","average","3",2,21,15,-1.28571428571429,0.2,-0.542857142857143
"average.69bc4a5a75e354d36da3b4df","average","5",2,19,17,-3.05263157894737,4.52941176470588,0.738390092879257
"average.69bc4a5a75e354d36da3b4df","average","7",2,15,12,-3.2,4.83333333333333,0.816666666666667
"average.69bdd52e962f286c3349b154","average","3",2,18,17,0.777777777777778,4.11764705882353,2.44771241830065
"average.69bdd52e962f286c3349b154","average","5",2,24,12,4.79166666666667,1.41666666666667,3.10416666666667
"average.69bdd52e962f286c3349b154","average","7",2,17,15,5.35294117647059,2.53333333333333,3.94313725490196
"average.69c07518ef8c7765906f4e89","average","3",2,23,13,-1.26086956521739,0.076923076923077,-0.591973244147157
"average.69c07518ef8c7765906f4e89","average","5",2,21,12,-0.19047619047619,0,-0.0952380952380952
"average.69c07518ef8c7765906f4e89","average","7",2,15,19,3.73333333333333,2.68421052631579,3.20877192982456
"average.69c19681729c357296460f3d","average","3",2,15,21,-2.33333333333333,-4.38095238095238,-3.35714285714286
"average.69c19681729c357296460f3d","average","5",2,20,10,0.3,-3.3,-1.5
"average.69c19681729c357296460f3d","average","7",2,23,14,-0.173913043478261,-1.85714285714286,-1.01552795031056
"average.69c1aaedff8c0b25b7df1d32","average","3",2,19,16,-7.36842105263158,0.3125,-3.52796052631579
"average.69c1aaedff8c0b25b7df1d32","average","5",2,20,16,-6,-2.5,-4.25
"average.69c1aaedff8c0b25b7df1d32","average","7",2,21,14,-2.23809523809524,-0.285714285714286,-1.26190476190476
"experience.558955ebfdf99b6bd06016c9","experience","3",2,29,15,-3.3448275862069,-1,-2.17241379310345
"experience.558955ebfdf99b6bd06016c9","experience","5",2,21,18,-1.33333333333333,-0.111111111111111,-0.722222222222222
"experience.558955ebfdf99b6bd06016c9","experience","7",2,7,12,1.14285714285714,-2.08333333333333,-0.470238095238095
"experience.56c79f6cc41c43000c0886b0","experience","3",2,20,16,1.3,-1.125,0.0875000000000002
"experience.56c79f6cc41c43000c0886b0","experience","5",2,16,14,1.0625,0.857142857142857,0.959821428571428
"experience.56c79f6cc41c43000c0886b0","experience","7",2,22,15,3.09090909090909,1.86666666666667,2.47878787878788
"experience.5711c09d28742b0011c585be","experience","3",2,13,12,5.76923076923077,-2.16666666666667,1.80128205128205
"experience.5711c09d28742b0011c585be","experience","5",2,24,16,5.54166666666667,-2.1875,1.67708333333333
"experience.5711c09d28742b0011c585be","experience","7",2,22,15,6.22727272727273,-0.466666666666667,2.88030303030303
"experience.5a5aabd3acc75b00017a5300","experience","3",2,18,13,1.5,5.30769230769231,3.40384615384615
"experience.5a5aabd3acc75b00017a5300","experience","5",2,19,15,1.68421052631579,4.8,3.24210526315789
"experience.5a5aabd3acc75b00017a5300","experience","7",2,23,17,3.56521739130435,5.58823529411765,4.576726342711
"experience.5a792c898fe2dc0001058c3b","experience","3",2,22,13,-2.86363636363636,-4.46153846153846,-3.66258741258741
"experience.5a792c898fe2dc0001058c3b","experience","5",2,21,16,0.523809523809524,-2.5,-0.988095238095238
"experience.5a792c898fe2dc0001058c3b","experience","7",2,17,17,0.529411764705882,-2.88235294117647,-1.17647058823529
"experience.5b0d1b8e444cef0001ca66ac","experience","3",2,22,18,-3.04545454545455,2.38888888888889,-0.328282828282829
"experience.5b0d1b8e444cef0001ca66ac","experience","5",2,18,14,-3.88888888888889,4.42857142857143,0.26984126984127
"experience.5b0d1b8e444cef0001ca66ac","experience","7",2,18,13,-0.611111111111111,2.30769230769231,0.848290598290598
"experience.5bb58e338f3bd70001e5df57","experience","3",2,20,15,-3.1,1.26666666666667,-0.916666666666667
"experience.5bb58e338f3bd70001e5df57","experience","5",2,22,14,-2.86363636363636,5.35714285714286,1.24675324675325
"experience.5bb58e338f3bd70001e5df57","experience","7",2,15,17,-0.933333333333333,7.29411764705882,3.18039215686275
"experience.5c223d4a4a7e1f000137e5b9","experience","3",2,22,14,-2.90909090909091,-6.42857142857143,-4.66883116883117
"experience.5c223d4a4a7e1f000137e5b9","experience","5",2,25,17,1.44,-2.82352941176471,-0.691764705882353
"experience.5c223d4a4a7e1f000137e5b9","experience","7",2,11,14,1.54545454545455,-2.64285714285714,-0.548701298701299
"experience.5d0c46b3dff7d70019e6dda7","experience","3",2,16,16,0.9375,-2.0625,-0.5625
"experience.5d0c46b3dff7d70019e6dda7","experience","5",2,23,13,1.73913043478261,-1.61538461538462,0.0618729096989964
"experience.5d0c46b3dff7d70019e6dda7","experience","7",2,20,17,2.9,-1.70588235294118,0.597058823529412
"experience.5d4611bb3c5a360001b1bb59","experience","3",2,19,15,2.05263157894737,-3.06666666666667,-0.507017543859649
"experience.5d4611bb3c5a360001b1bb59","experience","5",2,25,14,1.8,-2,-0.1
"experience.5d4611bb3c5a360001b1bb59","experience","7",2,15,15,6.73333333333333,-2.46666666666667,2.13333333333333
"experience.5e991aaac7bc1615ea5b3eb8","experience","3",2,22,13,-0.590909090909091,5.30769230769231,2.35839160839161
"experience.5e991aaac7bc1615ea5b3eb8","experience","5",2,22,13,-0.772727272727273,4.69230769230769,1.95979020979021
"experience.5e991aaac7bc1615ea5b3eb8","experience","7",2,16,19,3.5,6.31578947368421,4.9078947368421
"experience.5ebb96b6cd673a0008ace9ce","experience","3",2,17,10,-2.23529411764706,4.2,0.982352941176471
"experience.5ebb96b6cd673a0008ace9ce","experience","5",2,21,15,-0.285714285714286,6,2.85714285714286
"experience.5ebb96b6cd673a0008ace9ce","experience","7",2,22,21,-0.863636363636364,7.19047619047619,3.16341991341991
"experience.5f16f559325a640008bb9a07","experience","3",2,22,11,1.04545454545454,-1.54545454545455,-0.25
"experience.5f16f559325a640008bb9a07","experience","5",2,22,16,1.18181818181818,-3.0625,-0.940340909090909
"experience.5f16f559325a640008bb9a07","experience","7",2,16,14,2.75,-1.28571428571429,0.732142857142857
"experience.5fb809a247aaee22c2a204fc","experience","3",2,23,16,-3.21739130434783,4.3125,0.547554347826087
"experience.5fb809a247aaee22c2a204fc","experience","5",2,16,12,-4.3125,4.75,0.21875
"experience.5fb809a247aaee22c2a204fc","experience","7",2,17,18,-6.05882352941176,6.11111111111111,0.0261437908496731
"experience.608f39d2c76e436967135846","experience","3",2,20,18,0.9,0.833333333333333,0.866666666666667
"experience.608f39d2c76e436967135846","experience","5",2,19,14,2.36842105263158,0.285714285714286,1.32706766917293
"experience.608f39d2c76e436967135846","experience","7",2,21,13,4.23809523809524,-0.0769230769230771,2.08058608058608
"experience.610c83598db46d4d46de2c61","experience","3",2,20,17,2.05,-6.41176470588235,-2.18088235294118
"experience.610c83598db46d4d46de2c61","experience","5",2,23,12,3.56521739130435,-2.16666666666667,0.69927536231884
"experience.610c83598db46d4d46de2c61","experience","7",2,15,16,4.6,-0.8125,1.89375
"experience.6120602a67554358bbd53c9d","experience","3",2,22,19,-0.5,-2.21052631578947,-1.35526315789474
"experience.6120602a67554358bbd53c9d","experience","5",2,17,10,-0.11764705882353,3.1,1.49117647058824
"experience.6120602a67554358bbd53c9d","experience","7",2,19,17,-1.15789473684211,5.94117647058824,2.39164086687307
"experience.6172cf92f2ea6613f717abb6","experience","3",2,12,17,0.75,0.470588235294118,0.610294117647059
"experience.6172cf92f2ea6613f717abb6","experience","5",2,26,7,1.76923076923077,-1.85714285714286,-0.0439560439560438
"experience.6172cf92f2ea6613f717abb6","experience","7",2,18,17,5.38888888888889,-1.52941176470588,1.9297385620915
"experience.62e174454a461d00781acfe1","experience","3",2,22,15,-0.409090909090909,-3.2,-1.80454545454545
"experience.62e174454a461d00781acfe1","experience","5",2,15,17,0.333333333333333,-1.05882352941176,-0.362745098039216
"experience.62e174454a461d00781acfe1","experience","7",2,20,13,1.1,-0.615384615384616,0.242307692307692
"experience.6329e23d509947bfd4c50ab3","experience","3",2,21,15,-7.23809523809524,-0.4,-3.81904761904762
"experience.6329e23d509947bfd4c50ab3","experience","5",2,23,14,-3.56521739130435,3.28571428571429,-0.139751552795031
"experience.6329e23d509947bfd4c50ab3","experience","7",2,16,16,-2.5,3.125,0.3125
"experience.63d92dacc885e6167a4a486c","experience","3",2,19,11,2.05263157894737,0.818181818181818,1.43540669856459
"experience.63d92dacc885e6167a4a486c","experience","5",2,21,15,1.0952380952381,3.2,2.14761904761905
"experience.63d92dacc885e6167a4a486c","experience","7",2,17,19,3.29411764705882,3.36842105263158,3.3312693498452
"experience.64badb09518eb5b219132eea","experience","3",2,25,15,-3.44,-6.26666666666667,-4.85333333333333
"experience.64badb09518eb5b219132eea","experience","5",2,20,14,-3.15,-3.14285714285714,-3.14642857142857
"experience.64badb09518eb5b219132eea","experience","7",2,14,17,0.357142857142857,1.41176470588235,0.884453781512605
"experience.65181c2f753b188afdddd2c4","experience","3",2,22,16,-2.04545454545454,1.0625,-0.491477272727272
"experience.65181c2f753b188afdddd2c4","experience","5",2,16,19,-1.0625,3,0.96875
"experience.65181c2f753b188afdddd2c4","experience","7",2,20,11,0.2,3.27272727272727,1.73636363636364
"experience.655f8b959477c803eb906622","experience","3",2,20,14,-2.85,-0.285714285714286,-1.56785714285714
"experience.655f8b959477c803eb906622","experience","5",2,19,16,-0.789473684210526,0.25,-0.269736842105263
"experience.655f8b959477c803eb906622","experience","7",2,19,15,-0.210526315789474,0.0666666666666666,-0.0719298245614036
"experience.655fd05c12d38751dfa91559","experience","3",2,15,20,-2.93333333333333,3,0.0333333333333334
"experience.655fd05c12d38751dfa91559","experience","5",2,26,10,0.384615384615385,2.5,1.44230769230769
"experience.655fd05c12d38751dfa91559","experience","7",2,17,15,1.29411764705882,3.73333333333333,2.51372549019608
"experience.6599b15ac5bd63ec64f8b1f5","experience","3",2,20,15,0.25,-0.666666666666667,-0.208333333333333
"experience.6599b15ac5bd63ec64f8b1f5","experience","5",2,15,20,-0.8,1.15,0.175
"experience.6599b15ac5bd63ec64f8b1f5","experience","7",2,23,11,-1.04347826086957,0.909090909090909,-0.0671936758893282
"experience.65cce024500351e8c8f7ff26","experience","3",2,21,18,-1.04761904761905,0.722222222222223,-0.162698412698413
"experience.65cce024500351e8c8f7ff26","experience","5",2,18,14,0.333333333333333,2.28571428571429,1.30952380952381
"experience.65cce024500351e8c8f7ff26","experience","7",2,21,14,-0.238095238095239,4.71428571428571,2.23809523809524
"experience.6639151df5e0ac5d59c17055","experience","3",2,18,14,-0.555555555555555,-3.42857142857143,-1.99206349206349
"experience.6639151df5e0ac5d59c17055","experience","5",2,16,17,-2.1875,0.647058823529411,-0.770220588235294
"experience.6639151df5e0ac5d59c17055","experience","7",2,22,14,1.22727272727273,1.92857142857143,1.57792207792208
"experience.6650ecda2657647b60a302eb","experience","3",2,22,12,-0.318181818181818,4.25,1.96590909090909
"experience.6650ecda2657647b60a302eb","experience","5",2,22,14,0.0454545454545449,4.07142857142857,2.05844155844156
"experience.6650ecda2657647b60a302eb","experience","7",2,15,18,0.733333333333333,5.83333333333333,3.28333333333333
"experience.66573c811d17794993965781","experience","3",2,17,16,-3.35294117647059,0.875,-1.23897058823529
"experience.66573c811d17794993965781","experience","5",2,22,16,-2,-1.9375,-1.96875
"experience.66573c811d17794993965781","experience","7",2,19,14,-3.05263157894737,0.5,-1.27631578947368
"experience.66613916abcfcbe01b57b32a","experience","3",2,20,17,0.4,0,0.2
"experience.66613916abcfcbe01b57b32a","experience","5",2,21,16,2.9047619047619,0.875,1.88988095238095
"experience.66613916abcfcbe01b57b32a","experience","7",2,18,11,3.22222222222222,1.81818181818182,2.52020202020202
"experience.66789a1e138a59bb4ad16fa5","experience","3",2,12,16,-0.916666666666667,3.375,1.22916666666667
"experience.66789a1e138a59bb4ad16fa5","experience","5",2,25,15,-1,4.86666666666667,1.93333333333333
"experience.66789a1e138a59bb4ad16fa5","experience","7",2,20,15,0.75,3.26666666666667,2.00833333333333
"experience.66d8e14e71c04a7d23ff43c9","experience","3",2,20,12,-0.0499999999999999,-1.08333333333333,-0.566666666666667
"experience.66d8e14e71c04a7d23ff43c9","experience","5",2,13,15,2.07692307692308,-3.6,-0.761538461538461
"experience.66d8e14e71c04a7d23ff43c9","experience","7",2,18,18,-2.05555555555555,-3.16666666666667,-2.61111111111111
"experience.66fcd1c4584eed5dbd49859c","experience","3",2,18,15,3.27777777777778,2,2.63888888888889
"experience.66fcd1c4584eed5dbd49859c","experience","5",2,18,16,4.77777777777778,1.375,3.07638888888889
"experience.66fcd1c4584eed5dbd49859c","experience","7",2,21,12,6.52380952380952,0.916666666666667,3.7202380952381
"experience.6716283de5fe806da4523e16","experience","3",2,16,18,0.75,-3.27777777777778,-1.26388888888889
"experience.6716283de5fe806da4523e16","experience","5",2,21,12,6,-4.08333333333333,0.958333333333333
"experience.6716283de5fe806da4523e16","experience","7",2,20,15,5.45,-5.33333333333333,0.0583333333333336
"experience.67352889b3b5e7bc6bb4981b","experience","5",2,13,6,3.61538461538462,2.66666666666667,3.14102564102564
"experience.675758f40df8b09c8aa98ad0","experience","3",2,20,15,-0.1,-0.533333333333333,-0.316666666666667
"experience.675758f40df8b09c8aa98ad0","experience","5",2,20,12,1.1,0.833333333333333,0.966666666666667
"experience.675758f40df8b09c8aa98ad0","experience","7",2,19,19,3.26315789473684,0.473684210526316,1.86842105263158
"experience.67df65cf111af9caf43e00a5","experience","3",2,18,15,-0.555555555555555,-5.66666666666667,-3.11111111111111
"experience.67df65cf111af9caf43e00a5","experience","5",2,22,15,-1.22727272727273,-1.8,-1.51363636363636
"experience.67df65cf111af9caf43e00a5","experience","7",2,19,13,1.63157894736842,-2.30769230769231,-0.338056680161944
"experience.68dc82cf2d34a90250ee5972","experience","3",2,23,11,-1.69565217391304,-0.181818181818182,-0.938735177865613
"experience.68dc82cf2d34a90250ee5972","experience","5",2,19,20,-1.05263157894737,0.0999999999999999,-0.476315789473684
"experience.68dc82cf2d34a90250ee5972","experience","7",2,12,14,0.333333333333333,-2.78571428571429,-1.22619047619048
"experience.697ed59824964096e537d7d3","experience","3",2,20,10,-2.1,2.7,0.3
"experience.697ed59824964096e537d7d3","experience","5",2,18,19,-0.833333333333334,5.63157894736842,2.39912280701754
"experience.697ed59824964096e537d7d3","experience","7",2,18,15,-1.83333333333333,4.53333333333333,1.35
"experience.698ce63b43f959c040a1a38c","experience","3",2,24,15,2.58333333333333,-2.8,-0.108333333333333
"experience.698ce63b43f959c040a1a38c","experience","5",2,19,11,1.31578947368421,-1.90909090909091,-0.296650717703349
"experience.698ce63b43f959c040a1a38c","experience","7",2,17,16,8.52941176470588,-0.8125,3.85845588235294
"experience.698e495c1fc8060e7080c7b9","experience","3",2,23,10,-3.95652173913044,2.1,-0.928260869565218
"experience.698e495c1fc8060e7080c7b9","experience","5",2,21,17,-4.52380952380952,-2.23529411764706,-3.37955182072829
"experience.698e495c1fc8060e7080c7b9","experience","7",2,12,18,3.33333333333333,-3.16666666666667,0.0833333333333333
"experience.699085db00ce46f1d7f46540","experience","3",2,21,18,-0.904761904761904,-3,-1.95238095238095
"experience.699085db00ce46f1d7f46540","experience","5",2,22,12,-1.63636363636364,-0.5,-1.06818181818182
"experience.699085db00ce46f1d7f46540","experience","7",2,16,15,-1.6875,-1.6,-1.64375
"experience.6995ebe917abe5d36a3b17e0","experience","3",2,25,11,-1.4,-5.36363636363636,-3.38181818181818
"experience.6995ebe917abe5d36a3b17e0","experience","5",2,24,11,-0.0833333333333334,-3.36363636363636,-1.72348484848485
"experience.6995ebe917abe5d36a3b17e0","experience","7",2,11,24,1.63636363636364,-4.29166666666667,-1.32765151515151
"experience.6997463b53dc974a895c3f7d","experience","3",2,27,16,-0.0740740740740742,0.125,0.0254629629629629
"experience.6997463b53dc974a895c3f7d","experience","5",2,23,5,3.39130434782609,3.8,3.59565217391304
"experience.6997463b53dc974a895c3f7d","experience","7",2,10,24,0.5,2.66666666666667,1.58333333333333
"experience.69ab40ce103bf88603a63252","experience","3",2,27,15,-7.22222222222222,-6.53333333333333,-6.87777777777778
"experience.69ab40ce103bf88603a63252","experience","5",2,8,16,0.75,-7.75,-3.5
"experience.69ab40ce103bf88603a63252","experience","7",2,18,15,0.388888888888888,-9.26666666666667,-4.43888888888889
"experience.69adbd35d535ed1bd0cdce42","experience","3",2,18,11,1.66666666666667,5.09090909090909,3.37878787878788
"experience.69adbd35d535ed1bd0cdce42","experience","5",2,17,16,3.35294117647059,2.625,2.98897058823529
"experience.69adbd35d535ed1bd0cdce42","experience","7",2,24,17,2.625,-3.05882352941176,-0.216911764705882
"experience.69b9a9800190f414ab589c05","experience","3",2,19,17,-3.21052631578947,-3.47058823529412,-3.3405572755418
"experience.69b9a9800190f414ab589c05","experience","5",2,16,18,0,0.444444444444445,0.222222222222222
"experience.69b9a9800190f414ab589c05","experience","7",2,24,11,-0.875,-2,-1.4375
"experience.69b9bede6c5d94595aa6f31f","experience","3",2,22,15,-3.77272727272727,-2.2,-2.98636363636364
"experience.69b9bede6c5d94595aa6f31f","experience","5",2,14,19,-2.35714285714286,-2.52631578947368,-2.44172932330827
"experience.69b9bede6c5d94595aa6f31f","experience","7",2,24,11,0.916666666666667,-1.63636363636364,-0.359848484848485
"experience.69bf4d1a17c6fd5e56da4309","experience","3",2,20,16,-2.25,2.75,0.25
"experience.69bf4d1a17c6fd5e56da4309","experience","5",2,20,15,-1.35,2.2,0.425
"experience.69bf4d1a17c6fd5e56da4309","experience","7",2,17,15,0.0588235294117649,5.73333333333333,2.89607843137255
