"participant_id","condition","variance_level","n_trials","mean_abs_resp","mean_abs_obj","ratio"
"average.55b5f6b6fdf99b713277dc94","average","3",13,13.7773668639053,7.81915680473373,0.567536371933215
"average.55b5f6b6fdf99b713277dc94","average","5",10,11.7211538461538,8,0.682526661197703
"average.55b5f6b6fdf99b713277dc94","average","7",6,11.8333333333333,7.61698717948718,0.643689057421452
"average.58ed2be2a083320001a13783","average","3",11,14.4576496674058,9.03148558758315,0.6246856021103
"average.58ed2be2a083320001a13783","average","5",7,11.2397212543554,8.49268292682927,0.755595511191022
"average.58ed2be2a083320001a13783","average","7",9,13.0037940379404,8.14959349593496,0.626708902967656
"average.5d27dc6b46dea800184f8bfa","average","3",3,12.9142857142857,7.76190476190476,0.601032448377581
"average.5d27dc6b46dea800184f8bfa","average","5",7,11.1061224489796,6.26530612244898,0.564130834252113
"average.5d27dc6b46dea800184f8bfa","average","7",5,12.6457142857143,4.77142857142857,0.377315860822413
"average.5eb278ce4602871c6d7e335d","average","3",23,13.9983515351329,7.50566659798063,0.536182176818677
"average.5eb278ce4602871c6d7e335d","average","5",21,12.6208530805687,8.11284134506883,0.642812438531552
"average.5eb278ce4602871c6d7e335d","average","7",9,11.7735650342285,6.5144813059505,0.55331424993291
"average.5f0a7dec44c42c19a6c9f6d9","average","3",14,13.4597585513078,7.13682092555332,0.530233948725615
"average.5f0a7dec44c42c19a6c9f6d9","average","5",22,12.8181818181818,7.18181818181818,0.560283687943262
"average.5f0a7dec44c42c19a6c9f6d9","average","7",28,12.2634138162307,7.26391683433937,0.592324204596727
"average.5f3898caed1478189b8462a0","average","3",15,12.5870855148342,7.98778359511344,0.634601519605124
"average.5f3898caed1478189b8462a0","average","5",13,11.7229158276279,8.59444220700765,0.733131785076268
"average.5f3898caed1478189b8462a0","average","7",9,11.0366492146597,7.76439790575916,0.703510436432638
"average.5f9fdfd04296cb0102563f84","average","3",6,12.5095238095238,6.2984126984127,0.503489404897856
"average.5f9fdfd04296cb0102563f84","average","5",15,12.4761904761905,7.5984126984127,0.609033078880407
"average.5f9fdfd04296cb0102563f84","average","7",20,12.6914285714286,6.99190476190476,0.55091550352694
"average.606f9bca353fc36aba9ccb8b","average","3",12,13.4791666666667,6.99839743589744,0.51920104624896
"average.606f9bca353fc36aba9ccb8b","average","5",13,12.0865384615385,6.03772189349112,0.499541031760602
"average.606f9bca353fc36aba9ccb8b","average","7",25,12.765,7.13884615384615,0.559251559251559
"average.61fa94015719bc09cb834e2e","average","3",13,13.6623329721921,9.41422896352474,0.68906452380323
"average.61fa94015719bc09cb834e2e","average","5",9,13.1298904538341,9.31611893583725,0.70953516090584
"average.61fa94015719bc09cb834e2e","average","7",13,11.9790538100397,8.71578187071145,0.727585167319867
"average.620bdd10a922fc3f247f6b6b","average","3",4,11.3301435406699,9.31578947368421,0.822212837837838
"average.620bdd10a922fc3f247f6b6b","average","5",1,10.6602870813397,10.6315789473684,0.997307001795332
"average.620bdd10a922fc3f247f6b6b","average","7",5,10.6038277511962,9.62105263157895,0.907318834040249
"average.63d40c3695dd423166c7c83d","average","3",11,13.9100428367444,7.11137553545931,0.511240376390077
"average.63d40c3695dd423166c7c83d","average","5",14,12.1114435302917,8.13724756918474,0.671864385845736
"average.63d40c3695dd423166c7c83d","average","7",28,12.4956993268512,7.04412864622289,0.563724243195116
"average.63e55e08efd239a8c8b9d39e","average","3",24,14.9423076923077,7.72996794871795,0.517320892320892
"average.63e55e08efd239a8c8b9d39e","average","5",24,14.2916666666667,6.95833333333333,0.486880466472303
"average.63e55e08efd239a8c8b9d39e","average","7",16,12.8990384615385,6.9375,0.537830786433097
"average.63fa812428f289c772131458","average","3",32,15.6617822966507,6.7194976076555,0.429037863021022
"average.63fa812428f289c772131458","average","5",27,13.3420166578061,5.58266879319511,0.418427658754931
"average.63fa812428f289c772131458","average","7",25,13.1435406698565,6.35023923444976,0.483145249362941
"average.65dfbf73ec3a047b5653add8","average","3",8,12.322966507177,7.82715311004785,0.635167928557562
"average.65dfbf73ec3a047b5653add8","average","5",12,11.8935406698565,8.70095693779904,0.731569948707633
"average.65dfbf73ec3a047b5653add8","average","7",10,11.8277511961722,8.55885167464115,0.723624595469256
"average.65ebbd5d9188410923b21986","average","3",14,13.0100133511348,8.39252336448598,0.645081841038535
"average.65ebbd5d9188410923b21986","average","5",19,11.8986719134284,7.79636005902607,0.655229433650269
"average.65ebbd5d9188410923b21986","average","7",13,11.7088425593098,7.12508986340762,0.608522134217474
"average.66295cf0dbecaeeb1cddb852","average","3",14,14.1940700808625,8.25202156334232,0.581371059627801
"average.66295cf0dbecaeeb1cddb852","average","5",14,12.688679245283,9.12398921832884,0.719065321295805
"average.66295cf0dbecaeeb1cddb852","average","7",18,11.6802935010482,6.92085953878407,0.592524454814682
"average.66c0f464e0ff62798027b486","average","3",16,13.1102053140097,6.25,0.476727850579213
"average.66c0f464e0ff62798027b486","average","5",14,12.8909592822636,7.09937888198758,0.550725413566037
"average.66c0f464e0ff62798027b486","average","7",18,12.931293612453,6.14492753623188,0.47519820679922
"average.66e89b61d7709ff7f27a76be","average","3",8,12.5966981132075,6.73349056603774,0.534544092866505
"average.66e89b61d7709ff7f27a76be","average","5",2,12.2216981132075,6.85849056603774,0.561173292165187
"average.66f0c81ea46a554aeb92cd04","average","3",3,16.2393162393162,7.78974358974359,0.479684210526316
"average.66f0c81ea46a554aeb92cd04","average","5",5,11.2564102564103,9.92615384615385,0.881822323462415
"average.66f0c81ea46a554aeb92cd04","average","7",7,11.8168498168498,6.90989010989011,0.584748915065096
"average.6711ee336b91eb0fcf53841f","average","3",22,13.1984478935698,7.74257206208426,0.586627467450651
"average.6711ee336b91eb0fcf53841f","average","5",14,12.7595818815331,6.97595818815331,0.546723102129984
"average.6711ee336b91eb0fcf53841f","average","7",15,12.6455284552846,8.17788617886179,0.646701813038447
"average.67265982eb0c3fc495c6e33a","average","3",7,14.6224982746722,8.1808143547274,0.559467623182934
"average.67265982eb0c3fc495c6e33a","average","5",9,11.3934514224369,7.4020397208803,0.64967492697635
"average.67265982eb0c3fc495c6e33a","average","7",12,11.0680354267311,6.58333333333333,0.594805950605609
"average.672a8544e38b571bd7d4fb71","average","3",6,10.9276729559748,9.12578616352201,0.835107913669065
"average.672a8544e38b571bd7d4fb71","average","5",3,11.5471698113208,9.89622641509434,0.85702614379085
"average.672a8544e38b571bd7d4fb71","average","7",2,11.5,10,0.869565217391304
"average.67382e41c232d1004b052fc4","average","3",5,12.4218009478673,8.58293838862559,0.690957649752003
"average.67382e41c232d1004b052fc4","average","5",8,12,7.75,0.645833333333333
"average.67382e41c232d1004b052fc4","average","7",3,10.911532385466,9.41706161137441,0.863037498190242
"average.673feeafa80a279f5cc63e33","average","3",23,14.9868909766222,7.40375792003496,0.494015598804578
"average.673feeafa80a279f5cc63e33","average","5",20,13.0595477386935,7.03592964824121,0.538757527367874
"average.673feeafa80a279f5cc63e33","average","7",28,13.6643933955492,7.55096913137114,0.552601854527306
"average.696a97da7648c7e49fa8eb36","average","3",19,13.2047892242454,7.53180344225493,0.570384223053383
"average.696a97da7648c7e49fa8eb36","average","5",20,13.0609004739336,6.58957345971564,0.5045267340385
"average.696a97da7648c7e49fa8eb36","average","7",22,12.2154243860405,7.00883239982766,0.573769046275395
"average.6980f50102e1cb37d5b3464a","average","3",6,12.2106918238994,8.7122641509434,0.713494720576874
"average.6980f50102e1cb37d5b3464a","average","5",9,11.4297693920335,8.15146750524109,0.713178650036684
"average.6980f50102e1cb37d5b3464a","average","7",8,11.25,8.125,0.722222222222222
"average.69854f587004c7ca1ef67ab5","average","3",13,11.7197802197802,6.06483516483516,0.517487107360525
"average.69854f587004c7ca1ef67ab5","average","5",10,12.3428571428571,7.77714285714286,0.630092592592593
"average.69854f587004c7ca1ef67ab5","average","7",6,11.2619047619048,8.7047619047619,0.772938689217759
"average.69864918d688ba39aab5c4a9","average","3",14,13.5485436893204,7.47295423023578,0.55156881813994
"average.69864918d688ba39aab5c4a9","average","5",7,11.618585298197,6.83495145631068,0.58827742628626
"average.69864918d688ba39aab5c4a9","average","7",6,11.5,6.61488673139159,0.575207541860138
"average.698a3d827015c99ab3f87957","average","3",2,11.2344497607655,4.72727272727273,0.420783645655877
"average.698a3d827015c99ab3f87957","average","5",6,11.177033492823,8.34848484848485,0.746932077625571
"average.698a3d827015c99ab3f87957","average","7",1,9.76555023923445,3.27272727272727,0.335129838314552
"average.699288bfa36a91c33ada5723","average","3",12,13.7424960505529,7.6563981042654,0.55713300379354
"average.699288bfa36a91c33ada5723","average","5",9,12.1858873091101,7.68931016324381,0.631001253186984
"average.699288bfa36a91c33ada5723","average","7",3,10.0363349131122,6.08846761453396,0.606642531087675
"average.6998845b8b98b147215b19e5","average","3",15,12.6553990610329,9.12300469483568,0.720878468615522
"average.6998845b8b98b147215b19e5","average","5",8,12.6619718309859,8.44014084507042,0.666573971078977
"average.6998845b8b98b147215b19e5","average","7",9,10.829420970266,8.07511737089202,0.745664739884393
"average.699f3d1a77d51612aeaf5766","average","3",18,16.0545023696682,9.06213796735124,0.564460844608446
"average.699f3d1a77d51612aeaf5766","average","5",13,12.2683193583668,7.55377324097703,0.615713776298585
"average.699f3d1a77d51612aeaf5766","average","7",15,12.3014218009479,7.0827804107425,0.575769250526532
"average.699fc622b54af00bf1380eba","average","3",24,15.8104265402844,8.15501579778831,0.51579986011191
"average.699fc622b54af00bf1380eba","average","5",15,12.5816745655608,8.02401263823065,0.637753948921423
"average.699fc622b54af00bf1380eba","average","7",23,13.0684112919843,8.49206676282712,0.6498163069015
"average.69a30af34cf4575fd785090b","average","3",24,15.6901658767773,7.15462085308057,0.455993958844629
"average.69a30af34cf4575fd785090b","average","5",26,12.8093328472475,7.6042654028436,0.593650387067395
"average.69a30af34cf4575fd785090b","average","7",25,13.1495734597156,6.50710900473934,0.494853237990889
"average.69a4b67351c86f1665010c28","average","3",7,12.2426417803302,7.35463029432879,0.600738829600094
"average.69a4b67351c86f1665010c28","average","5",11,12.2640475102787,8.68661489264504,0.708299187960963
"average.69a4b67351c86f1665010c28","average","7",9,10.8782802903406,5.8391959798995,0.536775650567161
"average.69a54b53983c2fc21935a276","average","3",29,15.4802231237323,5.74036511156187,0.370819274740394
"average.69a54b53983c2fc21935a276","average","5",36,14.5751633986928,5.99019607843137,0.410986547085202
"average.69a54b53983c2fc21935a276","average","7",34,13.3910034602076,7.1280276816609,0.532299741602067
"average.69aa203bc67c0093e96b9875","average","3",13,13.5435175153485,8.43625857710365,0.622900111994027
"average.69aa203bc67c0093e96b9875","average","5",18,12.7704747000522,8.09207094418362,0.633654670969323
"average.69aa203bc67c0093e96b9875","average","7",19,11.9896219421794,7.42031134173462,0.618894522072462
"average.69ac80094c5494db959077d6","average","3",4,11.8562801932367,8.39734299516908,0.708261179586432
"average.69ac80094c5494db959077d6","average","5",3,11.1062801932367,9.31400966183575,0.838625489343193
"average.69ac80094c5494db959077d6","average","7",4,10.8937198067633,6.35265700483092,0.583148558758315
"average.69acffd5ce1304cfa474a22f","average","3",15,16.0775641025641,8.44198717948718,0.525078744866632
"average.69acffd5ce1304cfa474a22f","average","5",15,12.0557692307692,6.77532051282051,0.561998192162493
"average.69acffd5ce1304cfa474a22f","average","7",11,11.8033216783217,7.4881993006993,0.634414574538991
"average.69af386aa115c4cb66894fb8","average","3",11,13.3760330578512,6.70661157024793,0.501390176088971
"average.69af386aa115c4cb66894fb8","average","5",14,14.0844155844156,5.92207792207792,0.420470262793914
"average.69af386aa115c4cb66894fb8","average","7",11,14.9628099173554,6.83884297520661,0.457056061861364
"average.69b4b502fec38544c443c643","average","3",7,13.6466165413534,7.73547505126452,0.566841973453544
"average.69b4b502fec38544c443c643","average","5",11,11.8277511961722,8.29360591561549,0.701198882024125
"average.69b4b502fec38544c443c643","average","7",7,10.4135338345865,7.82433356117567,0.751361995405317
"average.69b702926fc53d9dd8eeaa52","average","3",8,14.125,7.75,0.548672566371681
"average.69b702926fc53d9dd8eeaa52","average","5",11,13.6595197255575,8.07890222984563,0.591448483706913
"average.69b702926fc53d9dd8eeaa52","average","7",12,11.9591194968553,8.56132075471698,0.715882198264528
"average.69b885c83f7ae2b8458c6624","average","3",26,14.11852433281,7.42386185243328,0.525824206371268
"average.69b885c83f7ae2b8458c6624","average","5",32,13.8724489795918,5.77997448979592,0.416651342405296
"average.69b885c83f7ae2b8458c6624","average","7",34,14.3688475390156,6.14885954381753,0.427929903711594
"average.69b8c2e2a791bd09e0041dd7","average","3",17,14.2319327731092,5.80084033613445,0.407593292394898
"average.69b8c2e2a791bd09e0041dd7","average","5",14,13.1265306122449,6.3734693877551,0.48554104477612
"average.69b8c2e2a791bd09e0041dd7","average","7",23,13.3652173913043,5.52277432712215,0.413219939895281
"average.69b9174a05fa2db6d0a8b4ff","average","3",21,13.6761904761905,6.49818594104308,0.475145907945351
"average.69b9174a05fa2db6d0a8b4ff","average","5",23,13.0608695652174,5.97536231884058,0.457501109631602
"average.69b9174a05fa2db6d0a8b4ff","average","7",14,13.1571428571429,4.92857142857143,0.374592833876222
"average.69bb5d0e58b8b38af6ea30eb","average","3",11,12.9393939393939,7.57142857142857,0.585145533623285
"average.69bb5d0e58b8b38af6ea30eb","average","5",10,12.44,7.85428571428571,0.631373449701424
"average.69bb5d0e58b8b38af6ea30eb","average","7",10,12.1866666666667,6.15142857142857,0.504767114723351
"average.69bc4a5a75e354d36da3b4df","average","3",14,15.4855769230769,7.40041208791209,0.477890628464984
"average.69bc4a5a75e354d36da3b4df","average","5",17,12.8255090497738,7.44711538461539,0.580648717779101
"average.69bc4a5a75e354d36da3b4df","average","7",16,12.8209134615385,5.72475961538461,0.44651729633449
"average.69bdd52e962f286c3349b154","average","3",8,12.436320754717,7.1627358490566,0.575952967949934
"average.69bdd52e962f286c3349b154","average","5",6,11.7704402515723,9.09591194968553,0.772775848250067
"average.69bdd52e962f286c3349b154","average","7",7,11.2762803234501,6.75539083557951,0.599079717939524
"average.69c07518ef8c7765906f4e89","average","3",11,13.0096153846154,8.77316433566433,0.67436000806289
"average.69c07518ef8c7765906f4e89","average","5",10,11.8596153846154,8.33269230769231,0.70261066969353
"average.69c07518ef8c7765906f4e89","average","7",10,13.1788461538462,8.43269230769231,0.639865752225303
"average.69c19681729c357296460f3d","average","3",28,13.5044008124577,7.83090724441435,0.579878171061867
"average.69c19681729c357296460f3d","average","5",20,13.4125592417062,7.80781990521327,0.582127524248688
"average.69c19681729c357296460f3d","average","7",25,12.7126066350711,7.22407582938389,0.568260785278635
"average.69c1aaedff8c0b25b7df1d32","average","3",22,14.771660264618,8.0689287238583,0.546243860156024
"average.69c1aaedff8c0b25b7df1d32","average","5",31,14.092836589429,7.75208238679388,0.550072537746494
"average.69c1aaedff8c0b25b7df1d32","average","7",22,11.8414425949637,7.80644472897994,0.659247778839049
"experience.558955ebfdf99b6bd06016c9","experience","3",20,14.8680952380952,9.26761904761905,0.623322550683791
"experience.558955ebfdf99b6bd06016c9","experience","5",14,14.0714285714286,7.57142857142857,0.538071065989848
"experience.558955ebfdf99b6bd06016c9","experience","7",8,12.4261904761905,7.2702380952381,0.585073768921249
"experience.56c79f6cc41c43000c0886b0","experience","3",12,13.7330173775671,8.52883096366509,0.621045668929023
"experience.56c79f6cc41c43000c0886b0","experience","5",16,13,6.97837677725119,0.536798213634707
"experience.56c79f6cc41c43000c0886b0","experience","7",12,11.3503159557662,7.83333333333333,0.690142315320644
"experience.5711c09d28742b0011c585be","experience","3",4,13.25,8.5,0.641509433962264
"experience.5711c09d28742b0011c585be","experience","5",4,12,7.75,0.645833333333333
"experience.5711c09d28742b0011c585be","experience","7",4,12,10.5,0.875
"experience.5a5aabd3acc75b00017a5300","experience","3",3,12.1761904761905,4.42539682539682,0.363446747490549
"experience.5a5aabd3acc75b00017a5300","experience","5",6,11.9809523809524,7.24126984126984,0.604398516163222
"experience.5a5aabd3acc75b00017a5300","experience","7",10,13.9828571428571,5.9552380952381,0.425895654542978
"experience.5a792c898fe2dc0001058c3b","experience","3",30,15.5780410742496,7.05781990521327,0.453062093723697
"experience.5a792c898fe2dc0001058c3b","experience","5",20,13.1943127962085,7.3,0.55326867816092
"experience.5a792c898fe2dc0001058c3b","experience","7",20,13.7113744075829,7.22890995260664,0.527219937091701
"experience.5b0d1b8e444cef0001ca66ac","experience","3",11,13.2722964239552,8.48255062473072,0.639117026456744
"experience.5b0d1b8e444cef0001ca66ac","experience","5",13,13.2289464090412,6.70433831571272,0.506793066387412
"experience.5b0d1b8e444cef0001ca66ac","experience","7",8,12.875,6.625,0.514563106796116
"experience.5bb58e338f3bd70001e5df57","experience","3",18,15.3709847288046,7.82938388625592,0.509361242912691
"experience.5bb58e338f3bd70001e5df57","experience","5",21,11.8352516361995,5.62288422477996,0.475096296861294
"experience.5bb58e338f3bd70001e5df57","experience","7",13,13.4199781261393,5.41414509660955,0.403439189372742
"experience.5c223d4a4a7e1f000137e5b9","experience","3",24,15.375,7.20833333333333,0.468834688346884
"experience.5c223d4a4a7e1f000137e5b9","experience","5",19,14.2333664349553,7.45953326713009,0.524087769483011
"experience.5c223d4a4a7e1f000137e5b9","experience","7",19,12.6325719960278,7.22020854021847,0.571554909205251
"experience.5d0c46b3dff7d70019e6dda7","experience","3",7,13.8571428571429,8.14016172506739,0.587434351293523
"experience.5d0c46b3dff7d70019e6dda7","experience","5",11,11.9090909090909,8.00171526586621,0.671899755149071
"experience.5d0c46b3dff7d70019e6dda7","experience","7",12,12.4166666666667,7.52672955974843,0.606179561858934
"experience.5d4611bb3c5a360001b1bb59","experience","3",11,14.1971830985915,8.52752880921895,0.600649350649351
"experience.5d4611bb3c5a360001b1bb59","experience","5",12,12.2781690140845,7.71713615023474,0.628524997610171
"experience.5d4611bb3c5a360001b1bb59","experience","7",7,11.579476861167,7.32394366197183,0.63249348392702
"experience.5e991aaac7bc1615ea5b3eb8","experience","3",1,11.7033492822966,8.79904306220096,0.751839738348324
"experience.5e991aaac7bc1615ea5b3eb8","experience","5",5,13.022009569378,10.2794258373206,0.789388594944151
"experience.5e991aaac7bc1615ea5b3eb8","experience","7",3,11.7033492822966,8.46570972886762,0.723357863177978
"experience.5ebb96b6cd673a0008ace9ce","experience","5",3,11.588785046729,8.56853582554517,0.739381720430107
"experience.5ebb96b6cd673a0008ace9ce","experience","7",5,10.7401869158879,8.97663551401869,0.835798816568047
"experience.5f16f559325a640008bb9a07","experience","3",26,14.5118343195266,6.53402366863905,0.450254841997961
"experience.5f16f559325a640008bb9a07","experience","5",23,14.2495819397993,6.89360367892977,0.483775854481444
"experience.5f16f559325a640008bb9a07","experience","7",21,12.8759157509158,6.06341575091575,0.470911418512855
"experience.5fb809a247aaee22c2a204fc","experience","3",10,13.2914285714286,8.91333333333333,0.67060762396102
"experience.5fb809a247aaee22c2a204fc","experience","5",14,13.2857142857143,6.85238095238095,0.515770609318996
"experience.5fb809a247aaee22c2a204fc","experience","7",20,13.2271428571429,6.74666666666667,0.510062281743889
"experience.608f39d2c76e436967135846","experience","3",6,13.4691943127962,8.09162717219589,0.60075064508562
"experience.608f39d2c76e436967135846","experience","5",7,11.6560595802302,8.8178740690589,0.756505576208178
"experience.608f39d2c76e436967135846","experience","7",11,11.037052994399,6.0249892287807,0.5458874965843
"experience.610c83598db46d4d46de2c61","experience","3",18,14.2713675213675,8.85683760683761,0.620601886509957
"experience.610c83598db46d4d46de2c61","experience","5",11,12.4156468531469,7.41914335664336,0.59756398070898
"experience.610c83598db46d4d46de2c61","experience","7",5,10.5028846153846,6.86442307692308,0.653575025176234
"experience.6120602a67554358bbd53c9d","experience","3",16,14.4693396226415,8.16037735849057,0.5639771801141
"experience.6120602a67554358bbd53c9d","experience","5",3,14.2610062893082,6.32704402515723,0.443660418963616
"experience.6120602a67554358bbd53c9d","experience","7",5,11.0433962264151,9.80377358490566,0.887749871860584
"experience.6172cf92f2ea6613f717abb6","experience","3",9,12.572337962963,7.80671296296296,0.620943613348677
"experience.6172cf92f2ea6613f717abb6","experience","5",12,14.4340277777778,6.88020833333333,0.476665864806351
"experience.6172cf92f2ea6613f717abb6","experience","7",13,12.2800480769231,7.85977564102564,0.640044370493622
"experience.62e174454a461d00781acfe1","experience","3",17,14.1552601809955,8.33342760180996,0.588715961081254
"experience.62e174454a461d00781acfe1","experience","5",15,14.061858974359,6.83557692307692,0.486107628837782
"experience.62e174454a461d00781acfe1","experience","7",20,13.5572115384615,6.10336538461539,0.450193269264868
"experience.6329e23d509947bfd4c50ab3","experience","3",25,14.619336492891,7.74616113744076,0.529857229923363
"experience.6329e23d509947bfd4c50ab3","experience","5",20,12.3016587677725,7.2345971563981,0.588099320016181
"experience.6329e23d509947bfd4c50ab3","experience","7",13,12.4243528982865,8.02661319722931,0.646038732394366
"experience.63d92dacc885e6167a4a486c","experience","3",3,13.3333333333333,8.66666666666667,0.65
"experience.63d92dacc885e6167a4a486c","experience","5",5,11.9333333333333,9.13333333333333,0.76536312849162
"experience.63d92dacc885e6167a4a486c","experience","7",7,11.8571428571429,8.57142857142857,0.72289156626506
"experience.64badb09518eb5b219132eea","experience","3",30,15.5113744075829,7.81026856240126,0.50351879576726
"experience.64badb09518eb5b219132eea","experience","5",26,14.9803135253372,6.64199781261393,0.443381762429729
"experience.64badb09518eb5b219132eea","experience","7",13,14.1472839956252,8.17900109369304,0.578132247590579
"experience.65181c2f753b188afdddd2c4","experience","3",14,12.8764387271496,7.32024373730535,0.568499092988406
"experience.65181c2f753b188afdddd2c4","experience","5",11,11.8677294269711,7.51098664368807,0.632891631875113
"experience.65181c2f753b188afdddd2c4","experience","7",9,10.7983149025803,5.62822538177988,0.521213303423388
"experience.655f8b959477c803eb906622","experience","3",14,14.6428571428571,8.35714285714286,0.570731707317073
"experience.655f8b959477c803eb906622","experience","5",12,13.8380503144654,9.35770440251572,0.676229973866606
"experience.655f8b959477c803eb906622","experience","7",8,12.1179245283019,7.375,0.608602569093032
"experience.655fd05c12d38751dfa91559","experience","3",3,12.5825396825397,10.4444444444444,0.830074429166141
"experience.655fd05c12d38751dfa91559","experience","5",7,12.034693877551,8.85714285714286,0.735967441071731
"experience.655fd05c12d38751dfa91559","experience","7",8,11.4357142857143,8.125,0.710493441599001
"experience.6599b15ac5bd63ec64f8b1f5","experience","3",13,12.2770689026613,8.729128691214,0.711010808884666
"experience.6599b15ac5bd63ec64f8b1f5","experience","5",13,12.560335399198,7.52314983594604,0.598960903259513
"experience.6599b15ac5bd63ec64f8b1f5","experience","7",16,13.0284360189573,6.99259478672986,0.536717897417243
"experience.65cce024500351e8c8f7ff26","experience","3",12,12.2656494522692,8.70070422535211,0.70935536346528
"experience.65cce024500351e8c8f7ff26","experience","5",10,11.9046948356808,8.13521126760563,0.68336159640336
"experience.65cce024500351e8c8f7ff26","experience","7",7,12.411804158283,8.65995975855131,0.697719658489139
"experience.6639151df5e0ac5d59c17055","experience","3",18,16.0373931623932,6.52457264957265,0.406834987675705
"experience.6639151df5e0ac5d59c17055","experience","5",28,13.5477335164835,6.49210164835165,0.479202048110314
"experience.6639151df5e0ac5d59c17055","experience","7",20,13.8,6.7,0.485507246376812
"experience.6650ecda2657647b60a302eb","experience","3",17,13.1196266968326,7.1914592760181,0.548145114354077
"experience.6650ecda2657647b60a302eb","experience","5",16,13.2998798076923,7.78305288461539,0.585197234648231
"experience.6650ecda2657647b60a302eb","experience","7",13,12.3975591715976,6.86131656804734,0.553440921158607
"experience.66573c811d17794993965781","experience","3",12,16.1496840442338,8.78515007898894,0.543982783497591
"experience.66573c811d17794993965781","experience","5",21,14.5906116000903,7.85398329948093,0.538290204327853
"experience.66573c811d17794993965781","experience","7",19,13.7892242454477,8.18358692940883,0.593476963151897
"experience.66613916abcfcbe01b57b32a","experience","3",8,13.2964285714286,8.81309523809524,0.662816724863461
"experience.66613916abcfcbe01b57b32a","experience","5",4,13.75,5.5,0.4
"experience.66613916abcfcbe01b57b32a","experience","7",4,14.6857142857143,7.75238095238095,0.527885862516213
"experience.66789a1e138a59bb4ad16fa5","experience","3",5,15.6371428571429,8.77142857142857,0.560935501553079
"experience.66789a1e138a59bb4ad16fa5","experience","5",5,11.187619047619,5.27619047619048,0.471609772707925
"experience.66789a1e138a59bb4ad16fa5","experience","7",7,13.008843537415,7.12244897959184,0.547508236155415
"experience.66d8e14e71c04a7d23ff43c9","experience","3",12,13.9166666666667,9.16666666666667,0.658682634730539
"experience.66d8e14e71c04a7d23ff43c9","experience","5",15,14.355223880597,6.75621890547264,0.47064531780689
"experience.66d8e14e71c04a7d23ff43c9","experience","7",27,15.9793624470241,7.00110558319514,0.438134225092251
"experience.66fcd1c4584eed5dbd49859c","experience","3",2,12.3429951690821,5.73671497584541,0.464774951076321
"experience.66fcd1c4584eed5dbd49859c","experience","5",4,11.75,7.25,0.617021276595745
"experience.66fcd1c4584eed5dbd49859c","experience","7",5,12.1429951690821,7.83671497584541,0.645369191597708
"experience.6716283de5fe806da4523e16","experience","3",22,14.478888410168,6.72727272727273,0.46462632604782
"experience.6716283de5fe806da4523e16","experience","5",15,14.8511848341232,6.6739336492891,0.449387286188409
"experience.6716283de5fe806da4523e16","experience","7",24,13.8526856240126,7.19747235387046,0.519572344975053
"experience.67352889b3b5e7bc6bb4981b","experience","3",2,12.9423076923077,9.71153846153846,0.75037147102526
"experience.67352889b3b5e7bc6bb4981b","experience","5",4,12.0576923076923,3.14423076923077,0.260765550239235
"experience.67352889b3b5e7bc6bb4981b","experience","7",12,10.8814102564103,6.12179487179487,0.56259204712813
"experience.675758f40df8b09c8aa98ad0","experience","3",8,13.1702898550725,8.95229468599034,0.67973406694177
"experience.675758f40df8b09c8aa98ad0","experience","5",2,11.5,7.5,0.652173913043478
"experience.675758f40df8b09c8aa98ad0","experience","7",9,10.9243156199678,7.8545356951154,0.718995676100629
"experience.67df65cf111af9caf43e00a5","experience","3",33,15.0910527071665,6.8269424098808,0.452383444836742
"experience.67df65cf111af9caf43e00a5","experience","5",23,14.1825674840305,7.53204203585411,0.531077468472133
"experience.67df65cf111af9caf43e00a5","experience","7",28,13.4785037237644,5.98121191604604,0.443759339955545
"experience.68dc82cf2d34a90250ee5972","experience","3",13,15.2334348819497,8.26466108149276,0.542534309926755
"experience.68dc82cf2d34a90250ee5972","experience","5",16,14.9956683168317,8.31992574257426,0.55482193702802
"experience.68dc82cf2d34a90250ee5972","experience","7",17,15.6287128712871,5.64909726266744,0.36145633419665
"experience.697ed59824964096e537d7d3","experience","3",8,13.875,6.7171052631579,0.48411569464201
"experience.697ed59824964096e537d7d3","experience","5",19,13.5990934273483,7.00831024930748,0.515351283285804
"experience.697ed59824964096e537d7d3","experience","7",23,13.759309340545,6.22196796338673,0.452200601744757
"experience.698ce63b43f959c040a1a38c","experience","3",8,14.5,6.875,0.474137931034483
"experience.698ce63b43f959c040a1a38c","experience","5",16,13.2171052631579,7.78349282296651,0.588895425132359
"experience.698ce63b43f959c040a1a38c","experience","7",6,12.640350877193,7.811004784689,0.617942085672828
"experience.698e495c1fc8060e7080c7b9","experience","3",16,14.4148550724638,6.21739130434783,0.431318336056303
"experience.698e495c1fc8060e7080c7b9","experience","5",29,14.744127936032,6.81259370314843,0.462054706301054
"experience.698e495c1fc8060e7080c7b9","experience","7",24,13.2518115942029,7.02717391304348,0.53028024606972
"experience.699085db00ce46f1d7f46540","experience","3",13,14.4492596605273,7.79848320693391,0.539715071232192
"experience.699085db00ce46f1d7f46540","experience","5",16,13.4829812206573,7.20598591549296,0.534450489662677
"experience.699085db00ce46f1d7f46540","experience","7",25,13.1027230046948,7.10704225352113,0.542409562575245
"experience.6995ebe917abe5d36a3b17e0","experience","3",21,13.3863687655157,8.63349131121643,0.644946472224564
"experience.6995ebe917abe5d36a3b17e0","experience","5",17,12.6805129634792,8.67744633398383,0.684313509948335
"experience.6995ebe917abe5d36a3b17e0","experience","7",20,13.1931279620853,8.39834123222749,0.63656937584194
"experience.6997463b53dc974a895c3f7d","experience","3",15,14.2253968253968,8.04857142857143,0.565788886409284
"experience.6997463b53dc974a895c3f7d","experience","5",6,13.6269841269841,7.32857142857143,0.537798485730926
"experience.6997463b53dc974a895c3f7d","experience","7",12,12.9404761904762,6.87142857142857,0.531002759889604
"experience.69ab40ce103bf88603a63252","experience","3",38,19.4299516908213,6.96453089244851,0.358443036980816
"experience.69ab40ce103bf88603a63252","experience","5",38,15.8684210526316,4.97025171624714,0.313216526065326
"experience.69ab40ce103bf88603a63252","experience","7",32,17.0852958937198,7.02717391304348,0.411299514901964
"experience.69adbd35d535ed1bd0cdce42","experience","3",19,14.3832080200501,4.59774436090226,0.319660562128631
"experience.69adbd35d535ed1bd0cdce42","experience","5",16,13.3755952380952,5.375,0.401851274976637
"experience.69adbd35d535ed1bd0cdce42","experience","7",22,14.7502164502165,7.32034632034632,0.496287382971855
"experience.69b9a9800190f414ab589c05","experience","3",21,15.8805031446541,8.12690925426774,0.511753889674682
"experience.69b9a9800190f414ab589c05","experience","5",24,14.5408805031447,6.31957547169811,0.434607482698962
"experience.69b9a9800190f414ab589c05","experience","7",26,13.9245283018868,6.56458635703919,0.471440483635606
"experience.69b9bede6c5d94595aa6f31f","experience","3",24,14.5070754716981,8.12814465408805,0.560288300005419
"experience.69b9bede6c5d94595aa6f31f","experience","5",20,13.3561320754717,7.42216981132075,0.555712519865796
"experience.69b9bede6c5d94595aa6f31f","experience","7",16,12.6173349056604,8.47228773584906,0.671479975699799
"experience.69bf4d1a17c6fd5e56da4309","experience","3",7,13.6520847573479,8.43403964456596,0.617784008411355
"experience.69bf4d1a17c6fd5e56da4309","experience","5",14,12.8161312371839,7.37252221462748,0.575253333333333
"experience.69bf4d1a17c6fd5e56da4309","experience","7",14,13.2142857142857,7.15823650034176,0.541704383809647
